name,code,saqa_id,dep,aps,faculty,nqf,credits,desc,comments,school,url
Higher Certificate in Banking (98225),98225,84286,,15,Economic and Management Sciences,5,120,"Purpose statement:The primary purpose of the qualification, closely tied to the rationale, is to introduce learners to the field of banking. Qualifying learners will have a fundamental understanding of bank management theory and principles. This qualification is designed to enable learners to join the financial services sector at the entry level. 
","
Rules:
Students who have already passed BAN1503 in this qualification will retain the credit and will not
be required to complete SUS1501. Students should note that during the course of their studies they
would be required to have access to a computer, printer and the internet.
 
Some of the pre-requisites and/ or co-requisites outlined in this qualification may not apply as
they do not form part of the curriculum. Students do not need to register BNU1501 as a co-requisite
for QMI1500 in this qualification.
",,https://www.unisa.ac.za/sites/corporate/default/Register-to-study-through-Unisa/Undergraduate-&-honours-qualifications/Find-your-qualification-&-choose-your-modules/All-qualifications/Higher-Certificate-in-Banking-(98225)
Higher Certificate in Economic and Management Sciences (98237),98237,90677,,15,Economic and Management Sciences,5,120,"Purpose statement:The purpose of this qualification is to prepare learners who do not comply with the minimum statutory or institutional admission requirements, for access to Diploma and Degree studies in the Economic and Management Sciences. 

This qualification will introduce learners to elementary concepts and principles of Economics, Business Management and Accountancy. The qualification should also improve learners' basic proficiency in English, their general computer skills and their basic numeracy skills which are required for studies in the Economic and Management Sciences. 
","
Rules:Students should note that during the course of their studies they would be required to have access to a computer, a printer and the internet. It is recommended that students choose their modules as follows: Year modules: ECS1500; INF1505; Semester 1: BNU1501; BSM1501; ENG1503; FAC1501; Semester 2: CLA1501; QMI1500; FAC1502; SUS1501. The College has replaced ENG1512 with CLA1501, replaced EUP1501 with INF1505, replaced INM1501 with FAC1502, and ENN103F with ENG1503. Students who have already passed ENG1512, EUP1501, ENN103F and/or INM1501 in this qualification, will retain the credit(s) and will not be required to complete the relevant replacement module(s).",,https://www.unisa.ac.za/sites/corporate/default/Register-to-study-through-Unisa/Undergraduate-&-honours-qualifications/Find-your-qualification-&-choose-your-modules/All-qualifications/Higher-Certificate-in-Economic-and-Management-Sciences-(98237)
Higher Certificate in Marketing (98229),98229,84766,,15,Economic and Management Sciences,5,120,"Purpose statement:The primary purpose of this qualification is closely tied to the rationale for the qualification and serves to provide learners with a basic knowledge of the field of marketing as well as practical application of these principles based on a case study approach. 

This qualification provides qualifying learners with basic knowledge of the principles, theories, methods and techniques of the art and science of marketing. In addition it equips them to be able to apply these to be competitive in a South African employment context. 

The knowledge will be transferred in a practical way as far as possible. 
","
Rules:
The College has replaced EUP1501 with SUS1501 and replaced MNM1521 with BNU1501.
Students who have already passed EUP1501 and/or MNM1521 in this qualification, will retain
the credit(-s) and will not be required to complete the relevant replacement module (s). Students
should note that during the course of their studies they would be required to have access to a
computer, printer and the internet.
",,https://www.unisa.ac.za/sites/corporate/default/Register-to-study-through-Unisa/Undergraduate-&-honours-qualifications/Find-your-qualification-&-choose-your-modules/All-qualifications/Higher-Certificate-in-Marketing-(98229)
Higher Certificate in Retailing (90014),90014,94791,,15,Economic and Management Sciences,5,120,"Purpose statement:The purpose of the qualification is to equip learners with knowledge and skills to enter into a retailing environment and to be able to contribute immediately to store management. Successful learners will have a basic knowledge and understanding of all crucial aspects of managing a retail store including sales skills, merchandise buying and the management of human resources. 
","
Rules:
Students who have already passed MNM1523 in this qualification, will retain the credit and will not
be required to complete BNU1501. Students should note that during the course of their studies they
would be required to have access to a computer, printer and the internet.
",,https://www.unisa.ac.za/sites/corporate/default/Register-to-study-through-Unisa/Undergraduate-&-honours-qualifications/Find-your-qualification-&-choose-your-modules/All-qualifications/Higher-Certificate-in-Retailing-(90014)
Higher Certificate in Supervisory Management (90015),90015,94630,,15,Economic and Management Sciences,5,120,"Purpose statement:The purpose of this qualification is to prepare learners to operate and perform at an operational level in an organisation. This will include competencies and activities like planning, organising, leading and monitoring operations within a pre-set business plan. 

Upon completion of the qualification the learner will be able to apply fundamental business management principles, methodologies and techniques in order to identify and solve problems pertaining to the operational management activities in the organisations. They will also be able to provide leadership in the field of specialisation or request assistance in an appropriate manner as a team member for making the necessary preparations for establishing proper procedure for implementing operational management activities. Furthermore, the learner will be able to present and communicate information and opinions related to the field of operational management activities in the appropriate notation, using well-structured arguments, showing awareness of audience and using professional discourse appropriately. 
","
Rules:
Students should note that during the course of their studies they would be required to have access
to a computer, printer and the internet.
",,https://www.unisa.ac.za/sites/corporate/default/Register-to-study-through-Unisa/Undergraduate-&-honours-qualifications/Find-your-qualification-&-choose-your-modules/All-qualifications/Higher-Certificate-in-Supervisory-Management-(90015)
Higher Certificate in Tourism Management (98226),98226,101434,,15,Economic and Management Sciences,5,120,"Purpose statement:The primary purpose of the qualification which is closely tied to the rationale is to introduce learners to the tourism field. This qualification is designed to enable students to join the tourism industry sector at the entry level. This qualification will enable qualifying learners to: Have a fundamental understanding of tourism management theory and principles.
Perform basic duties under supervision in the field of tourism management, for instance, general front office duties, do travel bookings, and provide customer care in this context.
Understand how travel and tourism organisations gain competitive advantage to achieve their aims. Know the principles and benefits of good customer service in travel and tourism organisations. Be able to demonstrate the skills, qualities and behaviours needed for effective performance in the tourism workplace.

","
Rules:
Candidates are advised to register for the following modules in the first semester: ENN1504,
EUP1501, FAC1501, MNG1502 & IOP1502. Students who have already passed DTM1502 in this
qualification, will retain the credit and will not be required to complete SUS1501. Students should
note that during the course of their studies they would be required to have access to a computer,
printer and the internet.
 
Some of the pre-requisites and/ or co-requisites outlined in this qualification may not apply as
they do not form part of the curriculum.
",,https://www.unisa.ac.za/sites/corporate/default/Register-to-study-through-Unisa/Undergraduate-&-honours-qualifications/Find-your-qualification-&-choose-your-modules/All-qualifications/Higher-Certificate-in-Tourism-Management-(98226)
Diploma in Administrative Management (98216),98216,85146,,17,Economic and Management Sciences,6,360,"Purpose statement:The purpose of this qualification is to equip the qualifying student with the basic skills of administrative management to function effectively in an administrative or financial environment. This qualification is intended for persons who can function as junior and middle level managers in any organisation. 
","
Rules:
Students should note that during the course of their studies they would be required to have access
to a computer, printer and the internet.
 
Some of the pre-requisites and/ or co-requisites outlined in this qualification may not apply as
they do not form part of the curriculum
",,https://www.unisa.ac.za/sites/corporate/default/Register-to-study-through-Unisa/Undergraduate-&-honours-qualifications/Find-your-qualification-&-choose-your-modules/All-qualifications/Diploma-in-Administrative-Management-(98216)
Diploma in Explosives Management (98222),98222,101120,,17,Economic and Management Sciences,6,360,"Purpose statement:A person acquiring this qualification will be able to apply explosives technologies, apply quality management and safety systems in a cost-effective explosives production environment. A person with this qualification is able to supervise people in manufacturing, apply principles of quality control and quality assurance, act as team leader and manage changes in the organisation.   This qualification will contribute to the full development of the learner within explosive material manufacturing fraternity by providing recognition, further mobility and transportability within the chemical and related manufacturing fields.  The skills, knowledge and understanding demonstrated within this qualification are essential for social and economic transformation and contribute to the progression and economic growth within the manufacturing fraternity.   This qualification will allow a person to advance to learning such as B Tech: Explosives Management, NQF 7 or related qualifications.","
Rules:
Students should note that during the course of their studies they would be required to have access
to a computer, printer and the internet.
",,https://www.unisa.ac.za/sites/corporate/default/Register-to-study-through-Unisa/Undergraduate-&-honours-qualifications/Find-your-qualification-&-choose-your-modules/All-qualifications/Diploma-in-Explosives-Management-(98222)
Diploma in Human Resource Management (98211),98211,86348,,17,Economic and Management Sciences,6,360,"Purpose statement:The purpose of this qualification is to provide learners with the opportunity to acquire the applied competencies in the field of Human Resource Management that are required for registration with the South African Board for People Practitioners (SABPP) as a Human Resource/Employee Resource (HR/ER) Associate. The learners will be empowered to co-ordinate and contribute to the management of the core Human Resource Management functions in line with best practices and quality standards. This qualification lays a foundation for higher career advancement and further studies in the field of Human Resource Management. 

This qualification is aimed at learners who work within business environments, and seek recognition for essential people management skills and competence in operational Human Resource practice. It has been developed: 
- To promote efficiency in implementing legislative requirements and organisational policies and procedures in Human Resource functions. 
- Co-ordinate and contribute to the management of the core processes related to human resources management and practices. 
- Co-ordinate some of the human resources management processes and practices at operational level. 
- Promote best human resource management practices in an organisation to contribute to the monitoring of Health and Safety at the workplace and the implementation of wellness interventions. 
- Identify strengths and areas for improvement in own learning through self-reflection and reflection on organisational human resource management and practices. 

Qualified learners will be competent to perform all the functions of human resource management. 

","
Rules:
The College has replaced FAC1601 with SUS1501. Students who have already passed FAC1601 in this
 curriculum, will not be required to complete SUS1501. Students should note that during the course
 of their studies they would be required to have access to a computer, printer and the internet.
",,https://www.unisa.ac.za/sites/corporate/default/Register-to-study-through-Unisa/Undergraduate-&-honours-qualifications/Find-your-qualification-&-choose-your-modules/All-qualifications/Diploma-in-Human-Resource-Management-(98211)
Diploma in Local Government Finance (90083),90083,99281,,17,Economic and Management Sciences,6,360,"Purpose statement:The primary purpose of the qualification is for learners to demonstrate vocational knowledge and skills and to acquire applied competencies and the necessary attitudes in the field of Local Government Finance to become lifelong learners, employable workers and contributors to financial management in various institutions. A second purpose of the qualification is for those holding this Diploma in Local Government Finance to widen the vocational leadership and management base of innovative and practice-based local government financial management. A third purpose of the qualification is to enable diplomats in local government finance to become members of the Institute of Municipal Finance Officers (IMFO). 

This qualification lays the foundation for career advancement and further studies in the field of Local Government Finance. Upon completion of the Diploma in Local Government Finance, the learner would have been actively engaged in becoming a well-rounded, educated person, specifically prepared for further and more specific study and also for the work environment as an employer/manager in the financial section of a government entity. 

The qualification aims to develop financial management skills through strengthening their understanding of local government legislation and developing their financial reporting skills. The theoretical foundation will guide learners in the work environment to act at a functional level as Financial Managers. 
","
Rules:
Students should note that during the course of their studies they would be required to have access
to a computer, printer and the internet.
",,https://www.unisa.ac.za/sites/corporate/default/Register-to-study-through-Unisa/Undergraduate-&-honours-qualifications/Find-your-qualification-&-choose-your-modules/All-qualifications/Diploma-in-Local-Government-Finance-(90083)
Diploma in Marketing Management (98202),98202,83287,,17,Economic and Management Sciences,6,360,"Purpose statement:The purpose of the qualification is closely tied to the rationale for the programme and it serves to instil and broaden students' marketing knowledge, application of marketing knowledge and expertise. The qualification provides qualifying students with a broad based knowledge of the principles, major theories and thought schools, methods and technology of the science and profession of the field and equips them to co-ordinate and contribute to the management of the core marketing management functions in line with best practice and quality standards. This qualification lays a foundation for higher career advancement and further studies in the field of marketing management. 

The modules are specifically selected to ensure that students gain a basic understanding of the underlying marketing issues and principles in their first year; slightly more advanced knowledge combined with elementary practical application in the second year; and conclude with practical application of marketing theory in the third year where an applications approach is integrated in the curriculum. The third year modules are designed to equip students with the relevant skills and abilities. 
","
Rules:
Students should note that during the course of their studies they would be required to have access
to a computer, printer and the internet.
",,https://www.unisa.ac.za/sites/corporate/default/Register-to-study-through-Unisa/Undergraduate-&-honours-qualifications/Find-your-qualification-&-choose-your-modules/All-qualifications/Diploma-in-Marketing-Management-(98202)
Diploma in Operations Management (90183),90183,119068,,17,Economic and Management Sciences,6,360,"Purpose statement:The purpose of the Diploma in Operations Management is to allow qualifying learners to enter a formal entry-level qualification within the field of operations management. In this qualification, learners will explore strategies on how to manage aspects related to operations and supply chain in the manufacturing and services industries. Learners would be able to develop skills and competencies on how to ensure an organisation becomes more productive, efficient, and effective across the value chain as an Operations Manager.
The field of operations management is changing continually as economies change, and the qualifying graduate in this qualification will be able to advise middle to senior managers on issues relating to Capacity Planning, Forecasting, Quality, Process Analysis and Project Management. This is important to ensure the qualifying learners will be able to apply the theoretical constructs of operations management in real-life work situations through simulations and case studies. The labour-intensive nature of some industries and the various skills levels in Operations Management will provide employment opportunities for many South Africans with varying degrees of skills development. Learners will also be equipped with the necessary entrepreneurial skills to establish their own businesses.
","
Rules:
Students should note that during the course of their studies they would be required to have access
to a computer, printer and the internet.
",,https://www.unisa.ac.za/sites/corporate/default/Register-to-study-through-Unisa/Undergraduate-&-honours-qualifications/Find-your-qualification-&-choose-your-modules/All-qualifications/Diploma-in-Operations-Management-(90183)
Diploma in Public Administration and Management (98203),98203,83467,,17,Economic and Management Sciences,6,360,"Purpose statement:The primary purpose of the qualification is for learners to demonstrate vocational knowledge, skills, applied competence and the necessary attitudes in the field of public administration and management to become lifelong learners, employable workers and contributors to public administration in various institutions. A second purpose of the qualification is for learners in public administration to widen the vocational leadership and managerial base of innovative and practice-based public administration and management. 

Qualifying learners could follow a variety of careers within the Public Sector: 
- Financial Services. 
- Administration. 
- Management. 
- Human Resources Management. 
- Knowledge Management. 

","
Rules:
Students should note that during the course of their studies they would be required to have access
to a computer, printer and the internet.
",,https://www.unisa.ac.za/sites/corporate/default/Register-to-study-through-Unisa/Undergraduate-&-honours-qualifications/Find-your-qualification-&-choose-your-modules/All-qualifications/Diploma-in-Public-Administration-and-Management-(98203)
Diploma in Safety Management (90107),90107,105733,,17,Economic and Management Sciences,6,360,"Purpose statement:The purpose of this qualification is to prepare learners for management positions within the field of safety management. On completion, learners will be able to demonstrate vocational knowledge, skills and applied competence and the necessary attitudes in the field of safety management to become lifelong learners, employable workers and contributors to safety management in various institutions. The qualification is intended for persons who can function on an operational and tactical (functional) level.","
Rules:
Students should note that during the course of their studies they would be required to have access
to a computer, printer and the internet.
 
Some of the pre-requisites and/ or co-requisites outlined in this qualification may not apply as
they do not form part of the curriculum.
",,https://www.unisa.ac.za/sites/corporate/default/Register-to-study-through-Unisa/Undergraduate-&-honours-qualifications/Find-your-qualification-&-choose-your-modules/All-qualifications/Diploma-in-Safety-Management-(90107)
Diploma in Small Business Management (90073),90073,96443,,17,Economic and Management Sciences,6,360,"Purpose statement:This qualification will enable the qualifying learner to apply the necessary entrepreneurial and business skills and processes in order to start, establish and grow a business. The qualification is specifically designed for new and established small business owners and managers who wish to enhance their management knowledge with the latest thinking in small business management. The qualification equips entrepreneurs with essential business skills and to exploit the unique set of skills, knowledge and ideas to sell products and services.","
Rules:
Students should note that during the course of their studies they would be required to have access
to a computer, printer and the internet.
",,https://www.unisa.ac.za/sites/corporate/default/Register-to-study-through-Unisa/Undergraduate-&-honours-qualifications/Find-your-qualification-&-choose-your-modules/All-qualifications/Diploma-in-Small-Business-Management-(90073)
Diploma in Tourism Management (98223),98223,86247,,17,Economic and Management Sciences,6,360,"Purpose statement:The purpose of the Diploma: Tourism Management is to equip learners with generic business management expertise and appropriate practical skills within the context of the tourism industry. 

Qualifying learners will have a broad insight into tourism and a fundamental understanding of tourism management principles and theories. Those who achieve this qualification will be competent in consistently using a variety of technical, managerial and personal skills and strategies in the everyday running of a tourism enterprise. The successful learners will have developed a sound base for progression into management and industry leadership positions, and exploiting entrepreneurial opportunities. 

Lastly, the qualification is designed to allow qualifying learners to enter the tourism industry in a variety of both private and public sector tourism organisations, including, among others, hospitality, transport and support services. Furthermore, those who achieve this qualification will be able to manage tourism businesses, apply specialised industry knowledge and demonstrate initiative and responsibility in a professional or academic tourism management context. 
","
Rules:
The College has replaced ENN103F with ENG1503, replaced FAC1601 with FAC1602, replaced DTM1502 with
SUS1501, replaced DTM2602 with TRT2601, replaced DTM3702 with TRT3702, replaced MNM2601 with
MNM1601, replaced MNM3701 with MNM3709 and replaced DTM3606 + DTM3607 with DTM3609. The name of
module DTM3701 has changed from MICE Operations to Business Tourism. Students who have already
passed ENN103F, FAC1601, DTM1502, DTM2602, MNM2601, MNM3701, DTM3606 + DTM3607, DTM3701 and/or
DTM3702 in this qualification, will retain the credit(-s) and will not be required to complete the
relevant replacement module(-s). However, please note that DTM3606 and DTM3607 are replaced by one
module and students will need both these credits to be exempt from DTM3609. Students should note
that during the course of their studies they would be required to have access to a computer, printer
and the internet.
",,https://www.unisa.ac.za/sites/corporate/default/Register-to-study-through-Unisa/Undergraduate-&-honours-qualifications/Find-your-qualification-&-choose-your-modules/All-qualifications/Diploma-in-Tourism-Management-(98223)
National Diploma: Safety Management (NDSMN),NDSMN,62413,,17,Economic and Management Sciences,6,0,"Purpose statement:A qualified learner will have the competence to independently implement and manage a successful safety programme in a medium to big enterprise. The qualified learner will be able to register, given the fact that he complies to other set requirements, with the Board of Registration for Occupational Health, Safety and Associated Professionals, as an Occupational Safety Practitioner.","
Rules:
During the period that this qualification was offered, several curriculum amendments have been
effected. HRD1501 replaced SPPPRAC, HRM1501 replaced PEF131V, MNO1501 and MNO1502 replaced
SPP101S, MNO2603 and MNO2605 replaced SPP201S, FAC1501 and MNO3704 replaced FMA401V, and
ENG1503 replaced ENN103F. Students who have already passed the modules that were replaced, will
retain the credits and will not be required to complete the replacement module(-s). Students should
note that during the course of their studies they would be required to have access to a computer,
printer and the internet.
 
Some of the pre-requisites and/ or co-requisites outlined in this qualification may not apply as
they do not form part of the curriculum.
",,https://www.unisa.ac.za/sites/corporate/default/Register-to-study-through-Unisa/Undergraduate-&-honours-qualifications/Find-your-qualification-&-choose-your-modules/All-qualifications/National-Diploma:-Safety-Management-(NDSMN)
Advanced Diploma in Explosives Management (90124),90124,112563,,50,Economic and Management Sciences,7,120,"Purpose statement:The Advanced Diploma in Explosives Management is designed to integrate the technical know-how of explosives with managerial skills on a tactical level. The qualification ensures that learners will comply with and manage all regulatory competence requirements set by Occupational Health and Safety and Explosives legislation. Thus the learners will apply for certification as explosives managers or responsible persons. The qualifying learners will have the competence to apply explosives technologies, sound safety, health and environmental principles as well as management skills. These skills are appropriate for the cost-effective management of products and processes in an explosives related environment. 
","
Rules:
It is recommended that students choose their explosives management modules as follows:
Semester 1: EXC3701, EXC3702 Semester 2: EXP3704, EXP3705, TMA3702, TMA3703
 
Students should note that during the course of their studies they would be required to have access
to a computer, printer and the internet.
 
Some of the pre-requisites and/ or co-requisites outlined in this qualification may not apply as
they do not form part of the curriculum.
",,https://www.unisa.ac.za/sites/corporate/default/Register-to-study-through-Unisa/Undergraduate-&-honours-qualifications/Find-your-qualification-&-choose-your-modules/All-qualifications/Advanced-Diploma-in-Explosives-Management-(90124)
Advanced Diploma in Safety Management (90181),90181,118634,,50,Economic and Management Sciences,7,120,"Purpose statement:The primary purpose of this qualification is to provide a formal qualification for individuals who are interested in pursuing a specialized career in safety management and related aspects by connecting knowledge and skills related to advanced risk and incident management. The curriculum integrates knowledge and practical application by utilizing simulated work environment examples. This ensures that students are able to apply the concepts of toxicology, manufacturing and process safety and advanced safety auditing at a practical level in preparation for possible postgraduate study in the field of safety management. Students will be knowledgeable in the main theories relating to construction and mining safety, emergency planning and safety systems to ensure that they can apply this knowledge in an ethical manner that takes human behaviour into account. This advanced diploma also integrates the principles of entrepreneurship and intrapreneurship as an approach to safety project management. The curriculum is designed to provide entry-level vocational preparation for Bachelor's Degree graduates or diplomates by offering an intensive, focused and applied specialization that meets the requirements of professional bodies and industry in the safety management field.","
Rules:
Students should note that during the course of their studies they would be required to have access
 to a computer, printer and the internet.
",,https://www.unisa.ac.za/sites/corporate/default/Register-to-study-through-Unisa/Undergraduate-&-honours-qualifications/Find-your-qualification-&-choose-your-modules/All-qualifications/Advanced-Diploma-in-Safety-Management-(90181)
Advanced Diploma in Tourism Management (90118),90118,110422,,50,Economic and Management Sciences,7,120,"Purpose statement:The primary purpose of this qualification is to enable working tourism professionals to articulate across the higher education system and to assist learners with continued professional development in the field of Tourism. This qualification may enable a learner change in career path as it caters for a variety of module options to choose from according to their specific needs and circumstances. The selection of modules allows a learner to meet the requirements of the tourism labour market, e.g. in tourism development and management. This qualification aims to develop an understanding of the current theories and methodologies in the field of tourism management. 

This qualification serves to consolidate and deepen the learner's expertise in tourism. The qualification enables learners already employed to develop themselves more fully without too many interruptions in their lifestyles. Furthermore, it affords learners in rural areas the opportunity to continue their professional development. 

The qualification is suitable for learners who want to gain specialised knowledge in tourism and a better understanding of the tourism industry. This initiative will not only help in improving the local tourism industry, but also the country's economy. The learners will be equipped with advanced knowledge and various skills and competencies in tourism management that will improve their capacity to engage independently with complex theoretical concepts and problems related to the different sectors","
Rules:
The College has replaced MNM3715 with MNM3701. Students who have already passed MNM3715 in this
curriculum will retain credit and will not be required to complete MNM3701. Students should note
that during the course of their studies they would be required to have access to a computer, printer
and the internet.
 
Some of the pre-requisites and/ or co-requisites outlined in this qualification may not apply as
they do not form part of the curriculum.
",,https://www.unisa.ac.za/sites/corporate/default/Register-to-study-through-Unisa/Undergraduate-&-honours-qualifications/Find-your-qualification-&-choose-your-modules/All-qualifications/Advanced-Diploma-in-Tourism-Management-(90118)
Baccalaureus Technologiae: Safety Management (BTSMN),BTSMN,109478,,50,Economic and Management Sciences,7,0,"Purpose statement:A qualified learner will have the knowledge, skills and attitude to apply advanced problem solving to safety related problems, advise on safety in a big enterprise and manage the occupational health, safety and environmental programme in such an enterprise. The qualified learner will be able to register, given the fact that he/she complies to other set requirements, with the Board of Registration for Safety Health and Associated Professionals, as an Occupational Safety Professional.","
Rules:
Students should note that during the course of their studies they would be required to have access
to a computer, printer and the internet.
 
Some of the pre-requisites and/ or co-requisites outlined in this qualification may not apply as
they do not form part of the curriculum.
",,https://www.unisa.ac.za/sites/corporate/default/Register-to-study-through-Unisa/Undergraduate-&-honours-qualifications/Find-your-qualification-&-choose-your-modules/All-qualifications/Baccalaureus-Technologiae:-Safety-Management-(BTSMN)
Bachelor of Administration (98315 - BAD),98315,5553,,21,Economic and Management Sciences,7,360,"Purpose statement:The primary purpose of the qualification is to provide BAdmin graduates with the knowledge, specific skills, applied competence and the necessary attitudes in the fields of development and public administration to make them lifelong learners, employable workers/entrepreneurs and contributors to development and public administration in various public and civic contexts. 

A second purpose of the qualification is to provide South Africa (and other countries) with graduates in development and public administration to widen the leadership base of innovative and knowledge-based economic and scholarly activity. 

A further purpose of the qualification is to provide South Africa (and other countries) with people who can understand the constructive role they need to play as change agents in the field of development and public administration.","
Rules:
Electives may be chosen from the following disciplines: Level 1: Accounting, Business Management,
Marketing Management, Human Resource Management, Economics, Industrial and Organisational
Psychology, Quantitative Management, Transport Economics, Commercial Law, Information Systems,
Labour Law, Statistics, Administrative Law, Fundamental Rights, African Politics, Interpretation of
Statutes, Anthropology, Introduction for the Theory of Law, Constitutional Law and  Politics. Please
take note of any pre/co-requisites. Level 2:  Accounting, Business Management, Marketing Management,
Human Resource Management, Economics, Industrial and Organisational  Psychology, Quantitative
Management, Transport Economics, Commercial Law, Information Systems, Labour Law, Statistics Level
3: Accounting, Business Management, Marketing Management, Human  Resource Management, Economics,
Industrial and Organisational  Psychology, Quantitative Management, Transport Economics, Business
Ethics (PLS3701). Please take note of the pre/co-requisites. The College has replaced MNI3701 with
MNB3701, replaced PUB303G with PUB3703 or PUB3705, replaced PUB302F with PUB3702 or PUB3704,
replaced DVA1601 with DVA1502, replaced MNM2601 with MNM1601, replaced MNM2603 with MNM1501,
replaced MNM2608 with MNM2614, replaced MNM2609 with MNM2604, replaced MNM2602 with MNM2615 and
replaced RSK3701 with ISR3701. Module ILW1501 has been included as a compulsory module in the 1st
year and the number of electives has been reduced to three. ECS2607 has been removed from the
curriculum. Students who have already passed the modules that have been replaced (in this
qualification) will retain the credits and will not be required to complete the replacement modules.
 
Some of the pre-requisites and/ or co-requisites outlined in this qualification may not apply as
they do not form part of the curriculum.
",,https://www.unisa.ac.za/sites/corporate/default/Register-to-study-through-Unisa/Undergraduate-&-honours-qualifications/Find-your-qualification-&-choose-your-modules/All-qualifications/Bachelor-of-Administration-(98315-–-BAD)
Bachelor of Administration in Human Settlements Management (90016 - HSM),90016,94622,,21,Economic and Management Sciences,7,360,"Purpose statement:The purpose of the qualification is to educate human settlements practitioners of governments at national, provincial and municipal spheres and in public entities. Qualifying students will be able to work effectively in any human settlements environment but also specifically in any position in human settlements in the public sector. Qualifying students will be able to demonstrate knowledge, specific skills and applied competence within opportunities for continued personal intellectual growth, gainful economic activity and ethical conduct and leadership in the fields associated with public administration and human settlements management. 

This qualifying student will be able to perform public administrative functions and be able to apply the following: Perform public administration functions as a basis for managerial decisions for human settlements management. 
- Apply fundamental aspects, principles, and procedures of financial accounting. 
-  Manage policy implementation of human settlement projects adhering to compliance applicable to housing laws and regulations. 
- Perform Human recourse duties/responsibilities within the administration on human settlements. 
- Demonstrate an understanding of fundamental principles of ethics in a comparative multidisciplinary perspective. 
- Investigate the role that government plays in environmental affairs at national, provincial and local level. 

This qualification lays the foundation for career advancement and further studies in the fields of Public Administration and Human Settlements Management. Candidates that obtain this degree will also be able to contribute to the theory of human settlements management when they articulate to Higher Degrees or a Postgraduate Diploma in Public Administration. 

","
Rules:
The College has replaced EUP1501 with BNU1501, FAC1501 with QMI1500, and replaced MCL1501 with
PUB1511, and MCL2601 with PUB2614. Students that have completed EUP1501, FAC1501, MCL1501 and
MCL2601 in this qualification, will retain the credits and will not be required to complete the
replacement modules. Students should note that during the course of their studies they would be
required to have access to a computer, printer and the internet.
",,https://www.unisa.ac.za/sites/corporate/default/Register-to-study-through-Unisa/Undergraduate-&-honours-qualifications/Find-your-qualification-&-choose-your-modules/All-qualifications/Bachelor-of-Administration-in-Human-Settlements-Management-(90016-–-HSM)
Bachelor of Business Administration (98316 - BBA),98316,5561,,21,Economic and Management Sciences,7,360,"Purpose statement:The primary purpose of the qualification is to provide BBA graduates with the knowledge, specific skills and applied competence that provide opportunities for continued personal intellectual growth, gainful economic activity and valuable contributions to society (9); 
(a) by way of a liberal business education which may include elements of other sciences like the natural sciences, humanities, law, education, religion, etc; 
(b) by adding fields traditionally associated with business, commerce and industry to an existing and already completed degree like a Bachelor of Arts, Bachelor of Sciences, Bachelor of Laws, Bachelor of Theology, etc. 

The second purpose of the qualification is to provide South Africa (and other countries) with business leaders in all sectors of the economy. 

A further purpose of the qualification is to provide graduates with a self-sustaining understanding of the process whereby productive resources are mobilized and utilized with a view to being gainfully employed in serving the material needs of societies in a globalised world.","
Rules:
Electives may be chosen either from the College of Economic and Management Sciences or from other
colleges. Please take note of the pre/co-requisites. Please note that some curriculum changes have
been effected from 2014. Students that registered for this qualification code before 2014 will not
lose any credits for modules completed in the pre-2014 academic period. However, where credits have
not been completed successfully, students will be required to complete the credits as per the
amended curriculum. The College has replaced MNI3701 with MNB3701, replaced DVA1601 with DVA1502,
replaced MNM2601 with MNM1601 and replaced ENN103F with ENG1503. Students who have already passed
(in this curriculum) the modules that have been replaced, will retain the credits and will not be
required to complete the replacement modules. Students should note that during the course of their
studies they would be required to have access to a computer, printer and the internet.
 
Some of the pre-requisites and/ or co-requisites outlined in this qualification may not apply as
they do not form part of the curriculum.
",,https://www.unisa.ac.za/sites/corporate/default/Register-to-study-through-Unisa/Undergraduate-&-honours-qualifications/Find-your-qualification-&-choose-your-modules/All-qualifications/Bachelor-of-Business-Administration-(98316-–-BBA)
Bachelor of Commerce (98314 - GEN),98314,5563,,21,Economic and Management Sciences,7,360,"Purpose statement:The primary purpose of the qualification is to provide qualifiers with graduate-level knowledge, specific skills, applied competence and the necessary attitudes in the fields associated with commerce and industry that prepare them to be lifelong learners, employable workers/entrepreneurs and contributors to society and the business community. 

The second purpose of the qualification is to provide South Africa (and other countries) with functional managers at the middle management level in all sectors of the economy. 

A further purpose of the qualification is to provide graduates with a self-sustaining understanding of the process whereby productive resources are mobilised and utilized with a view to being gainfully employed in serving the material needs of society in a globalised world.","
Rules:
Students must select two majors; of which one of the following is compulsory: Business Management,
Financial Accounting or Economics. The curriculum requires that students complete 11 credits in Year
I (seven of which are compulsory as well as two groups of modules representing the two chosen
majors), 9 credits in Year II and 10 credits in Year III. Student who major with Financial
Accounting & Business Management must select any first level module from any other group in the
curriculum. Please note the following for YEAR II: Select 5 modules in your 1st major and 4 modules
in your 2nd major, taking into account the compulsory modules for each, as indicated below. Note
that your choice of electives may affect your options in Year III. The College has removed ECS2607
from the curriculum and replaced MNM2602 with MNM2615. Students who have already completed ECS2607
and MNM2602 in this curriculum will retain the credit. Please note the following for YEAR III:
Select 5 modules from each of the two majors. Please note that some curriculum changes have been
effected from 2014. Students that registered for this qualification code before 2014 will not lose
any credits for modules completed in the pre-2014 academic period. However, where credits have not
been completed successfully, students will be required to complete the credits as per the amended
curriculum. Students should note that during the course of their studies they would be required to
have access to a computer, printer and the internet.
 
Some of the pre-requisites and/ or co-requisites outlined in this qualification may not apply as
they do not form part of the curriculum.
",,https://www.unisa.ac.za/sites/corporate/default/Register-to-study-through-Unisa/Undergraduate-&-honours-qualifications/Find-your-qualification-&-choose-your-modules/All-qualifications/Bachelor-of-Commerce-(98314-–-GEN)
Bachelor of Commerce in Banking Banking (98317 - BAN),Banking,360,,84327,Economic and Management Sciences,98317 - BAN,7,"
Rules:
 Students will have until the end of 2024 to complete the qualification. Students who have already
 passed BAN1601 in this qualification, will retain the credit and will not be required to complete
 SUS1501. RSK3701 and RSK3702 has been replaced with ISR3701 and ISR3702. BAN3702 has been
 replaced with FIN3703. Students who have already passed, RSK3701, RSK3702 and BAN3702 in this
 qualification will retain the credit and will not be required to complete the replacement modules.
 Students should note that during the course of their studies they would be required to have access
 to a computer, printer and the internet.
",APS/AS:,,https://www.unisa.ac.za/sites/corporate/default/Register-to-study-through-Unisa/Undergraduate-&-honours-qualifications/Find-your-qualification-&-choose-your-modules/All-qualifications/Bachelor-of-Commerce-in-Banking-Banking-(98317-–-BAN)
Bachelor of Commerce in Business Informatics (98300 - BIS),98300,101104,,21,Economic and Management Sciences,7,360,"Purpose statement:This qualification aims to produce graduates who are able to provide for the current needs in the business workplace in areas such as systems analysis, database development and software systems design, enhancement, management and evaluation. 

Successful graduates will be able to demonstrate: 
- Professional and ethical responsibility in their roles within the economy and society. 
- Proficiency in innovative, scientific, economic and managerial activities. 
- Understanding of underlying concepts and principles of Business Information Systems and the ability to apply this in the workplace. 
- Ability to access and evaluate scientific information and apply a high level of skills including problem-solving, written and spoken communication. 
- Competence in applying knowledge through basic research methods and practice. 
- Gainful economic activity and valuable contributions to society in science and technology, through a business prism. 
- Competencies and skills in systems analysis and design, database design and implementation, interaction design and project management. 

Graduates with this qualification should be able to integrate knowledge and skills to provide South Africa and other countries with people who can make a constructive contribution to the world of business and who are empowered to play leadership roles in society. 

","
Rules:Students should note that during the course of their studies they would be required to have access to a computer, printer and the internet. Some of the pre-requisites and/ or co-requisites outlined in this qualification may not apply as they do not form part of the curriculum.",,https://www.unisa.ac.za/sites/corporate/default/Register-to-study-through-Unisa/Undergraduate-&-honours-qualifications/Find-your-qualification-&-choose-your-modules/All-qualifications/Bachelor-of-Commerce-in-Business-Informatics-(98300-–-BIS)
Bachelor of Commerce in Business Management (98310 - BSM),98310,101042,,21,Economic and Management Sciences,7,360,"Purpose statement:The primary purpose of the qualification is to provide qualifiers with graduate-level knowledge, specific skills, applied competence and the necessary attitudes in the fields associated with commerce and industry that prepare them to be lifelong learners, employable workers/entrepreneurs and contributors to society and the business community.   The second purpose of the qualification is to provide South Africa (and other countries) with functional managers at the middle management level in all sectors of the economy.   A further purpose of the qualification is to provide graduates with a self-sustaining understanding of the process whereby productive resources responsibly are mobilized, utilized, and managed with a view to being gainfully employed in serving the material needs of society in a globalised world.","
Rules:
The College has amended the curriculum as follows: replaced ENN1504 with SUS1501, replaced CLA1501
with MNM2602, replaced HRM2604 with MNB2601, replaced MNM2601 with MNL2601, replaced MNI3701
with MNB3701, replaced MNM2602 with MNM2615 and has added MNB3702 as a compulsory module on the
third level. The number of electives on the 3rd level is now five. Students who have already passed
the modules (in this curriculum) that were replaced, will retain the credit(s) and will not be
required to complete the replacement modules. Students should note that during the course of their
studies they would be required to have access to a computer, printer and the internet.
",,https://www.unisa.ac.za/sites/corporate/default/Register-to-study-through-Unisa/Undergraduate-&-honours-qualifications/Find-your-qualification-&-choose-your-modules/All-qualifications/Bachelor-of-Commerce-in-Business-Management-(98310-–-BSM)
Bachelor of Commerce in Economics (98305 - ECS),98305,101040,,21,Economic and Management Sciences,7,360,"Purpose statement:The primary purpose of the qualification is to provide qualifiers with graduate-level knowledge, specific skills, applied competence and the necessary attitudes in the fields associated with commerce and industry that prepare them to be lifelong learners, employable workers/entrepreneurs and contributors to society and the business community. 

The second purpose of the qualification is to provide South Africa (and other countries) with functional managers at the middle management level in all sectors of the economy. 

A further purpose of the qualification is to provide graduates with a self-sustaining understanding of the process whereby productive resources are mobilised and utilized with a view to being gainfully employed in serving the material needs of society in a globalised world.","
Rules:
The College has made several amendments to the curriculum. Students should note that during the
course of their studies they would be required to have access to a computer, printer and the
internet.
",,https://www.unisa.ac.za/sites/corporate/default/Register-to-study-through-Unisa/Undergraduate-&-honours-qualifications/Find-your-qualification-&-choose-your-modules/All-qualifications/Bachelor-of-Commerce-in-Economics-(98305-–-ECS)
Bachelor of Commerce in Economics Quantitative Economics (98305 - QEC),Quantitative Economics,360,,101040,Economic and Management Sciences,98305 - QEC,7,"
Rules:
Students should note that during the course of their studies they would be required to have access
to a computer, printer and the internet.
 
Some of the pre-requisites and/ or co-requisites outlined in this qualification may not apply as
they do not form part of the curriculum.
",APS/AS:,,https://www.unisa.ac.za/sites/corporate/default/Register-to-study-through-Unisa/Undergraduate-&-honours-qualifications/Find-your-qualification-&-choose-your-modules/All-qualifications/Bachelor-of-Commerce-in-Economics-Quantitative-Economics-(98305-–-QEC)
Bachelor of Commerce in Entrepreneurship (90106 - ENT),90106,101121,,21,Economic and Management Sciences,7,360,"Purpose statement:The purpose of this qualification is to provide students with the necessary entrepreneurial and business skills in order for them to develop and manage sustainable businesses that contribute to job creation.
Qualifying students can demonstrate relevant knowledge and applied competence in entrepreneurial skills. The student is provided with the applicable theory supported by the practical application thereof to operate their businesses efficiently and effectively.","
Rules:
Students should note that during the course of their studies they would be required to have access
 to a computer, printer and the internet.
",,https://www.unisa.ac.za/sites/corporate/default/Register-to-study-through-Unisa/Undergraduate-&-honours-qualifications/Find-your-qualification-&-choose-your-modules/All-qualifications/Bachelor-of-Commerce-in-Entrepreneurship-(90106-–-ENT)
Bachelor of Commerce in Financial Management (98306 - FMN),98306,101094,,21,Economic and Management Sciences,7,360,"Purpose statement:The primary purpose of the qualification is to provide qualifiers with graduate-level knowledge, specific skills, applied competence and the necessary attitudes in the fields associated with commerce and industry that prepare them to be lifelong learners, employable workers/entrepreneurs and contributors to society and the business community. 

The second purpose of the qualification is to provide South Africa (and other countries) with functional managers at the middle management level in all sectors of the economy. 

A further purpose of the qualification is to provide graduates with a self-sustaining understanding of the process whereby productive resources are mobilised and utilized with a view to being gainfully employed in serving the material needs of society in a globalised world.","
Rules:
The College has made several amendments to the curriculum Students should note that during the
course of their studies they would be required to have access to a computer, printer and the
internet.
 
Students MUST register for ECS3706 if they intend on enrolling for the Bachelor of Commerce Honours
in Financial Management.
 
Some of the pre-requisites and/ or co-requisites outlined in this qualification may not apply as
they do not form part of the curriculum.
",,https://www.unisa.ac.za/sites/corporate/default/Register-to-study-through-Unisa/Undergraduate-&-honours-qualifications/Find-your-qualification-&-choose-your-modules/All-qualifications/Bachelor-of-Commerce-in-Financial-Management-(98306-–-FMN)
Bachelor of Commerce in Human Resource Management (98307 - HRM),98307,101095,,21,Economic and Management Sciences,7,360,"Purpose statement:The primary purpose of the qualification is to provide qualifiers with graduate-level knowledge, specific skills, applied competence and the necessary attitudes in the fields associated with commerce and industry that prepare them to be lifelong learners, employable workers/entrepreneurs and contributors to society and the business community. 

The second purpose of the qualification is to provide South Africa (and other countries) with functional managers at the middle management level in all sectors of the economy. 

A further purpose of the qualification is to provide graduates with a self-sustaining understanding of the process whereby productive resources are mobilised and utilized with a view to being gainfully employed in serving the material needs of society in a globalised world.","
Rules:
Students should note that during the course of their studies they would be required to have access
to a computer, printer and the internet.
",,https://www.unisa.ac.za/sites/corporate/default/Register-to-study-through-Unisa/Undergraduate-&-honours-qualifications/Find-your-qualification-&-choose-your-modules/All-qualifications/Bachelor-of-Commerce-in-Human-Resource-Management-(98307-–-HRM)
Bachelor of Commerce in Industrial and Organisational Psychology (98308 - IOP),98308,101096,,21,Economic and Management Sciences,7,360,"Purpose statement:The primary purpose of the qualification is to provide qualifiers with graduate-level knowledge, specific skills, applied competence and the necessary attitudes in the fields associated with commerce and industry that prepare them to be lifelong learners, employable workers/entrepreneurs and contributors to society and the business community. 

The second purpose of the qualification is to provide South Africa (and other countries) with functional managers at the middle management level in all sectors of the economy. 

A further purpose of the qualification is to provide graduates with a self-sustaining understanding of the process whereby productive resources are mobilised and utilized with a view to being gainfully employed in serving the material needs of society in a globalised world.","
Rules:
Students should note that during the course of their studies they would be required to have access
to a computer, printer and the internet.
",,https://www.unisa.ac.za/sites/corporate/default/Register-to-study-through-Unisa/Undergraduate-&-honours-qualifications/Find-your-qualification-&-choose-your-modules/All-qualifications/Bachelor-of-Commerce-in-Industrial-and-Organisational-Psychology-(98308-–-IOP)
Bachelor of Commerce in Marketing Management (98301 - MKT),98301,83291,,21,Economic and Management Sciences,7,360,"Purpose statement:The purpose of the qualification is to provide qualifying students with comprehensive and in-depth knowledge of the principles, major theories and paradigms, methods and technology of the science and profession of the field of marketing and in the process to ensure that they obtain the higher level knowledge in marketing that is expected of an executive in the field of marketing. It further equips them to co-ordinate and contribute to the management of the core marketing management functions of the organisation in line with best practice and quality standards by providing qualifying students with the higher-order cognitive reasoning skills and decision-making abilities to understand and execute the tasks and functions associated with a high level executive in marketing and in the process to advance the science and field of marketing management through research reflection and scientific discourse. This qualification lays a foundation for higher career advancement and further studies in the field of marketing management where these higher order capabilities will be required to advance to learning at masters and doctoral level. 

The modules are specifically selected to grow students' knowledge and deeper understanding of the management science of marketing from the more general aspects and principles covered in the first year modules to a more focused and more in-depth analysis of different marketing principles and issues which will require a deeper dissemination of the information in marketing decision making to ensure that learners have a more advanced knowledge of marketing in the second year; and conclude with strategic marketing management issues and theory focusing on specific issues of relevance consummate with the demands of a global economy and increased demands from customers and top management.","
Rules:
The College has replaced FAC1601 with FAC1602. Students who have already passed FAC1601 in this
curriculum will retain the credit(-s) and will not be required to complete the replacement
module(-s). Curriculum amendments from 2019 include the replacement of MNM1503 with MNM1601,
replacement of MNM1505 with CLA1501, replacement of HRM2605 with STA1610, replacement of MNM2602
with MNM2615, replacement of MNM2608 with MNM2614, replacement of MNM2609 with MNM2604, and MNM2610
with MNM2613. Students who have already passed the modules that were replaced previously in this
qualification, will retain the credits and will not be required to complete the replacement modules.
Students should note that during the course of their studies they would be required to have
access to a computer, printer and the internet.
",,https://www.unisa.ac.za/sites/corporate/default/Register-to-study-through-Unisa/Undergraduate-&-honours-qualifications/Find-your-qualification-&-choose-your-modules/All-qualifications/Bachelor-of-Commerce-in-Marketing-Management-(98301-–-MKT)
Bachelor of Commerce in Public Procurement Management (98767 - PPM),98767,90668,,21,Economic and Management Sciences,7,360,"Purpose statement:The purpose of the qualification is to educate procurement and supply chain practitioners of government departments at national, provincial and municipal levels and in public entities. Qualifying learners will be able to work effectively in procurement and also in any position in Supply Chain Management in the public sector. 

This qualification is aimed at learners who work in the public sector in all spheres of government, specifically in the procurement and supply chain area, and who seek to develop essential public administration, procurement and supply chain management skills needed at functional and higher management levels. 

Qualifying learners will be able to demonstrate knowledge, specific skills and applied competence in fields associated with Public Financial Management, Procurement and Supply Chain Management. The qualification also stresses the value of continuing personal intellectual growth. It should lead to gainful economic activity and ethical conduct and leadership by graduating learners. 

Upon completion of the Bachelor of Commerce in Public Procurement Management, the qualified learner would have been actively engaged in becoming a well-rounded, educated person, specifically preparing for further study and/or the work environment as a procurement and supply chain management practitioner or manager. He or she will have a theoretical foundation that will guide him/her in the work public environment to act as a functional level manager or at higher management levels in the field of public procurement, operations and supply chain management. She or he will have developed and will hold certain ethical values and be able to integrate general public financial, administration, procurement and supply chain related knowledge and skills and the application of theory to practice. 

Graduating learners will also be able to contribute to the theory of Public Procurement and Supply Chain Management when they articulate to higher degrees in Business Management.","
Rules:
Students should note that during the course of their studies they would be required to have access
to a computer, printer and the internet.
",,https://www.unisa.ac.za/sites/corporate/default/Register-to-study-through-Unisa/Undergraduate-&-honours-qualifications/Find-your-qualification-&-choose-your-modules/All-qualifications/Bachelor-of-Commerce-in-Public-Procurement-Management-(98767-–-PPM)
Bachelor of Commerce in Quantitative Management (98311 - QMA),98311,101097,,21,Economic and Management Sciences,7,360,"Purpose statement:The primary purpose of the qualification is to provide qualifiers with graduate-level knowledge, specific skills, applied competence and the necessary attitudes in the fields associated with commerce and industry that prepare them to be lifelong learners, employable workers/entrepreneurs and contributors to society and the business community. 

The second purpose of the qualification is to provide South Africa (and other countries) with functional managers at the middle management level in all sectors of the economy. 

A further purpose of the qualification is to provide graduates with a self-sustaining understanding of the process whereby productive resources are mobilised and utilized with a view to being gainfully employed in serving the material needs of society in a globalised world.","
Rules:
The curriculum for this qualification has been amended significantly in 2019. Students that enrolled
for the pre-2019 curriculum had until the end of 2022 to complete that curriculum or transfer to the
BCom General (98314).  Students that prefer to transfer to the new 2019 curriculum, will be required
to complete all credits as per the revised curriculum.  Students should note that during the course
of their studies they would be required to have access to a computer, printer and the internet.
 
Some of the pre-requisites and/ or co-requisites outlined in this qualification may not apply as
they do not form part of the curriculum.
",,https://www.unisa.ac.za/sites/corporate/default/Register-to-study-through-Unisa/Undergraduate-&-honours-qualifications/Find-your-qualification-&-choose-your-modules/All-qualifications/Bachelor-of-Commerce-in-Quantitative-Management-(98311-–-QMA)
Bachelor of Commerce in Supply Chain and Operations Management (98766 - SCM),98766,90649,,21,Economic and Management Sciences,7,360,"Purpose statement:The purpose of the qualification is to educate purchasing, supply chain and operational practitioners in all types of business organisations. Qualifying learners will be able to work effectively in purchasing, operations and any position in supply chain management in business organisations in various industries and sectors. 

Qualifying learners can demonstrate knowledge, specific skills and applied competence within opportunities for continued personal intellectual growth, gainful economic activity and will function in the field associated with purchasing, the integrated supply chain and operations in business organisations. 
","
Rules:
Students should note that during the course of their studies they would be required to have access
to a computer, printer and the internet.
 
Some of the pre-requisites and/ or co-requisites outlined in this qualification may not apply as
they do not form part of the curriculum.
",,https://www.unisa.ac.za/sites/corporate/default/Register-to-study-through-Unisa/Undergraduate-&-honours-qualifications/Find-your-qualification-&-choose-your-modules/All-qualifications/Bachelor-of-Commerce-in-Supply-Chain-and-Operations-Management-(98766-–-SCM)
Bachelor of Commerce in Tourism Management (98312 - TRT),98312,101098,,21,Economic and Management Sciences,7,360,"Purpose statement:The primary purpose of the qualification is to provide qualifiers with graduate-level knowledge, specific skills, applied competence and the necessary attitudes in the fields associated with commerce and industry that prepare them to be lifelong learners, employable workers/entrepreneurs and contributors to society and the business community. 

The second purpose of the qualification is to provide South Africa (and other countries) with functional managers at the middle management level in all sectors of the economy. 

A further purpose of the qualification is to provide graduates with a self-sustaining understanding of the process whereby productive resources are mobilised and utilized with a view to being gainfully employed in serving the material needs of society in a globalised world.","
Rules:
The College has replaced FAC1601 with FAC1602, ECS2607 with ECS2606 and MNM2602 and MNM2615.
Students that have passed FAC1601, ECS2607 and MNM2602, will retain the credit and will not
be required to complete FAC1602, ECS2607 and MNM2615. Students should note that during the course of
their studies they would be required to have access to a computer, printer and the internet.
",,https://www.unisa.ac.za/sites/corporate/default/Register-to-study-through-Unisa/Undergraduate-&-honours-qualifications/Find-your-qualification-&-choose-your-modules/All-qualifications/Bachelor-of-Commerce-in-Tourism-Management-(98312-–-TRT)
Bachelor of Commerce in Transport and Logistics (98313 - TRL),98313,101099,,21,Economic and Management Sciences,7,360,"Purpose statement:The primary purpose of the qualification is to provide qualifiers with graduate-level knowledge, specific skills, applied competence and the necessary attitudes in the fields associated with commerce and industry that prepare them to be lifelong learners, employable workers/entrepreneurs and contributors to society and the business community. 

The second purpose of the qualification is to provide South Africa (and other countries) with functional managers at the middle management level in all sectors of the economy. 

A further purpose of the qualification is to provide graduates with a self-sustaining understanding of the process whereby productive resources are mobilised and utilized with a view to being gainfully employed in serving the material needs of society in a globalised world.","
Rules:
The College has replaced MNM2602 with MNM2615. Students that have passed MNM2602 in this curriculum
will retain the credit and will not be required to complete MNM2615. Students should note that
during the course of their studies they would be required to have access to a computer, printer and
the internet.
 
Some of the pre-requisites and/ or co-requisites outlined in this qualification may not apply as
they do not form part of the curriculum.
",,https://www.unisa.ac.za/sites/corporate/default/Register-to-study-through-Unisa/Undergraduate-&-honours-qualifications/Find-your-qualification-&-choose-your-modules/All-qualifications/Bachelor-of-Commerce-in-Transport-and-Logistics-(98313-–-TRL)
Bachelor of Administration Honours in Public Administration (98449),98449,105741,,60,Economic and Management Sciences,8,120,"Purpose statement:The primary purpose of the qualification is to provide Hons BAdmin graduates with the systematic knowledge, specialized skills, applied competence and necessary attitudes in the fields of development and public administration to make them lifelong learners, employable workers/entrepreneurs and contributors to development and public administration in various public and civic contexts. 

A second purpose of the qualification is to provide South Africa (and other countries) with graduates in development and public administration with in-depth knowledge and the confidence to identify and define complex problems to widen the leadership base of innovative and knowledge-based economic and scholarly activity. 

A third purpose of the qualification is to provide South Africa (and other countries) with people who can play a constructive role as change agents in the field of development and public administration.","
Rules:
It is strongly recommended that you complete HMEMS80 first, before registering for HRPUB83.
Students should note that during the course of their studies they would be required to have access
to a computer, printer and the internet.
",,https://www.unisa.ac.za/sites/corporate/default/Register-to-study-through-Unisa/Undergraduate-&-honours-qualifications/Find-your-qualification-&-choose-your-modules/All-qualifications/Bachelor-of-Administration-Honours-in-Public-Administration-(98449)
Bachelor of Commerce Honours in Business Management (98452 - N22),98452,101043,,60,Economic and Management Sciences,8,120,"Purpose statement:The primary purpose of the qualification is to provide Honours Bachelor of Commerce graduate level knowledge, specific skills and applied competence in a number of fields traditionally associated with Business, Commerce and Management that will prepare them to be lifelong learners, employable workers/managers, entrepreneurs and contributors to society and the business community. 

A second purpose of the qualification is to provide South Africa (and other countries) with graduates in a number of learning fields in order to ensure that the leadership base of innovative and knowledge base economic and scholarly activity is widened. 

A third purpose of the qualification is to provide South Africa (and other countries) with people who can understand the constructive role they need to play as intellectual economic leaders in their society and who are empowered to play that role.","
Rules:
The College has removed HRBUS84 and HRBUS86 from group B, removed group D (specialisation: Financial
 Management) and group F (specialization: Marketing Management) from the curriculum. Students have
 to complete the compulsory modules in Group A, one elective module in Group B, and then choose
 both of the remaining two modules from the same group, that is, either from Group C or D. Please
 note the following requirement in respect of elective modules: The Research Project module (Group
 B) and the remaining elective modules (from either Groups C-D) must be in line with the student's
 undergraduate area of specialisation (e.g. if a student is registered for HRBUS83 -Research
 Project in Business Management, the student needs to choose two electives from Group C - Business
 Management specialisation). It is strongly recommended that you complete your specialisation
 modules as well as HMEMS80, before registering for the Research Project module.
 INT4801has been replaced with MNG4804. Students who already passed INT4801 will retain the credit.
 Students should note that during the course of their studies they would be required to have access
 to a computer, printer and the internet.
",,https://www.unisa.ac.za/sites/corporate/default/Register-to-study-through-Unisa/Undergraduate-&-honours-qualifications/Find-your-qualification-&-choose-your-modules/All-qualifications/Bachelor-of-Commerce-Honours-in-Business-Management-(98452-–-N22)
Bachelor of Commerce Honours in Business Management (98452),98452,101043,,60,Economic and Management Sciences,8,120,"Purpose statement:The primary purpose of the qualification is to provide Honours Bachelor of Commerce graduate level knowledge, specific skills and applied competence in a number of fields traditionally associated with Business, Commerce and Management that will prepare them to be lifelong learners, employable workers/managers, entrepreneurs and contributors to society and the business community. 

A second purpose of the qualification is to provide South Africa (and other countries) with graduates in a number of learning fields in order to ensure that the leadership base of innovative and knowledge base economic and scholarly activity is widened. 

A third purpose of the qualification is to provide South Africa (and other countries) with people who can understand the constructive role they need to play as intellectual economic leaders in their society and who are empowered to play that role.","
Rules:
Students have to complete the compulsory modules in Group A, one elective module in Group B, and
 then choose both of the remaining two modules from the same group, that is, either from Group C and
 D. Please note the following requirement in respect of elective modules: The Research Project
 module (Group B) and the remaining elective modules (from either Groups C-D) must be in line with
 the student's undergraduate area of specialisation (e.g. if a student is registered for HRBUS83
 -Research Project in Business Management, the student needs to choose two electives from Group C
 -Financial Management specialisation). It is strongly recommended that you complete your
 specialisation modules as well as HMEMS80, before registering for the Research Project module. The
 College has removed HRBUS86 from the curriculum. Students who fail HRBUS86 module in 2021 will
 have to take HRBUS83 in 2022. BAN4801 has also been removed from Group C, MNM4804 from Group D
 and students who already passed the module/s will retain the credit. Students should note that
 during the course of their studies they would be required to have access to a computer, printer and
 the internet.
",,https://www.unisa.ac.za/sites/corporate/default/Register-to-study-through-Unisa/Undergraduate-&-honours-qualifications/Find-your-qualification-&-choose-your-modules/All-qualifications/Bachelor-of-Commerce-Honours-in-Business-Management-(98452)
Bachelor of Commerce Honours in Economics (98353),98353,101100,,60,Economic and Management Sciences,8,120,"Purpose statement:The primary purpose of the qualification is to provide Honours Bachelor of Commerce graduate level knowledge, specific skills and applied competence in a number of fields traditionally associated with Business, Commerce and Management that will prepare them to be lifelong learners, employable workers/managers, entrepreneurs and contributors to society and the business community. 

A second purpose of the qualification is to provide South Africa (and other countries) with graduates in a number of learning fields in order to ensure that the leadership base of innovative and knowledge base economic and scholarly activity is widened. 

A third purpose of the qualification is to provide South Africa (and other countries) with people who can understand the constructive role they need to play as intellectual economic leaders in their society and who are empowered to play that role.","
Rules:
It is recommended that part-time students spread their studies over two years and attempt Advanced
Macroeconomics (ECS4861), Advanced Microeconomics (ECS4862) and Advanced Econometrics (ECS4863) in
their first year of registration. The Research Report in Economics (HRECS83) and electives should be
registered for in their second year of study. Students will be expected to have passed ECS3706 or
its equivalent at undergraduate level before registering for ECS4863. Students must select any two
of the four electives and must choose their research topic from any one of the two elected papers.
The Research Report in Economics (HRECS83) should have an approximate word count of 8 000 words.
Students should note that during the course of their studies they would be required to have access
to
a computer, printer and the internet.
",,https://www.unisa.ac.za/sites/corporate/default/Register-to-study-through-Unisa/Undergraduate-&-honours-qualifications/Find-your-qualification-&-choose-your-modules/All-qualifications/Bachelor-of-Commerce-Honours-in-Economics-(98353)
Bachelor of Commerce Honours in Financial Management (90095),90095,102062,,60,Economic and Management Sciences,8,120,"Purpose statement:This qualification has as the primary purpose of providing a well-rounded focused education that equips graduates with the knowledge base, theory and methodology of finance, investments, banking and financial institutions management, as well as risk finance, insurance, and research methodology that enables them to demonstrate initiative and responsibility in an academic or professional context. Principles, theory and application are emphasised as a basis for promotion by graduates in their place of work, or professional training, for example in order to eventually be awarded the Chartered Financial Analyst (CFA) designation. The qualification will further prepare students to advance to the Masters degree as they will be required to complete a module on conducting and reporting on research in Financial Management.","
Rules:
The College has replaced HMEMS80 with ECS4863, replaced HRBUS86 with HRFIN81 and removed BAN4801 as
an elective from the curriculum. Students who have already passed (in this curriculum) the modules
that have been replaced, will retain the credits and will not be required to complete the
replacement modules.
Students will be expected to have passed ECS3706 before attempting ECS4863.
Students should note that during the course of their studies they would be required to have access
to a computer, a printer and the internet.
",,https://www.unisa.ac.za/sites/corporate/default/Register-to-study-through-Unisa/Undergraduate-&-honours-qualifications/Find-your-qualification-&-choose-your-modules/All-qualifications/Bachelor-of-Commerce-Honours-in-Financial-Management-(90095)
Bachelor of Commerce Honours in Financial Modelling (98350),98350,84846,,60,Economic and Management Sciences,8,120,"Purpose statement:The purpose of this qualification is to equip qualifying learners with a range of technical, scientific and research skills in Operations Research and Financial Modelling to prepare them for research-based post graduate studies and to enable them to pursue a career in industry and commerce. 
","
Rules:
It is strongly recommended that students complete DSC4812, DSC4821 and DSC4825 before attempting
DSC4826 and DSC4830. Students should note that during the course of their studies they would be
required to have access to a computer, a printer and the internet.
",,https://www.unisa.ac.za/sites/corporate/default/Register-to-study-through-Unisa/Undergraduate-&-honours-qualifications/Find-your-qualification-&-choose-your-modules/All-qualifications/Bachelor-of-Commerce-Honours-in-Financial-Modelling-(98350)
Bachelor of Commerce Honours in Industrial and Organisational Psychology (98351),98351,84866,,60,Economic and Management Sciences,8,120,"Purpose statement:The purpose of the qualification is to consolidate, advance and deepen the student's professional expertise in the various practice areas of industrial and organisational psychology and develop research capacity in the methodology and techniques of a selected practice or specialisation area. In this regard, the qualification serves to educate and train researchers who can potentially contribute to the development of new knowledge in the profession at postgraduate level, leading to enhanced career and employment prospects. The qualification provides qualifying students with comprehensive and in-depth knowledge of the principles, major theories and paradigms, methods and technology of the science and profession of industrial and organisational psychology in various areas of specialisation.  Successful completion of this qualification will enable the graduate to meet the competence requirements for registration as a Human Resources Practitioner with the South African Board for Personnel Practice (SABPP). 

","
Rules:
Students must co-register for HMEMS80 and HRIOP87 if they have not yet passed HMEMS80. TAKE NOTE:
Students who have registered for, but have not yet passed HRIOP84, HRIOP85 or HRIOP86, must register
for HRIOP87. Students should note that during the course of their studies they would be required to
have access to a computer, printer and the internet.
",,https://www.unisa.ac.za/sites/corporate/default/Register-to-study-through-Unisa/Undergraduate-&-honours-qualifications/Find-your-qualification-&-choose-your-modules/All-qualifications/Bachelor-of-Commerce-Honours-in-Industrial-and-Organisational-Psychology-(98351)
Bachelor of Commerce Honours in Logistics (98453),98453,101044,,60,Economic and Management Sciences,8,120,"Purpose statement:The primary purpose of the qualification is to provide Honours Bachelor of Commerce graduate level knowledge, specific skills and applied competence in a number of fields traditionally associated with Business, Commerce and Management that will prepare them to be lifelong learners, employable workers/managers, entrepreneurs and contributors to society and the business community. 

A second purpose of the qualification is to provide South Africa (and other countries) with graduates in a number of learning fields in order to ensure that the leadership base of innovative and knowledge base economic and scholarly activity is widened. 

A third purpose of the qualification is to provide South Africa (and other countries) with people who can understand the constructive role they need to play as intellectual economic leaders in their society and who are empowered to play that role.","
Rules:
It is strongly recommended that students complete HMEMS80 before registering for HRTRL83. Students
who have been registered for this qualification prior to 2017 and have completed TRL4865, will
retain the credits for the module and will not be required to complete SCH4801. Students should note
that during the course of their studies they would be required to have access to a computer, printer
and the internet.
",,https://www.unisa.ac.za/sites/corporate/default/Register-to-study-through-Unisa/Undergraduate-&-honours-qualifications/Find-your-qualification-&-choose-your-modules/All-qualifications/Bachelor-of-Commerce-Honours-in-Logistics-(98453)
Bachelor of Commerce Honours in Marketing Management (90114),90114,109280,,60,Economic and Management Sciences,8,120,"Purpose statement:The aim of the qualification is to ensure that learners have a good understanding of trends and developments in the field of marketing and how to respond to such trends and developments strategically. This qualification in marketing aims to provide advanced training and scholarship in the field of marketing management to enable learners to apply strategic marketing thinking in given practical contexts (that is, the Bachelor of Commerce (BCom) Honours in Marketing Management graduate can interpret economic realities within South African and international organisational contexts). The successful learners will be able to draw on previous learning in marketing. In addition, be specifically introduced to contemporary issues that impact on marketing and the use of marketing metrics to measure the effectiveness of various marketing strategies that have been adopted or proposed.","
Rules:
It is strongly recommended that students complete HMEMS80 before attempting HRBUS84.
Students should note that during the course of their studies they would be required to have access
to a computer, a printer and the internet.
",,https://www.unisa.ac.za/sites/corporate/default/Register-to-study-through-Unisa/Undergraduate-&-honours-qualifications/Find-your-qualification-&-choose-your-modules/All-qualifications/Bachelor-of-Commerce-Honours-in-Marketing-Management-(90114)
Bachelor of Commerce Honours in Tourism Management (98355),98355,91718,,60,Economic and Management Sciences,8,120,"Purpose statement:The primary purpose of this qualification, closely linked to the rationale, serves to consolidate, advance and deepen learner expertise and enable advancement in a career as a tourism manager. Furthermore, this qualification aims to develop skills and capabilities to conduct research in the area of tourism management. 

The qualification also aims to develop entrepreneurial skills in postgraduate learners, enabling them to start their own businesses and create jobs. In this regard the qualification serves to educate and train researchers who can potentially contribute to the development of the profession at postgraduate level leading to enhanced career and employment prospects. The qualification provides qualifying learners with a comprehensive and in-depth knowledge base; as well as theory and methodology of tourism management that enables them to demonstrate initiative and responsibility in an academic and professional context. 
","
Rules:
It is strongly recommended that students complete HMEMS80 before registering for HRTRT83.
Students should note that during the course of their studies they would be required to have access
to a computer, printer and the internet.
",,https://www.unisa.ac.za/sites/corporate/default/Register-to-study-through-Unisa/Undergraduate-&-honours-qualifications/Find-your-qualification-&-choose-your-modules/All-qualifications/Bachelor-of-Commerce-Honours-in-Tourism-Management-(98355)
Bachelor of Commerce Honours in Transport Economics (98464),98464,101045,,60,Economic and Management Sciences,8,120,"Purpose statement:The primary purpose of the qualification is to provide Honours Bachelor of Commerce graduate level knowledge, specific skills and applied competence in a number of fields traditionally associated with Business, Commerce and Management that will prepare them to be lifelong learners, employable workers/managers, entrepreneurs and contributors to society and the business community. 

A second purpose of the qualification is to provide South Africa (and other countries) with graduates in a number of learning fields in order to ensure that the leadership base of innovative and knowledge base economic and scholarly activity is widened. 

A third purpose of the qualification is to provide South Africa (and other countries) with people who can understand the constructive role they need to play as intellectual economic leaders in their society and who are empowered to play that role.","
Rules:
It is strongly recommended that students complete HMEMS80 before registering for HRTRE83.
Students should note that during the course of their studies they would be required to have access
to a computer, printer and the internet.
",,https://www.unisa.ac.za/sites/corporate/default/Register-to-study-through-Unisa/Undergraduate-&-honours-qualifications/Find-your-qualification-&-choose-your-modules/All-qualifications/Bachelor-of-Commerce-Honours-in-Transport-Economics-(98464)
Bachelor of Science Honours in Operations Research (90078),90078,97971,,60,Economic and Management Sciences,8,120,"Purpose statement:The purpose of this qualification is to equip qualifying learners with a range of technical, scientific and research skills in Operations Research and to enable them to pursue a career in industry and commerce. Learners will be able to demonstrate the following upon completion of the qualification: Critical and creative thinking and a comprehensive and systematic knowledge basis, having a coherent and critical understanding of the principles, theories and research methods of Operations Research. 
- Application of appropriate Operations Research skills and techniques to complex and real-world problems and the ability to operate effectively in complicated but sometimes ill-defined contexts. 
- Planning and conducting of research in the field of Operations Research, including the gathering, analysing, synthesising and interpretation of information correctly by utilising the relevant theoretical research principles and reflecting on the research undertaken. 
- Thinking and reflecting contextually on learning from individual experience and academic disciplines in relation to scientific, technological and economic realities, locally and globally. 
- Demonstrating efficient and effective information retrieval and processing skills and the ability to present and communicate academic work effectively. 
- Manage learning tasks in an autonomous, professional and ethical manner displaying a high level of intellectual independence. 

","
Rules:
It is strongly recommended that students complete DSC4812, DSC4821 and one optional module before
 attempting the second optional module and DSC4830.Students should note that during the course of
 their studies they would be required to have access to a computer, printer and the internet.
",,https://www.unisa.ac.za/sites/corporate/default/Register-to-study-through-Unisa/Undergraduate-&-honours-qualifications/Find-your-qualification-&-choose-your-modules/All-qualifications/Bachelor-of-Science-Honours-in-Operations-Research-(90078)
Postgraduate Diploma in Applied Psychometry (90185),90185,119985,,65,Economic and Management Sciences,8,120,"Purpose statement:The Postgraduate Diploma in Applied Psychometry aims to provide learners with a high level of theoretical engagement, intellectual independence, and specialist skills basis on the complexities of the ethical and professional practice of psychometry (that is psychometrics and processes of psychological assessment). The focus is on psychometry practice as applied in diverse South African-based client socio-cultural contexts, and educational, organisational and community settings. This qualification prepares learners for specialist knowledge and advanced scholarship in the broader field of psychology, including industrial and organisational psychology, and postgraduate research studies.

Upon completion of this qualification, qualifying learners will be able to:
Demonstrate and take full responsibility for their work, decision making and use of resources that make meaningful contributions as a professional.
Apply psychometrists to clients, organisations, and communities through their competencies in, and services of psychometry.
Apply ethical and good practice under different levels of supervision in the use of psychometric tests, including test development and test adaptation, test selection, test administration, scoring of tests, and interpretation of test scores.
Communicate and report on test results, psychological assessments relating to a group, and individually administered tests for adults and children relating to the assessment of general cognitive ability, specific cognitive, perceptual, and psychomotor functions, personality-based functioning, tests for career guidance and counselling, and organisational type tests for individual, team, and organisational development, including job selection.
Assess and contribute to the development of psychometric tests and other assessment devices or techniques in the South African context.
Evaluate and apply specialist knowledge and skills, within the boundaries of the scope of practice for psychometry and under different levels of supervision, in compiling appropriate test batteries, administering tests, scoring, and interpreting tests, communicating, and providing written and oral feedback on psychological assessments appropriate to the client context and psychological assessment service need. The qualification may lead to professional registration as a Psychometrist with the Health Professions Council of South Africa after passing the National Board Examination of the Professional Board for Psychology.
","
Rules:
Students should note that during the course of their studies they would be required to have access
to a computer, printer and the internet.
",,https://www.unisa.ac.za/sites/corporate/default/Register-to-study-through-Unisa/Undergraduate-&-honours-qualifications/Find-your-qualification-&-choose-your-modules/All-qualifications/Postgraduate-Diploma-in-Applied-Psychometry-(90185)
Postgraduate Diploma in Human Resource Development (98227),98227,88443,,60,Economic and Management Sciences,8,120,"Purpose statement:The purpose of this qualification is to provide learners with the opportunity to develop professional and specialised competencies in the field of Human Resource Development (HRD). The Postgraduate Diploma: Human Resource Development will enable them to independently identify, analyse and manage human resource development trends, practices and problems in the context of people development in any organisation.","
Rules:
An appropriate Bachelor's degree or appropriate Advanced Diploma that includes one or more of the
following as majors in the final year: Human Resource Management, Human Resource Development,
Training and Development, Education and Industrial Psychology. IOP4864 has been replaced with
HRM4802 from 2024. Students who have passed IOP4864 in this curriculum will retain the credit and
will not have to register for HRM4802. Students should note that during the course of their studies
they would be required to have access to a computer, printer and the internet.
",,https://www.unisa.ac.za/sites/corporate/default/Register-to-study-through-Unisa/Undergraduate-&-honours-qualifications/Find-your-qualification-&-choose-your-modules/All-qualifications/Postgraduate-Diploma-in-Human-Resource-Development-(98227)
Postgraduate Diploma in Human Resource Management (98228),98228,83827,,60,Economic and Management Sciences,8,120,"Purpose statement:The Postgraduate Diploma: Human Resource Management offers specialised academic and professional studies for students holding a relevant Bachelors' Degree, Advanced Diploma or equivalent qualification in the field of Human Resource Management (HRM). The Postgraduate Diploma: Human Resource Management will enable them to independently identify, analyse and manage human resource trends, practices and problems within the context of managing human resources in any organisation. 

The qualification is accredited by the South African Board for People Practices (SABPP). Its composition is based on the learning outcomes provided by the SABPP and the requirements for registration as a Chartered Human Resource Practitioner. 
","
Rules:
An appropriate Bachelor's degree or appropriate Advanced Diploma that includes one or more of the
following as majors in the final year: Human Resource Management or Industrial Psychology.
IOP4862 has been replaced with HRM4802 from 2024. Students who have passed IOP4862 in this
curriculum will retain the credit and will not have to register for HRM4802. Students should note
that during the course of their studies they would be required to have access to a computer, printer
and the internet.
",,https://www.unisa.ac.za/sites/corporate/default/Register-to-study-through-Unisa/Undergraduate-&-honours-qualifications/Find-your-qualification-&-choose-your-modules/All-qualifications/Postgraduate-Diploma-in-Human-Resource-Management-(98228)
Postgraduate Diploma in Labour Relations Management (98209),98209,79906,,60,Economic and Management Sciences,8,120,"Purpose statement:The purpose of this qualification is to provide students who are in possession of an appropriate Bachelor's Degree or Advanced Diploma and relevant experience in the field of Labour Relations Management (LRM) with the opportunity to develop professional and specialised competencies in the field of Labour Relations Management. The Postgraduate Diploma in Labour Relations Management will enable them to independently identify, analyse and manage labour relations trends, practices and problems within the context of employment relations in any organisation.

The Postgraduate Diploma in Labour Relations Management offers specialised academic and professional studies for candidates holding a relevant Bachelors' Degree, Advanced Diploma or equivalent qualification.

The qualification should also enable graduates to be professionally registered with the South African Board for People Practice (SABPP) as an Employment Relations Practitioner.

A student enrolled for the Postgraduate Diploma in Labour Relations Management will be actively engaged in becoming a well-rounded, educated person, actively engaged in an advanced study and/or the work environment as an employment relations practitioner. As such she or he will develop and hold certain values and be able to integrate general business knowledge and skills with specific knowledge of the human resource management profession, its processes and applications, to achieve his or her purposes.
","
Rules:
An appropriate Bachelor's Degree or appropriate Advanced Diploma that includes one or more of the
following as majors in the final year: Labour Relations, Industrial Relations, Employment Relations,
Employee Relations, Labour Law or Industrial Sociology. HRM4801 has been replaced with HRM4802
from 2024. Students who have passed HRM4801 in this curriculum will retain the credit and will not
have to register for HRM4802. Students should note that during the course of their studies they
would be required to have access to a computer, printer and the internet.
",,https://www.unisa.ac.za/sites/corporate/default/Register-to-study-through-Unisa/Undergraduate-&-honours-qualifications/Find-your-qualification-&-choose-your-modules/All-qualifications/Postgraduate-Diploma-in-Labour-Relations-Management-(98209)
Postgraduate Diploma in Organisational Development (98212),98212,80906,,60,Economic and Management Sciences,8,120,"Purpose statement:The primary purposes of the qualification, closely tied to the rationale, serve to consolidate, advance and deepen students' professional knowledge and expertise in the field of Organisational Development and change management, including the choice to develop their research capacity in the methodology and techniques of the field. In this regard the qualification serves to educate and train professionals who can potentially contribute to the development of new knowledge in the profession at postgraduate level leading to enhanced career and employment prospects. 

The qualification provides qualifying students with comprehensive and in-depth knowledge of the principles, major theories and paradigms, methods and technology of the science and practice of the field. It equips students with the required advanced and specialised intellectual and practical skills to prepare for professional registration with the South African Board for Personnel Practices. 

In this qualification, graduates who have elected the research module will have possibilities for further study in higher education programmes, such as master's degree studies in Industrial and Organisational Psychology.","
Rules:
The College has amended the curriculum by removing IOP4868 as an elective and changing IOP4867 to a
compulsory module. Students who have already passed IOP4868 will retain the credit and will not be
required to complete IOP4867. Students should note that during the course of their studies they
would be required to have access to a computer, printer and the internet.
",,https://www.unisa.ac.za/sites/corporate/default/Register-to-study-through-Unisa/Undergraduate-&-honours-qualifications/Find-your-qualification-&-choose-your-modules/All-qualifications/Postgraduate-Diploma-in-Organisational-Development-(98212)
Postgraduate Diploma in Public Administration (98208),98208,83587,,60,Economic and Management Sciences,8,120,"Purpose statement:Upon completion of the Postgraduate Diploma: Public Administration, the qualified student would have been actively engaged in becoming a well-rounded, educated person, specifically preparing for further, more specific study and/or the work environment as an employer/manager in an administrative section. He or she will have a theoretical foundation that will guide him/her in the work environment to act as a functional level manager or at a higher management level. The person achieving this qualification will have developed certain values and be able to integrate general administrative knowledge and skills, management functions and the application of the theory of administration and management to achieve his/her goals. 

Qualifying postgraduate learners can demonstrate: 
- Systematic knowledge, specialised skills, applied competence and appropriate attitudes and values in the field of public administration to become employable workers and contributors to public administration in various public and civic contexts.
- In-depth knowledge and the ability to identify, define and solve complex problems.
- The ability to widen the leadership base in innovative and knowledge-based public administration and scholarly activity.
- The skills to play a constructive role as change agents in the field of public administration.
- An understanding of the need for life-long learning and continued personal development.","
Rules:
Students should note that during the course of their studies they would be required to have access
to a computer, printer and the internet.
",,https://www.unisa.ac.za/sites/corporate/default/Register-to-study-through-Unisa/Undergraduate-&-honours-qualifications/Find-your-qualification-&-choose-your-modules/All-qualifications/Postgraduate-Diploma-in-Public-Administration-(98208)
Postgraduate Diploma in Risk Management (98210),98210,79926,,60,Economic and Management Sciences,8,120,"Purpose statement:The primary purposes of the qualification, closely tied to the rationale, serve to consolidate, advance and deepen students' expertise in the various areas of risk management. The qualification aims to provide in-depth, specialised education, training and scholarship in the field and practice of risk management at postgraduate level.","
Rules:
Students should note that during the course of their studies they would be required to have access
to a computer, printer and the internet.
",,https://www.unisa.ac.za/sites/corporate/default/Register-to-study-through-Unisa/Undergraduate-&-honours-qualifications/Find-your-qualification-&-choose-your-modules/All-qualifications/Postgraduate-Diploma-in-Risk-Management-(98210)
Postgraduate Diploma in Safety Management (90182),90182,118667,,60,Economic and Management Sciences,8,120,"Purpose statement:The primary purpose of this qualification is to strengthen working professionals' / students' knowledge and skills in the field of safety management.  This will enable them to recognise, implement and manage strategic safety management in all industries. Students are introduced to research in safety management as applicable in the workplace, providing a platform for working professionals to undertake advanced reflection and development through a systematic survey of current thinking and research methods. A practical focus on the management of prevention through design is supported by insights into operational risk management and sustainable development. Students are prepared for Master's level studies and senior management level occupational development by developing intellectual independence and theoretical engagement, empowering students with the skills required to relate knowledge to a range of safety management contexts.","
Rules:
Students should note that during the course of their studies they would be required to have access
to a computer, printer and the internet.
",,https://www.unisa.ac.za/sites/corporate/default/Register-to-study-through-Unisa/Undergraduate-&-honours-qualifications/Find-your-qualification-&-choose-your-modules/All-qualifications/Postgraduate-Diploma-in-Safety-Management-(90182)
Postgraduate Diploma in Tourism Management (98257),98257,86406,,60,Economic and Management Sciences,8,120,"Purpose statement:The purpose of the Postgraduate Diploma: Tourism Management is to provide specialisation learning which help learners prepare for further Postgraduate study in career advancement in tourism management. This qualification typically follows on from a Bachelor's Degree, and serves to consolidate and deepen the learner's expertise in tourism. 

This qualification will enable learners to undertake advanced studies towards developing their strategic managerial capabilities. This initiative will not only help in improving the local tourism industry, but also the country's economy. This will be achieved by having the learners carry out systematic surveys of both local and international contemporary best practice in tourism management. It will deepen the learner's understanding of the tourism industry, thereby equipping them with the knowledge and skills they require to avail themselves of employment opportunities in a variety of tourism orientated careers such as: 
- Travel Management Consultancy.
- Tourist Resort and Attraction Management.
- Tourism Authority at Local and National Level.
- Corporate Travel Organisations.
- Marketing and Sales in Tourism. 

This qualification will also prepare learners for further research-based postgraduate study by developing their knowledge of methodologies and competence in techniques in tourism research. Furthermore, the learners should develop the capacity to make strategic decisions by way of sound theoretical judgements based on the evidence they have researched in order to be competitive locally and globally. 

","
Rules:
Students should note that during the course of their studies they would be required to have access
to a computer, printer and the internet.
",,https://www.unisa.ac.za/sites/corporate/default/Register-to-study-through-Unisa/Undergraduate-&-honours-qualifications/Find-your-qualification-&-choose-your-modules/All-qualifications/Postgraduate-Diploma-in-Tourism-Management-(98257)
Postgraduate Diploma in Transport and Logistics (98213),98213,85126,,60,Economic and Management Sciences,8,120,"Purpose statement:The purpose of this qualification is to enable qualifying learners to specialise in the field of transport and logistics, preparing them for a career in that sector. The Postgraduate Diploma: Transport and Logistics is multi-disciplinary and inter-disciplinary in nature and serves to deepen the learner's knowledge and understanding across the disciplines that make up transport and logistics. This knowledge will enable them to work professionally, to engage in advanced reflection and to practice in the discipline of transport and logistics. This qualification requires a high level of theoretical commitment and intellectual independence. 
","
Rules:
The College has replaced TRL4865 with SCH4801. Students who have already passed TRL4865 in this
qualification will retain the credit and will not be required to complete SCH4801. Students should
note that during the course of their studies they would be required to have access to a computer,
printer and the internet.
 
Some of the pre-requisites and/ or co-requisites outlined in this qualification may not apply as
they do not form part of the curriculum.
",,https://www.unisa.ac.za/sites/corporate/default/Register-to-study-through-Unisa/Undergraduate-&-honours-qualifications/Find-your-qualification-&-choose-your-modules/All-qualifications/Postgraduate-Diploma-in-Transport-and-Logistics-(98213)
Higher Certificate in Accounting Sciences (98201),98201,82106,,14,Accounting Sciences,5,120,"Purpose statement:This qualification is intended for candidates wishing to pursue a career in the field of accounting sciences but who are uncertain about the discipline in the accounting sciences that most interests them. Owing to the exposure to financial accounting, management accounting, auditing (including internal auditing) and taxation, qualifying students will be better equipped to select the discipline of their choice, either for further studies or when seeking employment once they have qualified. This qualification is also intended for candidates who consider their arithmetic, computing and English communication skills to be below par. Students will develop the necessary skills to perform basic duties under supervision in bookkeeping, costing, auditing and taxation. They will also acquire an understanding of management and administration principles. The purpose of this qualification is to enable qualifying students to: 
Perform basic functions under supervision in the field of accounting sciences, for instance, general bookkeeping, costing, auditing (including internal auditing) and tax calculations.
Understand basic management and business administration concepts.
Perform accounting calculations.
Use a computer for basic business purposes.
Communicate in English in the business world.","
Rules:
Please enrol for the modules in the following sequence: ENN1504, BNU1501, CAS1501, MNB1501 and
FAC1501, followed by the remaining modules. In addition to the above, all new students will have to
enrol for CLA1503, students who have already passed CLA1501 in this qualification will retain the
credit and will not be required to complete CLA1503. Candidates should note that during the course
of their studies they will be required to have access to a computer with a webcam, and the internet.
",,https://www.unisa.ac.za/sites/corporate/default/Register-to-study-through-Unisa/Undergraduate-&-honours-qualifications/Find-your-qualification-&-choose-your-modules/All-qualifications/Higher-Certificate-in-Accounting-Sciences-(98201)
Advanced Certificate in Accounting Sciences (90017),90017,94703,,50,Accounting Sciences,6,120,"Purpose statement:The intended purpose of this qualification is to enable qualifying learners to:
Perform duties in the field of Accounting Sciences, for instance, general bookkeeping, costing, auditing (including internal auditing) and tax calculations.
Understand basic management and business concepts.
Perform accounting calculations.
Use a computer for basic business purposes.
Articulate to Diploma or under certain conditions to Degree studies. 
","
Rules:
Candidates without an admission qualification in Accounting Sciences and thus without the Financial
Accounting module FAC1502 or a similar first year Financial Accounting module, must register for
FAC1502 for non-degree purposes concurrently with the other modules. Candidates who wish to select
AUE1601 are recommended to enrol for the module CLA1503 for non-degree purposes. Candidates with a
Diploma or a Bachelor's degree who wish to proceed to the Advanced Diploma in Accounting Sciences
should select the electives in line with the requirements for the stream within the Advanced Diploma
they intend to register for. Candidates who wish to proceed to Bachelor's degree studies should
select the electives in line with the requirements for the Bachelor's degree they intend to register
for.
Students who have already passed MNB1601 before 2023 will retain credit for this module.
Students who have not registered or passed MNB1601 and wish to proceed to the Advanced Diploma in
Accounting Sciences should select as part of the electives IOP1501 from the 2023 academic year
onwards.
Students should note that during the course of their studies they would be required to have access
to a computer with a webcam, and the internet. This qualification will be presented online.
 
Some of the pre-requisites outlined in this qualification do not apply as they do not form part of
the curriculum.
",,https://www.unisa.ac.za/sites/corporate/default/Register-to-study-through-Unisa/Undergraduate-&-honours-qualifications/Find-your-qualification-&-choose-your-modules/All-qualifications/Advanced-Certificate-in-Accounting-Sciences-(90017)
Diploma in Accounting Sciences (98200),98200,83289,,17,Accounting Sciences,6,360,"Purpose statement:The purpose of this qualification is to enable qualifying students to: Assist with the management of a small business and display entrepreneurial skills.
Perform accounting and accounting reporting duties.
Perform management accounting duties.
Perform internal auditing procedures.
Render limited tax services, depending on the electives they have chosen. 
","
Rules:
This programme is endorsed by the Chartered Institute of Management Accounting (CIMA) for those
students who selected Management Accounting as a major.  Once successfully completed, candidates
pursuing the CIMA qualification will be exempted from CIMA's Certificate in Business Accounting
(four papers).  Such candidates could commence with CIMA's operational level, should they wish to
progress with their CIMA studies. In addition, CIMA will also issue them with their Certificate in
Business Accounting if they successfully complete any one of the four papers of their business
accounting certificate. Candidates should note that during the course of their studies they would be
required to have access to a computer with a webcam, and the internet
",,https://www.unisa.ac.za/sites/corporate/default/Register-to-study-through-Unisa/Undergraduate-&-honours-qualifications/Find-your-qualification-&-choose-your-modules/All-qualifications/Diploma-in-Accounting-Sciences-(98200)
Advanced Diploma in Accounting Sciences Certificate in The Theory of Accounting (Revised Curriculum 2020) (98230 - CT1),Certificate in The Theory of Accounting (Revised Curriculum 2020),120,,90559,Accounting Sciences,98230 - CT1,7,"
Rules:
This stream should be selected by candidates who wish to eventually qualify as Chartered Accountants
CA (SA). Students must pay attention to the admission criteria applicable to anticipated
postgraduate studies. All these year modules must be completed in one academic year for admission to
the Postgraduate Diploma in Applied Accounting Sciences (CTA 2) (the qualification should not be
older than three years). If not, admission to the Postgraduate Diploma in Accounting Sciences (CTA
1), will be considered.
 
The College has removed FAC3761 and FAC3762 from the curriculum and replaced them with FAC3764.
Students who have not registered or passed BOTH FAC3761 and FAC3762 must register for FAC
3764, CAS3701, and AIN3701 from 2023.
 
Where students have already passed and obtained credits for either FAC3761 or FAC3762 in 2022, the
students must register for FAC3764 in 2023 and need not register for CAS3701 and AIN3701.However, we
recommend that those students who intend to progress to the Postgraduate Diploma in Applied
Accounting Sciences (98255) register for AIN3701.
 
All the student who do not meet the 55% average mark from the Bachelor's Degree in Financial
Accountancy (98302 FA1) completed at Unisa are advised to register the Postgraduate Diploma in
Accountancy (98231) (CTA1).
 
 *Candidates should note that during the course of their studies they would be required to have
access to a computer with a webcam, and the internet. No credits are permitted towards the modules
of this stream. This qualification will be presented online.
 
Some of the pre-requisites and/ or co-requisites outlined in this qualification may not apply as
they do not form part of the curriculum.
",APS/AS:,,https://www.unisa.ac.za/sites/corporate/default/Register-to-study-through-Unisa/Undergraduate-&-honours-qualifications/Find-your-qualification-&-choose-your-modules/All-qualifications/Advanced-Diploma-in-Accounting-Sciences-Certificate-in-The-Theory-of-Accounting-(Revised-Curriculum-2020)-(98230-–-CT1)
Advanced Diploma in Accounting Sciences Financial Accounting (98230 - FAC),Financial Accounting,120,,90559,Accounting Sciences,98230 - FAC,7,"
Rules:
This stream should be selected by candidates who wish to proceed to the Postgraduate Diploma in
Financial Accounting or to eventually qualify as professional Accountants (SAIPA). *Candidates
should note that during the course of their studies they would be required to have access to a
computer with a webcam, and the internet. This qualification will be presented online. This
qualification will not allow student admission into CTA qualifications from 2023 Academic year.
Students aspiring to be Chartered Accountants must enrol for Certificate in the Theory of Accounting
(98230 - CT1) The College has removed TAX3702 from this curriculum and replaced it with TAX3761
which is a year module.
",APS/AS:,,https://www.unisa.ac.za/sites/corporate/default/Register-to-study-through-Unisa/Undergraduate-&-honours-qualifications/Find-your-qualification-&-choose-your-modules/All-qualifications/Advanced-Diploma-in-Accounting-Sciences-Financial-Accounting-(98230-–-FAC)
Advanced Diploma in Accounting Sciences Internal Auditing (98230 - AUI),Internal Auditing,120,,90559,Accounting Sciences,98230 - AUI,7,"
Rules:
This stream should be selected by candidates who wish to proceed to the Postgraduate Diploma in
Internal Auditing, or the Postgraduate Diploma in Forensic Auditing. *Candidates should note that
during the course of their studies they would be required to have access to a computer with a
webcam, and the internet. This qualification will be presented online. Students who did not pass
taxation on NQF level 6 can register for TAX2601 for non-degree purposes in the first semester and
TAX3701 and FAC3701 in the second semester.
",APS/AS:,,https://www.unisa.ac.za/sites/corporate/default/Register-to-study-through-Unisa/Undergraduate-&-honours-qualifications/Find-your-qualification-&-choose-your-modules/All-qualifications/Advanced-Diploma-in-Accounting-Sciences-Internal-Auditing-(98230-–-AUI)
Advanced Diploma in Accounting Sciences Management Accounting (Revised Curriculum 2020) (98230 - MA1),Management Accounting (Revised Curriculum 2020),120,,90559,Accounting Sciences,98230 - MA1,7,"
Rules:
 *Candidates should note that during the course of their studies they would be required to have
access to a computer with a webcam, and the internet. No credits are permitted towards the modules
of this stream. This qualification will be presented online.
 
Some of the pre-requisites and/ or co-requisites outlined in this qualification may not apply as
they do not form part of the curriculum.
",APS/AS:,,https://www.unisa.ac.za/sites/corporate/default/Register-to-study-through-Unisa/Undergraduate-&-honours-qualifications/Find-your-qualification-&-choose-your-modules/All-qualifications/Advanced-Diploma-in-Accounting-Sciences-Management-Accounting-(Revised-Curriculum-2020)-(98230-–-MA1)
Advanced Diploma in Accounting Sciences Taxation (98230 - TAX),Taxation,120,,90559,Accounting Sciences,98230 - TAX,7,"
Rules:
This stream should be selected by candidates who wish to proceed to the Postgraduate Diploma in
Taxation and to eventually qualify as Tax Practitioners. The College has removed TAX3702 from this
curriculum and replaced it with TAX3761 which is a year module. Candidates should note that during
the course of their studies they would be required to have access to a computer with a webcam, and
the internet. This qualification will be presented online.
",APS/AS:,,https://www.unisa.ac.za/sites/corporate/default/Register-to-study-through-Unisa/Undergraduate-&-honours-qualifications/Find-your-qualification-&-choose-your-modules/All-qualifications/Advanced-Diploma-in-Accounting-Sciences-Taxation-(98230-–-TAX)
Bachelor of Accounting Sciences in Financial Accounting (Revised Curriculum 2020) (98302 - FA1),(Revised Curriculum 2020),360,,101110,Accounting Sciences,98302 - FA1,7,"
Rules:
Students who wish to proceed to the College's PG Dip (Applied Accounting Sciences) (CTA level 2)
should be aware of the requirement that all 6 final year modules must have been passed in one
academic year and the qualification should not be older than three years in order to be admitted to
the postgraduate programme. In addition, a student must obtain an average of 55% mark on the third
level year modules to qualify to register for the CTA 2 (PG Dip in Applied Accountancy). If the 55%
average mark is not met, Unisa students are advised to register for CTA 1 (Postgraduate Diploma in
Accountancy) and not Advance Diploma in Accountancy.
 
Where students have already passed and obtained credits for either FAC3761 or FAC3762 by 2022, the
students must register for FAC3764 in 2023 and need not register for CAS3701 and AIN3701. However,
we recommend that those students who intend to progress to the Postgraduate Diploma in Applied
Accounting Sciences (98255) register for AIN3701.
 
Students who have not registered or passed MNB1601 will be required to register for IOP1501 from the
2023 academic year onwards.
Students who have already passed MNB1601 before 2023 will retain credit for this module.
 
Students are encouraged to follow the recommendations of how to register the modules together as
this will improve the integration of their studies.  This qualification will be presented online.
Candidates should note that during the course of their studies they would be required to have access
to a computer with a webcam, and the internet
 
Some of the pre-requisites and/ or co-requisites outlined in this qualification may not apply as
they do not form part of the curriculum.
",APS/AS:,,https://www.unisa.ac.za/sites/corporate/default/Register-to-study-through-Unisa/Undergraduate-&-honours-qualifications/Find-your-qualification-&-choose-your-modules/All-qualifications/Bachelor-of-Accounting-Sciences-in-Financial-Accounting-(Revised-Curriculum-2020)-(98302-–-FA1)
Bachelor of Accounting Sciences in Internal Auditing Internal Auditing (98303 - AUI),Internal Auditing,360,,101111,Accounting Sciences,98303 - AUI,7,"
Rules:
Students who have already passed AUE1601 in this qualification will retain the credit and will not
be required to complete BNU1501. Candidates should note that during the course of their studies they
would be required to have access to a computer with a webcam, and the internet. This qualification
will be presented online.
 
Students who have not registered or passed MNB1601 will be required to register for IOP1501 from the
2023 academic year onwards.
Students who have already passed MNB1601 before 2023 will be retain credit for this module.
 
Some of the pre-requisites and/ or co-requisites outlined in this qualification may not apply as
they do not form part of the curriculum.
",APS/AS:,,https://www.unisa.ac.za/sites/corporate/default/Register-to-study-through-Unisa/Undergraduate-&-honours-qualifications/Find-your-qualification-&-choose-your-modules/All-qualifications/Bachelor-of-Accounting-Sciences-in-Internal-Auditing-Internal-Auditing-(98303-–-AUI)
Bachelor of Accounting Sciences in Management Accounting (Revised Curriculum 2020) (98304 - MA1),(Revised Curriculum 2020),360,,101112,Accounting Sciences,98304 - MA1,7,"
Rules:
This degree is intended for the candidate who wishes to pursue a career as a management accountant
and who wishes to be able to register with the Chartered Institute of Management Accountants (CIMA).
This degree is endorsed by CIMA. A candidate who successfully completes this degree will receive
exemption from CIMA's Certificate in Business Accounting (four papers) and three papers on the
operational level, and will be allowed direct access to CIMA's operational case study. In addition,
candidates who successfully complete the operational case study will graduate with a Diploma in
Management Accounting from CIMA and gain admission to CIMA's management level objective tests.
 
YEAR I: Students who have already passed AUE1601in this qualification will retain the credit and
will not be required to complete BNU1501. Students who have not registered or passed MNB1601will be
required to register for IOP1501 from the 2023 academic year and onwards. Students who have already
passed MNB1601 before 2023 will retain credir for the module
 
YEAR II  There are no changes for this level.
 
YEAR III: The College has removed FAC3761 and FAC3762 from the curriculum and replaced them with
FAC3764.
Students who have not registered or passed BOTH FAC3761 and FAC3762 must register for FAC3764,
CAS3701, and AIN3701 from 2023.
 
Where students have already passed and obtained credits for either FAC3761 or FAC3762 in 2022, the
students must register for FAC3764 in 2023 and need not register for CAS3701 and AIN3701.
 
Students should note that during the course of their studies they would be required to have access
to a computer with a webcam, and the internet.
 
Some of the pre-requisites and/ or co-requisites outlined in this qualification may not apply as
they do not form part of the curriculum.
",APS/AS:,,https://www.unisa.ac.za/sites/corporate/default/Register-to-study-through-Unisa/Undergraduate-&-honours-qualifications/Find-your-qualification-&-choose-your-modules/All-qualifications/Bachelor-of-Accounting-Sciences-in-Management-Accounting-(Revised-Curriculum-2020)-(98304-–-MA1)
Bachelor of Accounting Sciences in Taxation (98318 - TAX),98318,86226,,21,Accounting Sciences,7,360,"Purpose statement:The purpose of the Bachelor of Accounting Sciences: Taxation (BCompt (Taxation)) is to help equip learners with the knowledge, skills and attitudes to become taxation specialists within the accounting profession. The qualification will develop a capacity for logical analysis of legal taxation issues required to operate within public and private institutions. This qualification helps the learner to: 
* Fulfil the 'Qualifying Educational' requirement imposed by the South African Revenue Services (SARS). 
* Register with the South African institute of Professional Accountants as 'Tax Practitioners'. 

A qualifying learner will be able to: 

* Identify, explain and apply taxation principles and process to transactions and operations to ensure compliance with taxation legislation. 
* Analyse and interrogate information to make practical recommendations on taxation problems. 
* Solve complex taxation problems from a legal and business perspective. 
* Demonstrate understanding of taxation legislation and regulations. 
* Apply taxation practices to provide taxation opinions and advice. 
* Employ taxation disciplines, values, ethics and attitudes as required of professionals in the field of taxation. 
","
Rules:
Students who have already passed AUE1601 in this qualification will retain the credit and will not
be required to complete BNU1501.
Students who have not registered or passed MNB1601 will be required to register for IOP1501 from the
2023 academic year onwards.
Students who have already passed MNB1601 before 2023 will be credited with this module. The College
has removed TAX3702 from this curriculum and replaced it with TAX3761 which is a year
module. Students should note that during the course of their studies they would be required to have
access to a computer, a printer and the internet.
",,https://www.unisa.ac.za/sites/corporate/default/Register-to-study-through-Unisa/Undergraduate-&-honours-qualifications/Find-your-qualification-&-choose-your-modules/All-qualifications/Bachelor-of-Accounting-Sciences-in-Taxation-(98318-–-TAX)
Bachelor of Accounting Sciences Honours in Management Accounting (98354),98354,101059,,60,Accounting Sciences,8,120,"Purpose statement:The primary purpose of the qualification is to provide Honours Bachelor of Commerce graduate level knowledge, specific skills and applied competence in a number of fields traditionally associated with Business, Commerce and Management that will prepare them to be lifelong learners, employable workers/managers, entrepreneurs and contributors to society and the business community. A second purpose of the qualification is to provide South Africa (and other countries) with graduates in a number of learning fields in order to ensure that the leadership base of innovative and knowledge base economic and scholarly activity is widened. A third purpose of the qualification is to provide South Africa (and other countries) with people who can understand the constructive role they need to play as intellectual economic leaders in their society and who are empowered to play that role.","
Rules:
Students should note that during the course of their studies they would be required to have access
to a computer, a printer and the internet.
Module HMEMS80 is a 12 credit semester module offered in both semesters. Module HRMAC83 is a 36
credit year module. Students who have already passed HPMAC81 and HRMAC82 will be exempted from
HRMAC83.
",,https://www.unisa.ac.za/sites/corporate/default/Register-to-study-through-Unisa/Undergraduate-&-honours-qualifications/Find-your-qualification-&-choose-your-modules/All-qualifications/Bachelor-of-Accounting-Sciences-Honours-in-Management-Accounting-(98354)
Postgraduate Diploma in Accounting Sciences (98231),98231,90912,,50,Accounting Sciences,8,120,"Purpose statement:Studying accountancy at postgraduate level enables learners to become skilled at and discover the various causes of successes and failures of different business enterprises. Studying accountancy, learners will acquire the skill to analyse, record, classify and summarise the context in a significant manner in terms of money available and transactions. Learners will interpret results of these transactions and financial events. The Postgraduate Diploma: Accounting Sciences integrates the study of the theory and current practice of accounting with research and computer applications. Learners will observe, investigate, and identify problems through testing and collecting data using different methods, draw conclusions about the data and communicate to the relevant stakeholders. This qualification leads to entry into the Postgraduate Diploma in Applied Accounting Sciences. The qualification is also useful if a learner is interested in a career in Finance, Operations and Product Control within the financial sector.","
Rules:
Students should note that during the course of their studies they would be required to have access
to a computer with a webcam, and the internet.
",,https://www.unisa.ac.za/sites/corporate/default/Register-to-study-through-Unisa/Undergraduate-&-honours-qualifications/Find-your-qualification-&-choose-your-modules/All-qualifications/Postgraduate-Diploma-in-Accounting-Sciences-(98231)
Postgraduate Diploma in Applied Accounting Sciences (98255),98255,85107,,55,Accounting Sciences,8,120,"Purpose statement:The purpose of this qualification is to enable qualifying students to be certified as ""Competent in the Theory of Accountancy"" which is the admission requirement for part one of the South African Institute of Chartered Accountants' (SAICA's) Qualifying Examination. 
This qualification is endorsed by the SAICA. Its composition is based on the learning outcomes provided by SAICA and the syllabi of the Qualifying Examinations, in order to become a Chartered Accountant. 
It is in line with those of other SAICA recognised South African Universities.","
Rules:
Candidates should note that during their studies they would be required to have access to a computer
with a webcam, and the internet. This qualification may be obtained on a piece meal basis, but only
students who pass all the modules in one academic year will be awarded  a Certificate in the Theory
of Accounting (CTA) which will allow them to sit for the South African Institute of Chartered
Accountants' SAICA's Initial Test of Competence (ITC).
 
Students who have failed both FAC/ZFA/NFA4863 and FAC/ZFA/NFA 4864 will be required
to register for FAC/ZFA/NFA 4866 and CAS4801 from the 2024 academic year onwards.
Students who have already passed FAC/ZFA/NFA4863 and FAC/ZFA/NFA4864 before 2024 will be credited
with these modules.
Students who have passed and obtained credits for either FAC/ZFA/NFA 4863 or FAC/ZFA/NFA 4864 in
2023 \will be required to register for FAC/ZFA/NFA 4866 in 2024. They may elect to register for
CAS4801.
",,https://www.unisa.ac.za/sites/corporate/default/Register-to-study-through-Unisa/Undergraduate-&-honours-qualifications/Find-your-qualification-&-choose-your-modules/All-qualifications/Postgraduate-Diploma-in-Applied-Accounting-Sciences-(98255)
Postgraduate Diploma in Financial Accounting (98233),98233,84926,,50,Accounting Sciences,8,120,"Purpose statement:The purpose of this qualification is to enable qualifying learners to understand and perform specialised and work related financial accounting functions. The competencies captured in this qualification will allow the learner to identify and analyse contemporary developments in the areas of: Financial accounting. Corporate financial reporting. Financial strategy. Taxation. 
The learner will also master learning related to ethics, communication and social responsibilities which are inherent in the learning modules. Further, the learning occurring during this qualification will empower the learner to function in both the private and public sectors. The qualifying learner will be capable of: Analysing advanced financial accounting theories, principles and practices. Applying advanced corporate financial reporting theories, principles and practices. Analysing financial strategy theories, principles and practices. Analysing complex taxation principles and practices.","
Rules:
Candidates should note that during the course of their studies they would be required to have access
to a computer with a webcam, and the internet.
",,https://www.unisa.ac.za/sites/corporate/default/Register-to-study-through-Unisa/Undergraduate-&-honours-qualifications/Find-your-qualification-&-choose-your-modules/All-qualifications/Postgraduate-Diploma-in-Financial-Accounting-(98233)
Postgraduate Diploma in Forensic Auditing (98234),98234,85046,,50,Accounting Sciences,8,120,"Purpose statement:A Postgraduate Diploma: Forensic Auditing (PGDFA) learner is actively engaged in becoming a well-rounded, educated person and in preparing for further, more specific study or for the forensic auditing work environment. This qualification offers an advanced understanding of theories and practices pertaining to the field of Forensic Auditing and equips the learner with the necessary skills to manage forensic audit activities in diverse business environments. The Postgraduate Diploma: Forensic Auditing learner performs a critical role in society by practising ethics pertinent to business and communicates in a clear, rational and logical manner. The purpose of this qualification is firstly to prepare learners for a career in forensic auditing. Secondly, this qualification prepares learners to write the Certified Fraud Examiners' (CFE) examination. Thirdly, this qualification forms part of the learning pathway to qualify as a Forensic Accountant/Auditor (CFP-FA) with the Institute of Commercial Forensic Practitioners (ICFP).","
Rules:
Students should note that during the course of their studies they would be required to have access
to a computer with a webcam, and the internet. Modules APL4862 and AUE4801 are 12 credit semester
modules offered in both semesters. Candidates may not enrol for all the modules in their first year
of study without prior approval from the chair of the Department of Auditing and they should enrol
for the modules in the following sequence: ALF4861; APL4802; AUE4866; AUE4863; AUE4864 and AUE4801.
Students who have already passed LFI4861 will be exempted from AUE4866.
",,https://www.unisa.ac.za/sites/corporate/default/Register-to-study-through-Unisa/Undergraduate-&-honours-qualifications/Find-your-qualification-&-choose-your-modules/All-qualifications/Postgraduate-Diploma-in-Forensic-Auditing-(98234)
Postgraduate Diploma in Internal Auditing (98207),98207,80947,,50,Accounting Sciences,8,120,Purpose statement:The purpose of this qualification is to enable qualifying students to identify and analyse contemporary developments in the field of Internal Auditing and to perform advanced internal audit procedures. Qualifying candidates will be equipped to fulfil the role of Chief Audit Executive within an organisation.,"
Rules:
Students should note that during the course of their studies they would be required to have access
to a computer with a webcam, and the internet.
",,https://www.unisa.ac.za/sites/corporate/default/Register-to-study-through-Unisa/Undergraduate-&-honours-qualifications/Find-your-qualification-&-choose-your-modules/All-qualifications/Postgraduate-Diploma-in-Internal-Auditing-(98207)
Postgraduate Diploma in Management Accounting (98205),98205,88893,,50,Accounting Sciences,8,120,"Purpose statement:The purpose of the Postgraduate Diploma: Management Accounting is to prepare candidates for their role as management accountants in the workplace. The qualification will equip learners with insight into the world of financial management, both from a corporate and individual perspective, with an emphasis on improving decision-making in a competitive environment. Learners will utilise the financial information in managerial decision-making. This qualification will be instrumental in assisting learners to:
*Apply this knowledge to advanced and complex case studies and exercise a number of choices with regard to the appropriate technology or systems for the given situation.
*Critically analyse theories, examples and case studies.
*Acquire a level of mastery to deal with unfamiliar concrete and abstract problems.
*Justify their recommendations in complex business decision-making situations.
*Introduce learners to different risks with regard to financial information management, to be stimulated to develop control procedures to eliminate these risks.","
Rules:
This qualification is endorsed by the Chartered Institute of Management Accountants (CIMA).Once
students have completed this qualification they will gain direct admission to CIMA's management
level case study. Students who successfully complete the management level case study will graduate
with an Advanced Diploma in Management Accounting from CIMA and gain admission to CIMA's strategic
level objective tests. Students should note that during the course of their studies they would be
required to have access to a computer with a webcam, and the internet.
",,https://www.unisa.ac.za/sites/corporate/default/Register-to-study-through-Unisa/Undergraduate-&-honours-qualifications/Find-your-qualification-&-choose-your-modules/All-qualifications/Postgraduate-Diploma-in-Management-Accounting-(98205)
Postgraduate Diploma in Taxation (98256),98256,84847,,50,Accounting Sciences,8,120,"Purpose statement:The Purpose of this qualification is to enable qualifying learners to identify and analyse contemporary developments in the various fields of Taxation and to become tax experts as required by the South African Revenue Services, the National Treasury or trade and industry at large.","
Rules:
Candidates should note that during the course of their studies they would be required to have access
to a computer with a webcam, and the internet.  In order to select the module in Economics
candidates need to have passed the subject at NQF level 7.
",,https://www.unisa.ac.za/sites/corporate/default/Register-to-study-through-Unisa/Undergraduate-&-honours-qualifications/Find-your-qualification-&-choose-your-modules/All-qualifications/Postgraduate-Diploma-in-Taxation-(98256)
Higher Certificate in Animal Welfare (90098),90098,101937,,15,Agriculture and Environmental Sciences,5,120,This qualification will be presented using both online and distance learning modes.,"Purpose statement:Qualifying students will have acquired the knowledge and skills specified by the South African Veterinary Council for the paraveterinary profession of Veterinary Welfare Assistant.  More specifically, they will be able to demonstrate and apply knowledge of animal anatomy and physiology, behaviour and husbandry, standards for ethical behaviour in relation to animals, and a range of other knowledge and skills related to animal care and well-being.
The qualification strives to promote animal welfare awareness and a commitment to ethical animal care and well-being.  It further aims to alleviate the severe shortage of veterinary-related skills in South Africa by providing qualified Veterinary Welfare Assistants to work in support of animal welfare organisations in communities across the country. In so doing, it will promote the general benefits people derive from a healthy companion animal population, and also contribute to advancing social and economic transformation by providing accessible opportunities for individuals and career development to people from all social and cultural groups.
",,https://www.unisa.ac.za/sites/corporate/default/Register-to-study-through-Unisa/Undergraduate-&-honours-qualifications/Find-your-qualification-&-choose-your-modules/All-qualifications/Higher-Certificate-in-Animal-Welfare-(90098)
Higher Certificate in Life and Environmental Sciences (98366),98366,110744,,15,Agriculture and Environmental Sciences,5,120,"Purpose statement:The primary purpose of the qualification is to provide learners with the basic introductory knowledge, cognitive and conceptual tools and practical techniques for Higher Education studies in life, environmental and related fields. The qualification emphasises general scientific principles, concepts, and theories that will improve the students' ability to grasp scientific concepts at higher levels. It exposes the learners to techniques for higher education studies in life, environmental and related fields. Qualifying learners would have attained a basic level of higher education knowledge and competence in life and environmental sciences, and will be capable of applying such knowledge and competence in the workplace. It is therefore meant for those who do not meet the requirements for entry into the Diploma qualifications to gain enough competency to be admitted into such. Students who complete the qualification are able to articulate into Diploma, Bachelor of Consumer Sciences and Bachelor of Arts (BA) in Environmental Management qualifications.","
Rules:Students who have passed ENN103F will be credited for ENG1503. Students who passed PTP1501 need not register for BLG1501.",,https://www.unisa.ac.za/sites/corporate/default/Register-to-study-through-Unisa/Undergraduate-&-honours-qualifications/Find-your-qualification-&-choose-your-modules/All-qualifications/Higher-Certificate-in-Life-and-Environmental-Sciences-(98366)
Diploma in Agricultural Management (90097),90097,109028,,18,Agriculture and Environmental Sciences,6,360,Purpose statement:The purpose of this qualification is to train low level Managers and Technicians in the agricultural sector to meet the current critical shortage of skilled people in the sector. There is a need to develop skilled people in agriculture to ensure the relevance of the discipline in addressing agricultural sector development for food security and sustainable environment.,"
Rules:
Some of the pre-requisites and/or co-requisites outlined in this qualification may not apply as
they do not form part of the curriculum.
",,https://www.unisa.ac.za/sites/corporate/default/Register-to-study-through-Unisa/Undergraduate-&-honours-qualifications/Find-your-qualification-&-choose-your-modules/All-qualifications/Diploma-in-Agricultural-Management-(90097)
Diploma in Animal Health (98026 - AHE),98026,101065,,18,Agriculture and Environmental Sciences,6,360,"Purpose statement:The primary purpose of the diploma is to qualify learners as animal health technicians who will be competent in applying animal health care, disease control and management techniques in the prevention and control of animal diseases in order to support animal and veterinary public health.","
Rules:
The Diploma: Animal Health is approved for registration with the SAVC. It is compulsory for each
student to register with the South African Veterinary Council (SAVC) the first time they register
for ANH3604/ANH3605 and maintain the registration throughout the remaining part of the course.
The relevant form is available on the SAVC website (http://www.savc.org.za. The form should be
completed by the student and then stamped by Unisa at ANY UNISA CENTRE.
The student should liaise with the SAVC Tel: 012 345-6347/6360: fax: 012 345-6369 to complete
the registration process. No student is allowed to proceed with their work-integrated learning (WIL)
if they have not registered with the SAVC.
Practical work forms an integral part of this qualification.
No student will be able to graduate if they have not completed all the practical modules.
Students who have completed the HC in Animal Welfare, must comply with the 50% Mathematics
requirement, in order to register with SAVC. Students who do not have NSC Mathematics with 50% and
have completed the Higher Certificate in Animal Health should register BNU1501 for Non-degree
purpose (NDP).
",,https://www.unisa.ac.za/sites/corporate/default/Register-to-study-through-Unisa/Undergraduate-&-honours-qualifications/Find-your-qualification-&-choose-your-modules/All-qualifications/Diploma-in-Animal-Health-(98026-–-AHE)
Diploma in Nature Conservation (98024 - NCO),98024,90512,,18,Agriculture and Environmental Sciences,6,360,"Purpose statement:The purpose of this qualification is to develop competent conservation officers who can provide support to conservators and resource managers or actively participate in management functions in natural resource management areas. Qualifying learners will be able to apply acquired technical and scientific knowledge, skills and attitudes, to interpret observations made and information and data gathered, regarding natural resources. This qualification aims to enhance professional competence in the field of nature conservation on local, regional and national levels by providing the conservation industry with persons who are able to participate in ecosystems' management, environmental education and ecotourism. This, in turn, will contribute to sustainable and responsible utilisation of natural resources in Africa, thus contributing to economic development. It further aims to advance social and economic transformation by providing accessible opportunities for individual, career and entrepreneurial development for people from all social and cultural groups. 

","
Rules:
This qualification has compulsory contact modules that carry additional fees.
The qualification also requires time to be spent in the industry to meet the requirements reflected
in the six NCA-modules.
",,https://www.unisa.ac.za/sites/corporate/default/Register-to-study-through-Unisa/Undergraduate-&-honours-qualifications/Find-your-qualification-&-choose-your-modules/All-qualifications/Diploma-in-Nature-Conservation-(98024-–-NCO)
Diploma in Ornamental Horticulture (98025 - HOR),98025,83107,,18,Agriculture and Environmental Sciences,6,360,"Purpose statement:The primary purpose of the qualification is to develop competent horticulturists enabling them to apply ornamental horticultural technologies and strategies in the green industry in a way that will be environmentally sustainable. They will be able to propagate care for and utilise plants, plan, implement and maintain urban landscapes, be able to apply basic managerial skills. The qualification aims to contribute to the green industry by developing horticultural professionals and managers and so enhance the effectiveness and the competitiveness of the industry. It also aims to support the discipline of Horticulture by providing the academic foundation for possible future research in the field. The qualification strives to promote environmental awareness and a commitment to environmental sustainability, as well as the recognition that plants, with their various functional and aesthetic uses, have the ability to improve quality of life. It further aims to advance social and economic transformation by providing accessible opportunities for individual, career and entrepreneurial development to people from all social and cultural groups.","
Rules:
Practical work and work integrated learning form an integral part of this qualification.
",,https://www.unisa.ac.za/sites/corporate/default/Register-to-study-through-Unisa/Undergraduate-&-honours-qualifications/Find-your-qualification-&-choose-your-modules/All-qualifications/Diploma-in-Ornamental-Horticulture-(98025-–-HOR)
Advanced Diploma in Agricultural Management (98027),98027,112223,,60,Agriculture and Environmental Sciences,7,120,"Purpose statement:The primary purpose of the qualification is to provide learners with specialised knowledge and skills in the areas of economics and management principles that are used in the production, transformation and marketing of food and other agricultural products. These principles are used to produce and add value to high-quality agricultural products so that these products have economic, aesthetic, social and cultural value. The qualifying learners will be exposed to and acquire skills, knowledge, values, and attitudes relevant to agricultural production. Qualifying learners with this skill may be employed by the Department of Agriculture Fisheries and Forestry as well as the Land Reform Department to play a major role in providing advisory services in agricultural management to land reform beneficiaries in the country to improve productivity on their various agricultural undertakings.","
Rules:
Some of the pre-requisites and/or co requisites (MNG3701) outlined in this qualification may not
apply as they do not form part of the curriculum.
",,https://www.unisa.ac.za/sites/corporate/default/Register-to-study-through-Unisa/Undergraduate-&-honours-qualifications/Find-your-qualification-&-choose-your-modules/All-qualifications/Advanced-Diploma-in-Agricultural-Management-(98027)
Advanced Diploma in Animal Health (90112),90112,105730,,60,Agriculture and Environmental Sciences,7,120,This qualification will be presented using both online and distance learning modes.,"Purpose statement:The primary purpose of the qualification is to provide students with a strong industry- oriented focus. The qualification also serves to provide students with the advanced knowledge, cognitive and conceptual tools and practical techniques for higher education in Animal Health. It may provide intellectual enrichment, enhance flexibility in the light of changing circumstances in the field of Animal Health, enable a change in career path or offer an intensive, focused and applied specialisation which meets the requirements in the labour market of the animal health industry. The graduates of the Advanced Diploma in Animal Health will have a deep and systematic understanding of current thinking, practice, theory and methodology in an area of specialisation. It is therefore particularly suitable for continuing professional development.",,https://www.unisa.ac.za/sites/corporate/default/Register-to-study-through-Unisa/Undergraduate-&-honours-qualifications/Find-your-qualification-&-choose-your-modules/All-qualifications/Advanced-Diploma-in-Animal-Health-(90112)
Advanced Diploma in Nature Conservation (98028),98028,85127,,60,Agriculture and Environmental Sciences,7,120,"Purpose statement:The purpose of this qualification is to develop competent conservation managers who are able to conduct research under supervision and to scientifically manage natural resource areas. Qualifying students will be able to apply acquired research and management knowledge, skills and attitudes to holistically manage areas according to ecologically sound scientific objectives. This qualification provides the conservation industry with persons who are suitably skilled to scientifically manage ecosystems.","
Rules:
If student plans to complete qualification over more than one year, then it is recommended that
COC4701, COC4702, RMM4701 & PST4701 are taken in the first year. Students will be required to
attend compulsory contact sessions.
",,https://www.unisa.ac.za/sites/corporate/default/Register-to-study-through-Unisa/Undergraduate-&-honours-qualifications/Find-your-qualification-&-choose-your-modules/All-qualifications/Advanced-Diploma-in-Nature-Conservation-(98028)
Advanced Diploma in Ornamental and Landscape Horticulture (90094),90094,101899,,60,Agriculture and Environmental Sciences,7,120,This qualification will be presented using both online and distance learning modes.,"Purpose statement:The primary purpose of the qualification serves to deepen students' knowledge and skills in the various areas of ornamental and landscape horticulture. Qualifying students will have a well-rounded knowledge base and specialised skills in: Arboriculture, Production and cultivation of ornamental crops in greenhouses, Horticultural production process management, Sustainable plant production, plant pest and disease management, Growth media management for plant production, Management of urban green space and amenities and conducting horticultural research projects.",,https://www.unisa.ac.za/sites/corporate/default/Register-to-study-through-Unisa/Undergraduate-&-honours-qualifications/Find-your-qualification-&-choose-your-modules/All-qualifications/Advanced-Diploma-in-Ornamental-and-Landscape-Horticulture-(90094)
Bachelor of Arts in Environmental Management (98055),98055,15840,,20,Agriculture and Environmental Sciences,7,360,"Purpose statement:The purposes of this qualification: 1) To familiarise learners with the content and basic theories of a number of disciplines in the humanities and social sciences, at the basic and intermediate level, and to provide them with a deeper grasp of one or more of these disciplines taken at exit level (level 6), as well as to enable them to place new knowledge in context and to use appropriate methods for seeking resolution of problems; 2) To provide learners with a variety of basic scholarly and intellectual competencies, including the ability to question critically the assumptions of a limited range of theories and authorities, and to develop an understanding of elementary research methods used within one or more disciplines; 3) To equip learners with the ability to give an accurate account of scholarly positions and the competence to express their own opinions clearly and coherently, both in written and oral communication; 4) To prepare learners for post learner study; 5) To provide learners with a well-rounded and broad education across a number of disciplines, thus preparing them for a wide range of professions crucial to the welfare of society; 6) To produce learners who are able to think laterally, critically and creatively; 7) To produce learners who are prepared for life-long learning; 8) To produce learners who understand the principles of, and are capable of critical citizenship.","
Rules:
Some of the pre-requisites and/or co-requisites on PUB2606 & PUB3701 outlined in this qualification
may not apply as they do not form part of the curriculum.
",,https://www.unisa.ac.za/sites/corporate/default/Register-to-study-through-Unisa/Undergraduate-&-honours-qualifications/Find-your-qualification-&-choose-your-modules/All-qualifications/Bachelor-of-Arts-in-Environmental-Management-(98055)
Bachelor of Consumer Science Fashion Retail Management (98005 - FAR),Fashion Retail Management,360,,62424,Agriculture and Environmental Sciences,98005 - FAR,7,"
Rules:
The practical sessions will be conducted in Gauteng.
",APS/AS:,,https://www.unisa.ac.za/sites/corporate/default/Register-to-study-through-Unisa/Undergraduate-&-honours-qualifications/Find-your-qualification-&-choose-your-modules/All-qualifications/Bachelor-of-Consumer-Science-Fashion-Retail-Management-(98005-–-FAR)
Bachelor of Consumer Science Fashion Small-Business Management (98005 - FSB),Fashion Small-Business Management,360,,62424,Agriculture and Environmental Sciences,98005 - FSB,7,"
Rules:
The practical sessions will be conducted in Gauteng.
",APS/AS:,,https://www.unisa.ac.za/sites/corporate/default/Register-to-study-through-Unisa/Undergraduate-&-honours-qualifications/Find-your-qualification-&-choose-your-modules/All-qualifications/Bachelor-of-Consumer-Science-Fashion-Small–Business-Management-(98005-–-FSB)
Bachelor of Consumer Science Food Retail Management (98005 - FOR),Food Retail Management,360,,62424,Agriculture and Environmental Sciences,98005 - FOR,7,"
Rules:
The practical sessions will be conducted in Gauteng.
",APS/AS:,,https://www.unisa.ac.za/sites/corporate/default/Register-to-study-through-Unisa/Undergraduate-&-honours-qualifications/Find-your-qualification-&-choose-your-modules/All-qualifications/Bachelor-of-Consumer-Science-Food-Retail-Management-(98005-–-FOR)
Bachelor of Consumer Science Food Service Management (98005 - FSM),Food Service Management,360,,62424,Agriculture and Environmental Sciences,98005 - FSM,7,"
Rules:
The practical sessions will be conducted in Gauteng.
",APS/AS:,,https://www.unisa.ac.za/sites/corporate/default/Register-to-study-through-Unisa/Undergraduate-&-honours-qualifications/Find-your-qualification-&-choose-your-modules/All-qualifications/Bachelor-of-Consumer-Science-Food-Service-Management-(98005-–-FSM)
Bachelor of Consumer Science Food and Clothing (98005 - FCL),Food and Clothing,360,,62424,Agriculture and Environmental Sciences,98005 - FCL,7,"
Rules:
The practical sessions will be conducted in Gauteng.
",APS/AS:,,https://www.unisa.ac.za/sites/corporate/default/Register-to-study-through-Unisa/Undergraduate-&-honours-qualifications/Find-your-qualification-&-choose-your-modules/All-qualifications/Bachelor-of-Consumer-Science-Food-and-Clothing-(98005-–-FCL)
Bachelor of Consumer Science Food and Nutrition (98005 - FNU),Food and Nutrition,360,,62424,Agriculture and Environmental Sciences,98005 - FNU,7,"
Rules:
The B degree Consumer Science (Food & Nutrition Stream) aims to train Consumer Scientists
 knowledgeable in nutrition. This qualification will not enable students to register with the Health
 Professions Council of South Africa (HPCSA) as a dietician or nutritionist. The practical sessions
 will be conducted in Gauteng.
",APS/AS:,,https://www.unisa.ac.za/sites/corporate/default/Register-to-study-through-Unisa/Undergraduate-&-honours-qualifications/Find-your-qualification-&-choose-your-modules/All-qualifications/Bachelor-of-Consumer-Science-Food-and-Nutrition-(98005-–-FNU)
Bachelor of Consumer Science Hospitality Management (98005 - HOM),Hospitality Management,360,,62424,Agriculture and Environmental Sciences,98005 - HOM,7,"
Rules:
The practical sessions will be conducted in Gauteng.
",APS/AS:,,https://www.unisa.ac.za/sites/corporate/default/Register-to-study-through-Unisa/Undergraduate-&-honours-qualifications/Find-your-qualification-&-choose-your-modules/All-qualifications/Bachelor-of-Consumer-Science-Hospitality-Management-(98005-–-HOM)
Bachelor of Science in Agricultural Science Agricultural Business and Management (90082 - ABM),Agricultural Business and Management,480,,99030,Agriculture and Environmental Sciences,90082 - ABM,8,"
Rules:
Some of the pre-requisites and/or co-requisites outlined in this qualification may not apply as they
do not form part of the curriculum.
",APS/AS:,,https://www.unisa.ac.za/sites/corporate/default/Register-to-study-through-Unisa/Undergraduate-&-honours-qualifications/Find-your-qualification-&-choose-your-modules/All-qualifications/Bachelor-of-Science-in-Agricultural-Science-Agricultural-Business-and-Management-(90082-–-ABM)
Bachelor of Science in Agricultural Science Animal Science (90082 - ANS),Animal Science,480,,99030,Agriculture and Environmental Sciences,90082 - ANS,8,"
Rules:
Some of the pre-requisites and/or co requisites outlined in this qualification may not apply as they
do not form part of the curriculum.
",APS/AS:,,https://www.unisa.ac.za/sites/corporate/default/Register-to-study-through-Unisa/Undergraduate-&-honours-qualifications/Find-your-qualification-&-choose-your-modules/All-qualifications/Bachelor-of-Science-in-Agricultural-Science-Animal-Science-(90082-–-ANS)
Bachelor of Science in Agricultural Science Plant Science (90082 - PLS),Plant Science,480,,99030,Agriculture and Environmental Sciences,90082 - PLS,8,"
Rules:
Some of the pre-requisites and/or co-requisites outlined in this qualification may not apply as they
do not form part of the curriculum.
",APS/AS:,,https://www.unisa.ac.za/sites/corporate/default/Register-to-study-through-Unisa/Undergraduate-&-honours-qualifications/Find-your-qualification-&-choose-your-modules/All-qualifications/Bachelor-of-Science-in-Agricultural-Science-Plant-Science-(90082-–-PLS)
Bachelor of Science in Environmental Management Botany (98052 - EBO),Botany,360,,101233,Agriculture and Environmental Sciences,98052 - EBO,7,"
Rules:
Some of the pre-requisites and/or co-requisites on PUB3701 outlined in this qualification may not
apply as they do not form part of the curriculum.
",APS/AS:,,https://www.unisa.ac.za/sites/corporate/default/Register-to-study-through-Unisa/Undergraduate-&-honours-qualifications/Find-your-qualification-&-choose-your-modules/All-qualifications/Bachelor-of-Science-in-Environmental-Management-Botany-(98052-–-EBO)
Bachelor of Science in Environmental Management Chemistry (98052 - ECH),Chemistry,360,,101233,Agriculture and Environmental Sciences,98052 - ECH,7,"
Rules:
Some of the pre-requisites and/or co-requisites on PUB2606 & PUB3701 outlined in this qualification
may not apply as they do not form part of the curriculum.
",APS/AS:,,https://www.unisa.ac.za/sites/corporate/default/Register-to-study-through-Unisa/Undergraduate-&-honours-qualifications/Find-your-qualification-&-choose-your-modules/All-qualifications/Bachelor-of-Science-in-Environmental-Management-Chemistry-(98052-–-ECH)
Bachelor of Science in Environmental Management Zoology (98052 - EZO),Zoology,360,,101233,Agriculture and Environmental Sciences,98052 - EZO,7,"
Rules:
Some of the pre-requisites and/or co-requisites on PUB3701 outlined in this qualification may not
apply as they do not form part of the curriculum.
",APS/AS:,,https://www.unisa.ac.za/sites/corporate/default/Register-to-study-through-Unisa/Undergraduate-&-honours-qualifications/Find-your-qualification-&-choose-your-modules/All-qualifications/Bachelor-of-Science-in-Environmental-Management-Zoology-(98052-–-EZO)
Bachelor of Science in Life Sciences Biochemistry (or Physiology or Microbiology) with Business Management (98053 - BBM),Biochemistry (or Physiology or Microbiology) with Business Management,360,,101234,Agriculture and Environmental Sciences,98053 - BBM,7,"Purpose statement:The purpose of this qualification is: 1) To produce science graduates who have the following attributes - a systematic and coherent body of knowledge and an understanding of underlying concepts and principles; the ability to access and evaluate scientific information including knowing how scientific knowledge is created; a high level of cognitive and other generic skills including problem-solving, written and spoken communication and computer literacy and competence in applying knowledge through basic research methods and practice; 2) To provide every graduate with a sufficient depth of knowledge and skills that give opportunities for continued personal intellectual growth - including postgraduate study - for gainful economic activity in a range of careers and for rewarding and constructive contributions to society. 3) To provide society with science graduates who demonstrate initiative and responsibility, who are professional and ethical in their roles within the economy and society and who are able to be intellectual leaders within their society and 4) To produce graduates in all scientific fields in order to increase, widen and transform the leadership base in South Africa, both for innovation and science-based economic and research development and for the education of future generations of scientists, technologists, engineers and other professional people.",APS/AS:,,https://www.unisa.ac.za/sites/corporate/default/Register-to-study-through-Unisa/Undergraduate-&-honours-qualifications/Find-your-qualification-&-choose-your-modules/All-qualifications/Bachelor-of-Science-in-Life-Sciences-Biochemistry-(or-Physiology-or-Microbiology)-with-Business-Management-(98053-–-BBM)
Bachelor of Science in Life Sciences Biochemistry and Botany (98053 - BAB),Biochemistry and Botany,360,,101234,Agriculture and Environmental Sciences,98053 - BAB,7,"Purpose statement:The purpose of this qualification is: 1) To produce science graduates who have the following attributes - a systematic and coherent body of knowledge and an understanding of underlying concepts and principles; the ability to access and evaluate scientific information including knowing how scientific knowledge is created; a high level of cognitive and other generic skills including problem-solving, written and spoken communication and computer literacy and competence in applying knowledge through basic research methods and practice; 2) To provide every graduate with a sufficient depth of knowledge and skills that give opportunities for continued personal intellectual growth - including postgraduate study - for gainful economic activity in a range of careers and for rewarding and constructive contributions to society. 3) To provide society with science graduates who demonstrate initiative and responsibility, who are professional and ethical in their roles within the economy and society and who are able to be intellectual leaders within their society and 4) To produce graduates in all scientific fields in order to increase, widen and transform the leadership base in South Africa, both for innovation and science-based economic and research development and for the education of future generations of scientists, technologists, engineers and other professional people.",APS/AS:,,https://www.unisa.ac.za/sites/corporate/default/Register-to-study-through-Unisa/Undergraduate-&-honours-qualifications/Find-your-qualification-&-choose-your-modules/All-qualifications/Bachelor-of-Science-in-Life-Sciences-Biochemistry-and-Botany-(98053-–-BAB)
Bachelor of Science in Life Sciences Biochemistry and Microbiology (98053 - BAM),Biochemistry and Microbiology,360,,101234,Agriculture and Environmental Sciences,98053 - BAM,7,"Purpose statement:The purpose of this qualification is: 1) To produce science graduates who have the following attributes - a systematic and coherent body of knowledge and an understanding of underlying concepts and principles; the ability to access and evaluate scientific information including knowing how scientific knowledge is created; a high level of cognitive and other generic skills including problem-solving, written and spoken communication and computer literacy and competence in applying knowledge through basic research methods and practice; 2) To provide every graduate with a sufficient depth of knowledge and skills that give opportunities for continued personal intellectual growth - including postgraduate study - for gainful economic activity in a range of careers and for rewarding and constructive contributions to society. 3) To provide society with science graduates who demonstrate initiative and responsibility, who are professional and ethical in their roles within the economy and society and who are able to be intellectual leaders within their society and 4) To produce graduates in all scientific fields in order to increase, widen and transform the leadership base in South Africa, both for innovation and science-based economic and research development and for the education of future generations of scientists, technologists, engineers and other professional people.",APS/AS:,,https://www.unisa.ac.za/sites/corporate/default/Register-to-study-through-Unisa/Undergraduate-&-honours-qualifications/Find-your-qualification-&-choose-your-modules/All-qualifications/Bachelor-of-Science-in-Life-Sciences-Biochemistry-and-Microbiology-(98053-–-BAM)
Bachelor of Science in Life Sciences Biochemistry and Physiology (98053 - BAP),Biochemistry and Physiology,360,,101234,Agriculture and Environmental Sciences,98053 - BAP,7,"Purpose statement:The purpose of this qualification is: 1) To produce science graduates who have the following attributes - a systematic and coherent body of knowledge and an understanding of underlying concepts and principles; the ability to access and evaluate scientific information including knowing how scientific knowledge is created; a high level of cognitive and other generic skills including problem-solving, written and spoken communication and computer literacy and competence in applying knowledge through basic research methods and practice; 2) To provide every graduate with a sufficient depth of knowledge and skills that give opportunities for continued personal intellectual growth - including postgraduate study - for gainful economic activity in a range of careers and for rewarding and constructive contributions to society. 3) To provide society with science graduates who demonstrate initiative and responsibility, who are professional and ethical in their roles within the economy and society and who are able to be intellectual leaders within their society and 4) To produce graduates in all scientific fields in order to increase, widen and transform the leadership base in South Africa, both for innovation and science-based economic and research development and for the education of future generations of scientists, technologists, engineers and other professional people.",APS/AS:,,https://www.unisa.ac.za/sites/corporate/default/Register-to-study-through-Unisa/Undergraduate-&-honours-qualifications/Find-your-qualification-&-choose-your-modules/All-qualifications/Bachelor-of-Science-in-Life-Sciences-Biochemistry-and-Physiology-(98053-–-BAP)
Bachelor of Science in Life Sciences Biochemistry and Zoology (98053 - BAZ),Biochemistry and Zoology,360,,101234,Agriculture and Environmental Sciences,98053 - BAZ,7,"Purpose statement:The purpose of this qualification is: 1) To produce science graduates who have the following attributes - a systematic and coherent body of knowledge and an understanding of underlying concepts and principles; the ability to access and evaluate scientific information including knowing how scientific knowledge is created; a high level of cognitive and other generic skills including problem-solving, written and spoken communication and computer literacy and competence in applying knowledge through basic research methods and practice; 2) To provide every graduate with a sufficient depth of knowledge and skills that give opportunities for continued personal intellectual growth - including postgraduate study - for gainful economic activity in a range of careers and for rewarding and constructive contributions to society. 3) To provide society with science graduates who demonstrate initiative and responsibility, who are professional and ethical in their roles within the economy and society and who are able to be intellectual leaders within their society and 4) To produce graduates in all scientific fields in order to increase, widen and transform the leadership base in South Africa, both for innovation and science-based economic and research development and for the education of future generations of scientists, technologists, engineers and other professional people.",APS/AS:,,https://www.unisa.ac.za/sites/corporate/default/Register-to-study-through-Unisa/Undergraduate-&-honours-qualifications/Find-your-qualification-&-choose-your-modules/All-qualifications/Bachelor-of-Science-in-Life-Sciences-Biochemistry-and-Zoology-(98053-–-BAZ)
Bachelor of Science in Life Sciences Biomedical Sciences (98053 - BMI),Biomedical Sciences,360,,101234,Agriculture and Environmental Sciences,98053 - BMI,7,"
Rules:Students who have passed BOT2605 will be exempted for NUT2601.",APS/AS:,,https://www.unisa.ac.za/sites/corporate/default/Register-to-study-through-Unisa/Undergraduate-&-honours-qualifications/Find-your-qualification-&-choose-your-modules/All-qualifications/Bachelor-of-Science-in-Life-Sciences-Biomedical-Sciences-(98053-–-BMI)
Bachelor of Science in Life Sciences Biotechnology (98053 - BIT),Biotechnology,360,,101234,Agriculture and Environmental Sciences,98053 - BIT,7,"
Rules:
Some of the pre-requisites and/or co-requisites outlined in this qualification may not apply as they
do not form part of the curriculum.
",APS/AS:,,https://www.unisa.ac.za/sites/corporate/default/Register-to-study-through-Unisa/Undergraduate-&-honours-qualifications/Find-your-qualification-&-choose-your-modules/All-qualifications/Bachelor-of-Science-in-Life-Sciences-Biotechnology-(98053-–-BIT)
Bachelor of Science in Life Sciences Botany and Microbiology (98053 - BNM),Botany and Microbiology,360,,101234,Agriculture and Environmental Sciences,98053 - BNM,7,"Purpose statement:The purpose of this qualification is: 1) To produce science graduates who have the following attributes - a systematic and coherent body of knowledge and an understanding of underlying concepts and principles; the ability to access and evaluate scientific information including knowing how scientific knowledge is created; a high level of cognitive and other generic skills including problem-solving, written and spoken communication and computer literacy and competence in applying knowledge through basic research methods and practice; 2) To provide every graduate with a sufficient depth of knowledge and skills that give opportunities for continued personal intellectual growth - including postgraduate study - for gainful economic activity in a range of careers and for rewarding and constructive contributions to society. 3) To provide society with science graduates who demonstrate initiative and responsibility, who are professional and ethical in their roles within the economy and society and who are able to be intellectual leaders within their society and 4) To produce graduates in all scientific fields in order to increase, widen and transform the leadership base in South Africa, both for innovation and science-based economic and research development and for the education of future generations of scientists, technologists, engineers and other professional people.",APS/AS:,,https://www.unisa.ac.za/sites/corporate/default/Register-to-study-through-Unisa/Undergraduate-&-honours-qualifications/Find-your-qualification-&-choose-your-modules/All-qualifications/Bachelor-of-Science-in-Life-Sciences-Botany-and-Microbiology-(98053-–-BNM)
Bachelor of Science in Life Sciences Botany and Zoology (with Geography) (98053 - BZG),Botany and Zoology (with Geography),360,,101234,Agriculture and Environmental Sciences,98053 - BZG,7,"Purpose statement:The purpose of this qualification is: 1) To produce science graduates who have the following attributes - a systematic and coherent body of knowledge and an understanding of underlying concepts and principles; the ability to access and evaluate scientific information including knowing how scientific knowledge is created; a high level of cognitive and other generic skills including problem-solving, written and spoken communication and computer literacy and competence in applying knowledge through basic research methods and practice; 2) To provide every graduate with a sufficient depth of knowledge and skills that give opportunities for continued personal intellectual growth - including postgraduate study - for gainful economic activity in a range of careers and for rewarding and constructive contributions to society. 3) To provide society with science graduates who demonstrate initiative and responsibility, who are professional and ethical in their roles within the economy and society and who are able to be intellectual leaders within their society and 4) To produce graduates in all scientific fields in order to increase, widen and transform the leadership base in South Africa, both for innovation and science-based economic and research development and for the education of future generations of scientists, technologists, engineers and other professional people.",APS/AS:,,https://www.unisa.ac.za/sites/corporate/default/Register-to-study-through-Unisa/Undergraduate-&-honours-qualifications/Find-your-qualification-&-choose-your-modules/All-qualifications/Bachelor-of-Science-in-Life-Sciences-Botany-and-Zoology-(with-Geography)-(98053-–-BZG)
"Bachelor of Science in Life Sciences Genetics and Zoology (or Botany, Microbiology, Physiology or Biochemistry) (98053 - GZB)","Genetics and Zoology (or Botany, Microbiology, Physiology or Biochemistry)",360,,101234,Agriculture and Environmental Sciences,98053 - GZB,7,"Purpose statement:The purpose of this qualification is: 1) To produce science graduates who have the following attributes - a systematic and coherent body of knowledge and an understanding of underlying concepts and principles; the ability to access and evaluate scientific information including knowing how scientific knowledge is created; a high level of cognitive and other generic skills including problem-solving, written and spoken communication and computer literacy and competence in applying knowledge through basic research methods and practice; 2) To provide every graduate with a sufficient depth of knowledge and skills that give opportunities for continued personal intellectual growth - including postgraduate study - for gainful economic activity in a range of careers and for rewarding and constructive contributions to society. 3) To provide society with science graduates who demonstrate initiative and responsibility, who are professional and ethical in their roles within the economy and society and who are able to be intellectual leaders within their society and 4) To produce graduates in all scientific fields in order to increase, widen and transform the leadership base in South Africa, both for innovation and science-based economic and research development and for the education of future generations of scientists, technologists, engineers and other professional people.",APS/AS:,,"https://www.unisa.ac.za/sites/corporate/default/Register-to-study-through-Unisa/Undergraduate-&-honours-qualifications/Find-your-qualification-&-choose-your-modules/All-qualifications/Bachelor-of-Science-in-Life-Sciences-Genetics-and-Zoology-(or-Botany,-Microbiology,-Physiology-or-Biochemistry)-(98053-–-GZB)"
Bachelor of Science in Life Sciences Microbiology and Physiology (98053 - MAP),Microbiology and Physiology,360,,101234,Agriculture and Environmental Sciences,98053 - MAP,7,"Purpose statement:The purpose of this qualification is: 1) To produce science graduates who have the following attributes - a systematic and coherent body of knowledge and an understanding of underlying concepts and principles; the ability to access and evaluate scientific information including knowing how scientific knowledge is created; a high level of cognitive and other generic skills including problem-solving, written and spoken communication and computer literacy and competence in applying knowledge through basic research methods and practice; 2) To provide every graduate with a sufficient depth of knowledge and skills that give opportunities for continued personal intellectual growth - including postgraduate study - for gainful economic activity in a range of careers and for rewarding and constructive contributions to society. 3) To provide society with science graduates who demonstrate initiative and responsibility, who are professional and ethical in their roles within the economy and society and who are able to be intellectual leaders within their society and 4) To produce graduates in all scientific fields in order to increase, widen and transform the leadership base in South Africa, both for innovation and science-based economic and research development and for the education of future generations of scientists, technologists, engineers and other professional people.",APS/AS:,,https://www.unisa.ac.za/sites/corporate/default/Register-to-study-through-Unisa/Undergraduate-&-honours-qualifications/Find-your-qualification-&-choose-your-modules/All-qualifications/Bachelor-of-Science-in-Life-Sciences-Microbiology-and-Physiology-(98053-–-MAP)
Bachelor of Science in Life Sciences Microbiology and Zoology (98053 - MAZ),Microbiology and Zoology,360,,101234,Agriculture and Environmental Sciences,98053 - MAZ,7,"Purpose statement:The purpose of this qualification is: 1) To produce science graduates who have the following attributes - a systematic and coherent body of knowledge and an understanding of underlying concepts and principles; the ability to access and evaluate scientific information including knowing how scientific knowledge is created; a high level of cognitive and other generic skills including problem-solving, written and spoken communication and computer literacy and competence in applying knowledge through basic research methods and practice; 2) To provide every graduate with a sufficient depth of knowledge and skills that give opportunities for continued personal intellectual growth - including postgraduate study - for gainful economic activity in a range of careers and for rewarding and constructive contributions to society. 3) To provide society with science graduates who demonstrate initiative and responsibility, who are professional and ethical in their roles within the economy and society and who are able to be intellectual leaders within their society and 4) To produce graduates in all scientific fields in order to increase, widen and transform the leadership base in South Africa, both for innovation and science-based economic and research development and for the education of future generations of scientists, technologists, engineers and other professional people.",APS/AS:,,https://www.unisa.ac.za/sites/corporate/default/Register-to-study-through-Unisa/Undergraduate-&-honours-qualifications/Find-your-qualification-&-choose-your-modules/All-qualifications/Bachelor-of-Science-in-Life-Sciences-Microbiology-and-Zoology-(98053-–-MAZ)
Bachelor of Science in Life Sciences Physiology and Zoology (98053 - PAZ),Physiology and Zoology,360,,101234,Agriculture and Environmental Sciences,98053 - PAZ,7,"Purpose statement:The purpose of this qualification is: 1) To produce science graduates who have the following attributes - a systematic and coherent body of knowledge and an understanding of underlying concepts and principles; the ability to access and evaluate scientific information including knowing how scientific knowledge is created; a high level of cognitive and other generic skills including problem-solving, written and spoken communication and computer literacy and competence in applying knowledge through basic research methods and practice; 2) To provide every graduate with a sufficient depth of knowledge and skills that give opportunities for continued personal intellectual growth - including postgraduate study - for gainful economic activity in a range of careers and for rewarding and constructive contributions to society. 3) To provide society with science graduates who demonstrate initiative and responsibility, who are professional and ethical in their roles within the economy and society and who are able to be intellectual leaders within their society and 4) To produce graduates in all scientific fields in order to increase, widen and transform the leadership base in South Africa, both for innovation and science-based economic and research development and for the education of future generations of scientists, technologists, engineers and other professional people.",APS/AS:,,https://www.unisa.ac.za/sites/corporate/default/Register-to-study-through-Unisa/Undergraduate-&-honours-qualifications/Find-your-qualification-&-choose-your-modules/All-qualifications/Bachelor-of-Science-in-Life-Sciences-Physiology-and-Zoology-(98053-–-PAZ)
Bachelor of Science in Life Sciences Psychology and Physiology (with Genetics) (98053 - PPG),Psychology and Physiology (with Genetics),360,,101234,Agriculture and Environmental Sciences,98053 - PPG,7,"
Rules:
Some of the pre-requisites and/or co-requisites outlined in this qualification may not apply as they
do not form part of the curriculum.
",APS/AS:,,https://www.unisa.ac.za/sites/corporate/default/Register-to-study-through-Unisa/Undergraduate-&-honours-qualifications/Find-your-qualification-&-choose-your-modules/All-qualifications/Bachelor-of-Science-in-Life-Sciences-Psychology-and-Physiology-(with-Genetics)-(98053-–-PPG)
Bachelor of Arts Honours in Environmental Management (90108),90108,112203,,60,Agriculture and Environmental Sciences,8,120,"Purpose statement:The primary purpose of the qualification is to provide BA Hons (Environmental Management) graduates with systematic knowledge, specialized skills and theoretical competence in environmental management. A second purpose of the qualification is to provide South Africa (and other countries) with professional environmental management graduates with appropriate skills, managerial and leadership acumen to reach sound and responsible
environmental decision-making in keeping with the precautionary principle and sustainable development principles. Such graduates can serve the country in a variety of important ways, in both the public and private sectors. The third purpose is to equip graduates with innovativeness, problem-solving competencies, and the ability to operate in multi-disciplinary teams designed to manage environmental matters. Graduates are also expected to be able to carry out proper scientific research in environmental management thereby resolving environmental problems and contributing to new knowledge in the field. These are further all aligned to the NQF level 8 descriptors.","
Rules:
Students are advised NOT to register for too many modules in one academic year as the workload can
become overwhelming. It is strongly recommended that the Research Module (HRENV80) be done in the
second year of registration if a candidate is completing the degree over 2 years.
",,https://www.unisa.ac.za/sites/corporate/default/Register-to-study-through-Unisa/Undergraduate-&-honours-qualifications/Find-your-qualification-&-choose-your-modules/All-qualifications/Bachelor-of-Arts-Honours-in-Environmental-Management-(90108)
Bachelor of Consumer Science Honours (98104),98104,58273,,60,Agriculture and Environmental Sciences,8,120,This qualification will be presented online only.,"Purpose statement:The primary purpose of the qualification is to provide graduates with the knowledge, specific skills and applied and theoretical competence in a number of science fields to provide opportunities for continued personal intellectual growth, gainful economic activity and valuable contributions to society. A second purpose of the qualification is to provide South Africa (and other countries) with graduates in a number of learning fields in order to ensure that the leadership base of innovative and knowledge-based economic and scholarly activity is widened. A third purpose of the qualification is to provide South Africa (and other countries) with people who can perform a constructive role they need to play as intellectual leaders in their society.",,https://www.unisa.ac.za/sites/corporate/default/Register-to-study-through-Unisa/Undergraduate-&-honours-qualifications/Find-your-qualification-&-choose-your-modules/All-qualifications/Bachelor-of-Consumer-Science-Honours-(98104)
Bachelor of Science Honours in Environmental Management (98102),98102,101039,,60,Agriculture and Environmental Sciences,8,120,"Purpose statement:The primary purpose of the qualification is to provide BA Hons (Environmental Management) graduates with the knowledge, specific skills and applied and theoretical competence in a number of science fields to provide opportunities for continued personal intellectual growth, gainful economic activity and valuable contributions to society. A second purpose of the qualification is to provide South Africa (and other countries) with graduates in a number of learning fields in order to ensure that the leadership base of innovative and knowledge-based economic and scholarly activity is widened. A third purpose of the qualification is to provide South Africa (and other countries) with people who can perform a constructive role they need to play as intellectual leaders in their society.","
Rules:
Students are advised NOT to register for too many modules in one academic year as the workload can
become overwhelming. Some modules have a compulsory practical component.
It is recommended that Research Module (HRENS80) be done in the second year of registration IF a
candidate is completing the degree over 2 years.
",,https://www.unisa.ac.za/sites/corporate/default/Register-to-study-through-Unisa/Undergraduate-&-honours-qualifications/Find-your-qualification-&-choose-your-modules/All-qualifications/Bachelor-of-Science-Honours-in-Environmental-Management-(98102)
Bachelor of Science Honours in Environmental Monitoring and Modelling (98103),98103,101038,,60,Agriculture and Environmental Sciences,8,120,"Purpose statement:The primary purpose of the qualification is to provide BA Hons (Environmental Management) graduates with the knowledge, specific skills and applied and theoretical competence in a number of science fields to provide opportunities for continued personal intellectual growth, gainful economic activity and valuable contributions to society. A second purpose of the qualification is to provide South Africa (and other countries) with graduates in a number of learning fields in order to ensure that the leadership base of innovative and knowledge-based economic and scholarly activity is widened. A third purpose of the qualification is to provide South Africa (and other countries) with people who can perform a constructive role they need to play as intellectual leaders in their society.","
Rules:
Students are advised NOT to register for too many modules in one academic year as the workload can
become overwhelming. Some modules have a compulsory practical.
Students who have passed HRENV83 do not need to enroll for HRENS80.
It is recommended that Research Module (HRENS80) be done in the second year of registration IF a
candidate is completing the degree over 2 years.
",,https://www.unisa.ac.za/sites/corporate/default/Register-to-study-through-Unisa/Undergraduate-&-honours-qualifications/Find-your-qualification-&-choose-your-modules/All-qualifications/Bachelor-of-Science-Honours-in-Environmental-Monitoring-and-Modelling-(98103)
Bachelor of Science Honours in Geography (98105),98105,101036,,60,Agriculture and Environmental Sciences,8,120,"Purpose statement:The primary purpose of the qualification is to provide graduates with the knowledge, specific skills and applied and theoretical competence in a number of science fields to provide opportunities for continued personal intellectual growth, gainful economic activity and valuable contributions to society. A second purpose of the qualification is to provide South Africa (and other countries) with graduates in a number of learning fields in order to ensure that the leadership base of innovative and knowledge-based economic and scholarly activity is widened. A third purpose of the qualification is to provide South Africa (and other countries) with people who can perform a constructive role they need to play as intellectual leaders in their society.","
Rules:The modules will be presented online and students must have regular, reliable access to MyUnisa and the internet.",,https://www.unisa.ac.za/sites/corporate/default/Register-to-study-through-Unisa/Undergraduate-&-honours-qualifications/Find-your-qualification-&-choose-your-modules/All-qualifications/Bachelor-of-Science-Honours-in-Geography-(98105)
Bachelor of Science Honours in Life Sciences Biochemistry (90084 - BIO),Biochemistry,120,,98960,Agriculture and Environmental Sciences,90084 - BIO,8,"Purpose statement:The primary purpose of the qualification is to provide qualifying learners with the ability to apply knowledge and conduct research in a specialised field of Life Sciences in order to enhance and develop new knowledge of human, animal, and plant systems, including health, welfare and the sustainable use of natural resources. Furthermore, learners will also be able to conduct research in related fields and disseminate research findings to relevant stakeholders. More specifically, the qualification will equip learners with systematic knowledge, specialised skills and theoretical competencies in various Life Sciences disciplines in general, and specifically in the topics selected as electives (e.g. Animal Parasitology, Human physiology, Medicinal Use, Plant Systematics, Molecular techniques, Biochemistry, Industrial Microbiology and Biotechnology, Protein Integral to Cellular Function, Zoology, and Medical Microbiology).





",APS/AS:,,https://www.unisa.ac.za/sites/corporate/default/Register-to-study-through-Unisa/Undergraduate-&-honours-qualifications/Find-your-qualification-&-choose-your-modules/All-qualifications/Bachelor-of-Science-Honours-in-Life-Sciences-Biochemistry-(90084-–-BIO)
Bachelor of Science Honours in Life Sciences Botany (90084 - BOT),Botany,120,,98960,Agriculture and Environmental Sciences,90084 - BOT,8,"Purpose statement:The primary purpose of the qualification is to provide qualifying learners with the ability to apply knowledge and conduct research in a specialised field of Life Sciences in order to enhance and develop new knowledge of human, animal, and plant systems, including health, welfare and the sustainable use of natural resources. Furthermore, learners will also be able to conduct research in related fields and disseminate research findings to relevant stakeholders. More specifically, the qualification will equip learners with systematic knowledge, specialised skills and theoretical competencies in various Life Sciences disciplines in general, and specifically in the topics selected as electives (e.g. Animal Parasitology, Human physiology, Medicinal Use, Plant Systematics, Molecular techniques, Biochemistry, Industrial Microbiology and Biotechnology, Protein Integral to Cellular Function, Zoology, and Medical Microbiology).





",APS/AS:,,https://www.unisa.ac.za/sites/corporate/default/Register-to-study-through-Unisa/Undergraduate-&-honours-qualifications/Find-your-qualification-&-choose-your-modules/All-qualifications/Bachelor-of-Science-Honours-in-Life-Sciences-Botany-(90084-–-BOT)
Bachelor of Science Honours in Life Sciences Genetics (90084 - GNE),Genetics,120,,98960,Agriculture and Environmental Sciences,90084 - GNE,8,"Purpose statement:The primary purpose of the qualification is to provide qualifying learners with the ability to apply knowledge and conduct research in a specialised field of Life Sciences in order to enhance and develop new knowledge of human, animal, and plant systems, including health, welfare and the sustainable use of natural resources. Furthermore, learners will also be able to conduct research in related fields and disseminate research findings to relevant stakeholders. More specifically, the qualification will equip learners with systematic knowledge, specialised skills and theoretical competencies in various Life Sciences disciplines in general, and specifically in the topics selected as electives (e.g. Animal Parasitology, Human physiology, Medicinal Use, Plant Systematics, Molecular techniques, Biochemistry, Industrial Microbiology and Biotechnology, Protein Integral to Cellular Function, Zoology, and Medical Microbiology).





",APS/AS:,,https://www.unisa.ac.za/sites/corporate/default/Register-to-study-through-Unisa/Undergraduate-&-honours-qualifications/Find-your-qualification-&-choose-your-modules/All-qualifications/Bachelor-of-Science-Honours-in-Life-Sciences-Genetics-(90084-–-GNE)
Bachelor of Science Honours in Life Sciences Microbiology (90084 - MIB),Microbiology,120,,98960,Agriculture and Environmental Sciences,90084 - MIB,8,"Purpose statement:The primary purpose of the qualification is to provide qualifying learners with the ability to apply knowledge and conduct research in a specialised field of Life Sciences in order to enhance and develop new knowledge of human, animal, and plant systems, including health, welfare and the sustainable use of natural resources. Furthermore, learners will also be able to conduct research in related fields and disseminate research findings to relevant stakeholders. More specifically, the qualification will equip learners with systematic knowledge, specialised skills and theoretical competencies in various Life Sciences disciplines in general, and specifically in the topics selected as electives (e.g. Animal Parasitology, Human physiology, Medicinal Use, Plant Systematics, Molecular techniques, Biochemistry, Industrial Microbiology and Biotechnology, Protein Integral to Cellular Function, Zoology, and Medical Microbiology).





",APS/AS:,,https://www.unisa.ac.za/sites/corporate/default/Register-to-study-through-Unisa/Undergraduate-&-honours-qualifications/Find-your-qualification-&-choose-your-modules/All-qualifications/Bachelor-of-Science-Honours-in-Life-Sciences-Microbiology-(90084-–-MIB)
Bachelor of Science Honours in Life Sciences Physiology (90084 - PHY),Physiology,120,,98960,Agriculture and Environmental Sciences,90084 - PHY,8,"Purpose statement:The primary purpose of the qualification is to provide qualifying learners with the ability to apply knowledge and conduct research in a specialised field of Life Sciences in order to enhance and develop new knowledge of human, animal, and plant systems, including health, welfare and the sustainable use of natural resources. Furthermore, learners will also be able to conduct research in related fields and disseminate research findings to relevant stakeholders. More specifically, the qualification will equip learners with systematic knowledge, specialised skills and theoretical competencies in various Life Sciences disciplines in general, and specifically in the topics selected as electives (e.g. Animal Parasitology, Human physiology, Medicinal Use, Plant Systematics, Molecular techniques, Biochemistry, Industrial Microbiology and Biotechnology, Protein Integral to Cellular Function, Zoology, and Medical Microbiology).





",APS/AS:,,https://www.unisa.ac.za/sites/corporate/default/Register-to-study-through-Unisa/Undergraduate-&-honours-qualifications/Find-your-qualification-&-choose-your-modules/All-qualifications/Bachelor-of-Science-Honours-in-Life-Sciences-Physiology-(90084-–-PHY)
Bachelor of Science Honours in Life Sciences Zoology (90084 - EZO),Zoology,120,,98960,Agriculture and Environmental Sciences,90084 - EZO,8,"Purpose statement:The primary purpose of the qualification is to provide qualifying learners with the ability to apply knowledge and conduct research in a specialised field of Life Sciences in order to enhance and develop new knowledge of human, animal, and plant systems, including health, welfare and the sustainable use of natural resources. Furthermore, learners will also be able to conduct research in related fields and disseminate research findings to relevant stakeholders. More specifically, the qualification will equip learners with systematic knowledge, specialised skills and theoretical competencies in various Life Sciences disciplines in general, and specifically in the topics selected as electives (e.g. Animal Parasitology, Human physiology, Medicinal Use, Plant Systematics, Molecular techniques, Biochemistry, Industrial Microbiology and Biotechnology, Protein Integral to Cellular Function, Zoology, and Medical Microbiology).





",APS/AS:,,https://www.unisa.ac.za/sites/corporate/default/Register-to-study-through-Unisa/Undergraduate-&-honours-qualifications/Find-your-qualification-&-choose-your-modules/All-qualifications/Bachelor-of-Science-Honours-in-Life-Sciences-Zoology-(90084-–-EZO)
Postgraduate Diploma in Agriculture Agri-Business (90159 - ABM),Agri-Business,120,,112181,Agriculture and Environmental Sciences,90159 - ABM,8,"
Rules:
Curriculum comprises of 4 compulsory modules (96 credits) and 1 or 2 elective modules (24 credits).
For the electives, students can select either TWO, 12 credits modules or ONE, 24 credits module.
HMAPD81 can only be taken in semester 1 if registered in the same year as HRAGR81.
",APS/AS:,,https://www.unisa.ac.za/sites/corporate/default/Register-to-study-through-Unisa/Undergraduate-&-honours-qualifications/Find-your-qualification-&-choose-your-modules/All-qualifications/Postgraduate-Diploma-in-Agriculture-Agri–Business-(90159-–-ABM)
Postgraduate Diploma in Agriculture Animal Health (90159 - AHE),Animal Health,120,,112181,Agriculture and Environmental Sciences,90159 - AHE,8,"
Rules:
Curriculum comprises of 5 compulsory modules (96 credits) and 1 or 2 elective modules (24 credits).
For the electives, students can either select TWO, 12 credits modules or ONE, 24 credit module.
HMAPD81 can only be taken in semester 1, if registered in the same year as HRAGR81.
",APS/AS:,,https://www.unisa.ac.za/sites/corporate/default/Register-to-study-through-Unisa/Undergraduate-&-honours-qualifications/Find-your-qualification-&-choose-your-modules/All-qualifications/Postgraduate-Diploma-in-Agriculture-Animal-Health-(90159-–-AHE)
Postgraduate Diploma in Agriculture Animal Science (90159 - ANS),Animal Science,120,,112181,Agriculture and Environmental Sciences,90159 - ANS,8,"
Rules:
Curriculum comprises of 4 compulsory modules (96 credits) and 1 or 2 elective modules (24 credits).
For the electives, students can select either TWO, 12 credits modules or ONE, 24 credits module.
HMAPD81 can only be taken in semester 1, if registered in the same year as HRAGR81.
",APS/AS:,,https://www.unisa.ac.za/sites/corporate/default/Register-to-study-through-Unisa/Undergraduate-&-honours-qualifications/Find-your-qualification-&-choose-your-modules/All-qualifications/Postgraduate-Diploma-in-Agriculture-Animal-Science-(90159-–-ANS)
Postgraduate Diploma in Agriculture Plant Science (90159 - PLS),Plant Science,120,,112181,Agriculture and Environmental Sciences,90159 - PLS,8,"
Rules:
Curriculum comprises of 3 compulsory modules (72 credits) and 2 elective (24 credits).
Students can select ANY TWO 24 credits modules.
HMAPD81 can only be taken in semester 1, if registered in the same year as HRAGR81.
",APS/AS:,,https://www.unisa.ac.za/sites/corporate/default/Register-to-study-through-Unisa/Undergraduate-&-honours-qualifications/Find-your-qualification-&-choose-your-modules/All-qualifications/Postgraduate-Diploma-in-Agriculture-Plant-Science-(90159-–-PLS)
Postgraduate Diploma in Nature Conservation (98106),98106,85226,,60,Agriculture and Environmental Sciences,8,120,"Purpose statement:The purpose of this qualification is to develop students who can integrate various conservation issues into applied research addressing a wide range of conservation issues. Qualifying students will be able to conduct integrated research on various conservation issues. Students will be able to research and interpret the influence of various key issues on the environment and effect outcomes. This qualification provides the conservation industry with multi-and interdisciplinary researchers who will be able to holistically address conservation-related issues. Due to articulation with related disciplines, students will be able to influence other industries with regard to conservation needs and issues.","
Rules:
Students will be required to attend compulsory contact sessions.
",,https://www.unisa.ac.za/sites/corporate/default/Register-to-study-through-Unisa/Undergraduate-&-honours-qualifications/Find-your-qualification-&-choose-your-modules/All-qualifications/Postgraduate-Diploma-in-Nature-Conservation-(98106)
Postgraduate Diploma in Ornamental and Landscape Horticulture (90096),90096,101902,,60,Agriculture and Environmental Sciences,8,120,This qualification will be presented using both online and distance learning modes.,"Purpose statement:The purpose of this qualification serves to deepen the students' knowledge and skills in the various areas of ornamental horticulture, landscaping and management. 

Furthermore, this vocationally-orientated qualification will provide students with specialised knowledge and skills in the areas of greenhouse crop production using advanced techniques and integrated production management systems, sustainable landscapes in urban green space, landscape project and contract management, Green Industry business management, and conducting research.

Qualifying students will have a well-rounded knowledge base and specialised skills in:
Advanced greenhouse crop production, Sustainable landscapes in urban green space,
Landscape project and contract management, Green Industry business management, writing a horticultural research proposal.
",,https://www.unisa.ac.za/sites/corporate/default/Register-to-study-through-Unisa/Undergraduate-&-honours-qualifications/Find-your-qualification-&-choose-your-modules/All-qualifications/Postgraduate-Diploma-in-Ornamental-and-Landscape-Horticulture-(90096)
Higher Certificate in Education (90093),90093,101813,,15,Education,5,120,"Purpose statement:The purpose of this qualification is to provide access, with a reasonable chance of success, to candidates with potential who otherwise would not meet the new minimum entry requirements. The curriculum is aimed at providing these students with the necessary basic skills to succeed within the Open Distance Learning (ODeL) environment and also some articulation into first year undergraduate Degree/Diploma qualifications offered. The purpose of the learning therefore will be to enhance generic competencies within ODeL such as basic language and learning skills, information management skills and teaching skills, as well as some elective subject knowledge.","
Rules:
Students enrolling for and completing the Higher Certificate in Education with the intention to
 apply for admission towards either the BEd Foundation Phase or the BEd Intermediate
 Phase must select MTE1501 (Mathematics 1 for Teachers) as one of the elective
 modules. The second elective module choice will depend on the BEd phase you intend
 to pursue after completion of this Higher Certificate. The second elective for Foundation
 Phase must be one of the following: (ATH1501 or GRT1501).  The second elective for
 Intermediate Phase must be one of the following: (GCS1501 or IED1501 or MTE1502 or
 SCC1501 or SCC1502 or TEC1501 or TEC1502).
 
Students enrolling for and completing the Higher Certificate in Education with the intention to
 apply for admission towards, either the BEd Senior Phase and Further Education and
 Training (Mathematics and English MTE) or the BEd Senior Phase and Further Education
 and Training must note that completion of this
 Higher Certificate will not satisfy the additional mathematics admission requirements for
 these BEd streams with an additional Mathematics requirement.
 Students intending to pursue any other currently offered BEd Senior
 Phase and Further Education and Training stream can select any two elective modules.
 Please note that completing this qualification does not guarantee admission into the BED
 
Admission towards the BEd qualifications will also be dependent on any other existing pre-requisites
 as well as space available within the BEd qualification and/or stream.
",,https://www.unisa.ac.za/sites/corporate/default/Register-to-study-through-Unisa/Undergraduate-&-honours-qualifications/Find-your-qualification-&-choose-your-modules/All-qualifications/Higher-Certificate-in-Education-(90093)
Higher Certificate in Education Foundation Phase and Intermediate Phase (90093 - FIP),Foundation Phase and Intermediate Phase,120,,101813,Education,90093 - FIP,5,"
Rules:
This Higher Certificate in Education  FIP stream is the only Higher Certificate articulating into
 the UNISA. Bachelor of Education Foundation and Intermediate phase qualifications.
",APS/AS:,,https://www.unisa.ac.za/sites/corporate/default/Register-to-study-through-Unisa/Undergraduate-&-honours-qualifications/Find-your-qualification-&-choose-your-modules/All-qualifications/Higher-Certificate-in-Education-Foundation-Phase-and-Intermediate-Phase-(90093-–-FIP)
Higher Certificate in Education Senior Phase and Further Education and Training Teaching (90093 - SPF),Senior Phase and Further Education and Training Teaching,120,,101813,Education,90093 - SPF,5,"
Rules:
This Higher Certificate in Education SPF stream is the only Higher Certificate articulating into the
UNISA Bachelor of Education Senior Phase and FET qualification.
",APS/AS:,,https://www.unisa.ac.za/sites/corporate/default/Register-to-study-through-Unisa/Undergraduate-&-honours-qualifications/Find-your-qualification-&-choose-your-modules/All-qualifications/Higher-Certificate-in-Education-Senior-Phase-and-Further-Education-and-Training-Teaching-(90093-–-SPF)
Advanced Certificate in Intermediate Phase Mathematics and English First Additional Language Teaching (90177),90177,112663,,50,Education,6,120,"Purpose statement:The Advanced Certificate in Intermediate Phase Mathematics and English First Additional Language Teaching is a vocational orientated qualification. The knowledge gained emphasises the general principles and their application in Mathematics and English Education. The qualification provides teacher education learners with a sound knowledge base for teaching Mathematics and English (FAL) in Intermediate Phase. It also provides a learner with the ability to apply their knowledge and skills to classroom teaching while equipping them to undertake more specialised and intensive learning. This qualification has a strong professional focus to prepare teachers to teach mathematics in the Intermediate Phase, or to strengthen their existing Mathematics and English content knowledge in the Intermediate Phase. This qualification includes a WIL component embedded.

This qualification intends to address the needs of three groups of teachers:
Teachers who want to specialise in teaching Mathematics and English (FAL) but who have not studied Mathematics or English as a First Additional Language in a prior professional teaching qualification (retraining).
The teachers, who have a professional teaching qualification but did not specialise in the intermediate phase. These teachers have acquired appropriate background knowledge by teaching the IP and want to strengthen their knowledge and skills by completing a formal qualification in the Intermediate Phase (Recognition of Prior Learning (RPL) upgrading).
Teachers who wish to enhance their specialisation in Mathematics and English (FAL) as a subject in the Intermediate phase. Teachers who studied in an initial three-year Diploma in education, offered by former College of Education or a National Professional Diploma in Education at NQF Level 5) (upgrading).","
Rules:
Teachers who are already professionally qualified to teach in this cognate field, may not offer this
qualification. It is the responsibility of the student to consult with the relevant Education
Department districts or Provincial Education Departments on how to upgrade to additional REQV
levels. Outstanding admission requirements may NOT be offered for non-degree purposes (NDP).
Students who do not meet all the admission requirements for this qualification should rather
consider applying for a BEd degree (if not already professionally qualified).
",,https://www.unisa.ac.za/sites/corporate/default/Register-to-study-through-Unisa/Undergraduate-&-honours-qualifications/Find-your-qualification-&-choose-your-modules/All-qualifications/Advanced-Certificate-in-Intermediate-Phase-Mathematics-and-English-First-Additional-Language-Teaching-(90177)
Postgraduate Certificate in Education in Senior Phase and Further Education and Training Teaching Agriculture and Life Sciences (90148 - AGR),Agriculture and Life Sciences,132,,115549,Education,90148 - AGR,7,"
Rules:
Teachers who are already professionally qualified to teach, may not offer this qualification. It is
the responsibility of the student to consult with the relevant Education Department districts or
Provincial Education Departments on how to upgrade to additional REQV levels. Outstanding admission
requirements may NOT be offered for non-degree purposes (NDP). Students who do not meet all the
admission requirements for this qualification should rather consider applying for a BEd degree (if
not already professionally qualified).
General: UNISA reserves the right to cancel PGCE modules registered in excess of this number.
Students completing the PGCE over more  than one year, MUST register the Teaching Methodology in the
same year as the Teaching Practice. The MAXIMUM number of years in  which the PGCE qualification may
be completed is THREE years.
Some of the pre-requisites and/ or co-requisites outlined in this qualification may not apply, as
they do not form part of the curriculum.
 
This qualification consists of 11 modules and 132 credits.
 
Note that SPE1507 has been replaced by NSO1507. Students who have passed SPE1507 must NOT register
for NSO1507
",APS/AS:,,https://www.unisa.ac.za/sites/corporate/default/Register-to-study-through-Unisa/Undergraduate-&-honours-qualifications/Find-your-qualification-&-choose-your-modules/All-qualifications/Postgraduate-Certificate-in-Education-in-Senior-Phase-and-Further-Education-and-Training-Teaching-Agriculture-and-Life-Sciences-(90148-–-AGR)
Postgraduate Certificate in Education in Senior Phase and Further Education and Training Teaching Agriculture and Management (90148 - AGM),Agriculture and Management,132,,115549,Education,90148 - AGM,7,"
Rules:
Teachers who are already professionally qualified to teach, may not offer this qualification. It is
the responsibility of the student to consult with the relevant Education Department districts or
Provincial Education Departments on how to upgrade to additional REQV levels. Outstanding admission
requirements may NOT be offered for non-degree purposes (NDP). Students who do not meet all the
admission requirements for this qualification should rather consider applying for a BEd degree (if
not already professionally qualified).
General: UNISA reserves the right to cancel PGCE modules registered in excess of this number.
Students completing the PGCE over more  than one year, MUST register the Teaching Methodology in the
same year as the Teaching Practice. The MAXIMUM number of years in  which the PGCE qualification may
be completed is THREE years.
Some of the pre-requisites and/ or co-requisites outlined in this qualification may not apply, as
they do not form part of the curriculum.
 
This qualification consists of 11 modules and 132 credits.
 
Note that SPE1507 has been replaced by NSO1507. Students who have passed SPE1507 must NOT register
for NSO1507
",APS/AS:,,https://www.unisa.ac.za/sites/corporate/default/Register-to-study-through-Unisa/Undergraduate-&-honours-qualifications/Find-your-qualification-&-choose-your-modules/All-qualifications/Postgraduate-Certificate-in-Education-in-Senior-Phase-and-Further-Education-and-Training-Teaching-Agriculture-and-Management-(90148-–-AGM)
Postgraduate Certificate in Education in Senior Phase and Further Education and Training Teaching Agriculture and Technology (90148 - AGT),Agriculture and Technology,132,,115549,Education,90148 - AGT,7,"
Rules:
Teachers who are already professionally qualified to teach, may not offer this qualification. It is
the responsibility of the student to consult with the relevant Education Department districts or
Provincial Education Departments on how to upgrade to additional REQV levels. Outstanding admission
requirements may NOT be offered for non-degree purposes (NDP). Students who do not meet all the
admission requirements for this qualification should rather consider applying for a BEd degree (if
not already professionally qualified).
General: UNISA reserves the right to cancel PGCE modules registered in excess of this number.
Students completing the PGCE over more  than one year, MUST register the Teaching Methodology in the
same year as the Teaching Practice. The MAXIMUM number of years in  which the PGCE qualification may
be completed is THREE years.
Some of the pre-requisites and/ or co-requisites outlined in this qualification may not apply, as
they do not form part of the curriculum.
 
This qualification consists of 11 modules and 132 credits.
 
Note that SPE1507 has been replaced by NSO1507. Students who have passed SPE1507 must NOT register
for NSO1507.
",APS/AS:,,https://www.unisa.ac.za/sites/corporate/default/Register-to-study-through-Unisa/Undergraduate-&-honours-qualifications/Find-your-qualification-&-choose-your-modules/All-qualifications/Postgraduate-Certificate-in-Education-in-Senior-Phase-and-Further-Education-and-Training-Teaching-Agriculture-and-Technology-(90148-–-AGT)
Postgraduate Certificate in Education in Senior Phase and Further Education and Training Teaching Art (90148 - ART),Art,132,,115549,Education,90148 - ART,7,"
Rules:
Teachers who are already professionally qualified to teach, may not offer this qualification. It is
the responsibility of the student to consult with the relevant Education Department districts or
Provincial Education Departments on how to upgrade to additional REQV levels. Outstanding admission
requirements may NOT be offered for non-degree purposes (NDP). Students who do not meet all the
admission requirements for this qualification should rather consider applying for a BEd degree (if
not already professionally qualified).
General: UNISA reserves the right to cancel PGCE modules registered in excess of this number.
Students completing the PGCE over more  than one year, MUST register the Teaching Methodology in the
same year as the Teaching Practice. The MAXIMUM number of years in  which the PGCE qualification may
be completed is THREE years.
Some of the pre-requisites and/ or co-requisites outlined in this qualification may not apply, as
they do not form part of the curriculum.
 
This qualification consists of 11 modules and 132 credits.
 
Note that SPE1507 has been replaced by NSO1507. Students who have passed SPE1507 must NOT register
for NSO1507.
",APS/AS:,,https://www.unisa.ac.za/sites/corporate/default/Register-to-study-through-Unisa/Undergraduate-&-honours-qualifications/Find-your-qualification-&-choose-your-modules/All-qualifications/Postgraduate-Certificate-in-Education-in-Senior-Phase-and-Further-Education-and-Training-Teaching-Art-(90148-–-ART)
Postgraduate Certificate in Education in Senior Phase and Further Education and Training Teaching Business Studies (90148 - BUS),Business Studies,132,,115549,Education,90148 - BUS,7,"
Rules:
Teachers who are already professionally qualified to teach, may not offer this qualification. It is
the responsibility of the student to consult with the relevant Education Department districts or
Provincial Education Departments on how to upgrade to additional REQV levels. Outstanding admission
requirements may NOT be offered for non-degree purposes (NDP). Students who do not meet all the
admission requirements for this qualification should rather consider applying for a BEd degree (if
not already professionally qualified).
General: UNISA reserves the right to cancel PGCE modules registered in excess of this number.
Students completing the PGCE over more  than one year, MUST register the Teaching Methodology in the
same year as the Teaching Practice. The MAXIMUM number of years in  which the PGCE qualification may
be completed is THREE years.
Some of the pre-requisites and/ or co-requisites outlined in this qualification may not apply, as
they do not form part of the curriculum.
 
This qualification consists of 11 modules and 132 credits.
 
Note that SPE1507 has been replaced by NSO1507. Students who have passed SPE1507 must NOT register
for NSO1507.
",APS/AS:,,https://www.unisa.ac.za/sites/corporate/default/Register-to-study-through-Unisa/Undergraduate-&-honours-qualifications/Find-your-qualification-&-choose-your-modules/All-qualifications/Postgraduate-Certificate-in-Education-in-Senior-Phase-and-Further-Education-and-Training-Teaching-Business-Studies-(90148-–-BUS)
Postgraduate Certificate in Education in Senior Phase and Further Education and Training Teaching Consumer Studies (90148 - CON),Consumer Studies,132,,115549,Education,90148 - CON,7,"
Rules:
Teachers who are already professionally qualified to teach, may not offer this qualification. It is
the responsibility of the student to consult with the relevant Education Department districts or
Provincial Education Departments on how to upgrade to additional REQV levels. Outstanding admission
requirements may NOT be offered for non-degree purposes (NDP). Students who do not meet all the
admission requirements for this qualification should rather consider applying for a BEd degree (if
not already professionally qualified).
General: UNISA reserves the right to cancel PGCE modules registered in excess of this number.
Students completing the PGCE over more  than one year, MUST register the Teaching Methodology in the
same year as the Teaching Practice. The MAXIMUM number of years in  which the PGCE qualification may
be completed is THREE years.
Some of the pre-requisites and/ or co-requisites outlined in this qualification may not apply, as
they do not form part of the curriculum.
 
This qualification consists of 11 modules and 132 credits.
 
Note that SPE1507 has been replaced by NSO1507. Students who have passed SPE1507 must NOT register
for NSO1507.
",APS/AS:,,https://www.unisa.ac.za/sites/corporate/default/Register-to-study-through-Unisa/Undergraduate-&-honours-qualifications/Find-your-qualification-&-choose-your-modules/All-qualifications/Postgraduate-Certificate-in-Education-in-Senior-Phase-and-Further-Education-and-Training-Teaching-Consumer-Studies-(90148-–-CON)
Postgraduate Certificate in Education in Senior Phase and Further Education and Training Teaching Economics (90148 - ECO),Economics,132,,115549,Education,90148 - ECO,7,"
Rules:
Teachers who are already professionally qualified to teach, may not offer this qualification. It is
the responsibility of the student to consult with the relevant Education Department districts or
Provincial Education Departments on how to upgrade to additional REQV levels. Outstanding admission
requirements may NOT be offered for non-degree purposes (NDP). Students who do not meet all the
admission requirements for this qualification should rather consider applying for a BEd degree (if
not already professionally qualified).
General: UNISA reserves the right to cancel PGCE modules registered in excess of this number.
Students completing the PGCE over more  than one year, MUST register the Teaching Methodology in the
same year as the Teaching Practice. The MAXIMUM number of years in  which the PGCE qualification may
be completed is THREE years.
Some of the pre-requisites and/ or co-requisites outlined in this qualification may not apply, as
they do not form part of the curriculum.
 
This qualification consists of 11 modules and 132 credits.
 
Note that SPE1507 has been replaced by NSO1507. Students who have passed SPE1507 must NOT register
for NSO1507.
",APS/AS:,,https://www.unisa.ac.za/sites/corporate/default/Register-to-study-through-Unisa/Undergraduate-&-honours-qualifications/Find-your-qualification-&-choose-your-modules/All-qualifications/Postgraduate-Certificate-in-Education-in-Senior-Phase-and-Further-Education-and-Training-Teaching-Economics-(90148-–-ECO)
Postgraduate Certificate in Education in Senior Phase and Further Education and Training Teaching Engineering Technology (90148 - ETC),Engineering Technology,132,,115549,Education,90148 - ETC,7,"
Rules:
Teachers who are already professionally qualified to teach, may not offer this qualification. It is
the responsibility of the student to consult with the relevant Education Department districts or
Provincial Education Departments on how to upgrade to additional REQV levels. Outstanding admission
requirements may NOT be offered for non-degree purposes (NDP). Students who do not meet all the
admission requirements for this qualification should rather consider applying for a BEd degree (if
not already professionally qualified).
General: UNISA reserves the right to cancel PGCE modules registered in excess of this number.
Students completing the PGCE over more  than one year, MUST register the Teaching Methodology in the
same year as the Teaching Practice. The MAXIMUM number of years in  which the PGCE qualification may
be completed is THREE years.
Some of the pre-requisites and/ or co-requisites outlined in this qualification may not apply, as
they do not form part of the curriculum.
 
This qualification consists of 11 modules and 132 credits.
 
Note that SPE1507 has been replaced by NSO1507. Students who have passed SPE1507 must NOT register
for NSO1507.
",APS/AS:,,https://www.unisa.ac.za/sites/corporate/default/Register-to-study-through-Unisa/Undergraduate-&-honours-qualifications/Find-your-qualification-&-choose-your-modules/All-qualifications/Postgraduate-Certificate-in-Education-in-Senior-Phase-and-Further-Education-and-Training-Teaching-Engineering-Technology-(90148-–-ETC)
Postgraduate Certificate in Education in Senior Phase and Further Education and Training Teaching English (90148 - ENG),English,132,,115549,Education,90148 - ENG,7,"
Rules:
Teachers who are already professionally qualified to teach, may not offer this qualification. It is
the responsibility of the student to consult with the relevant Education Department districts or
Provincial Education Departments on how to upgrade to additional REQV levels. Outstanding admission
requirements may NOT be offered for non-degree purposes (NDP). Students who do not meet all the
admission requirements for this qualification should rather consider applying for a BEd degree (if
not already professionally qualified).
General: UNISA reserves the right to cancel PGCE modules registered in excess of this number.
Students completing the PGCE over more  than one year, MUST register the Teaching Methodology in the
same year as the Teaching Practice. The MAXIMUM number of years in  which the PGCE qualification may
be completed is THREE years.
Some of the pre-requisites and/ or co-requisites outlined in this qualification may not apply, as
they do not form part of the curriculum.
 
This qualification consists of 11 modules and 132 credits.
 
Note that SPE1507 has been replaced by NSO1507. Students who have passed SPE1507 must NOT register
for NSO1507.
",APS/AS:,,https://www.unisa.ac.za/sites/corporate/default/Register-to-study-through-Unisa/Undergraduate-&-honours-qualifications/Find-your-qualification-&-choose-your-modules/All-qualifications/Postgraduate-Certificate-in-Education-in-Senior-Phase-and-Further-Education-and-Training-Teaching-English-(90148-–-ENG)
Postgraduate Certificate in Education in Senior Phase and Further Education and Training Teaching Financial Accounting (90148 - FAC),Financial Accounting,132,,115549,Education,90148 - FAC,7,"
Rules:
Teachers who are already professionally qualified to teach, may not offer this qualification. It is
the responsibility of the student to consult with the relevant Education Department districts or
Provincial Education Departments on how to upgrade to additional REQV levels. Outstanding admission
requirements may NOT be offered for non-degree purposes (NDP). Students who do not meet all the
admission requirements for this qualification should rather consider applying for a BEd degree (if
not already professionally qualified).
General: UNISA reserves the right to cancel PGCE modules registered in excess of this number.
Students completing the PGCE over more  than one year, MUST register the Teaching Methodology in the
same year as the Teaching Practice. The MAXIMUM number of years in  which the PGCE qualification may
be completed is THREE years.
Some of the pre-requisites and/ or co-requisites outlined in this qualification may not apply, as
they do not form part of the curriculum.
 
This qualification consists of 11 modules and 132 credits.
 
Note that SPE1507 has been replaced by NSO1507. Students who have passed SPE1507 must NOT register
for NSO1507.
",APS/AS:,,https://www.unisa.ac.za/sites/corporate/default/Register-to-study-through-Unisa/Undergraduate-&-honours-qualifications/Find-your-qualification-&-choose-your-modules/All-qualifications/Postgraduate-Certificate-in-Education-in-Senior-Phase-and-Further-Education-and-Training-Teaching-Financial-Accounting-(90148-–-FAC)
Postgraduate Certificate in Education in Senior Phase and Further Education and Training Teaching Geography (90148 - GEO),Geography,132,,115549,Education,90148 - GEO,7,"
Rules:
Teachers who are already professionally qualified to teach, may not offer this qualification. It is
the responsibility of the student to consult with the relevant Education Department districts or
Provincial Education Departments on how to upgrade to additional REQV levels. Outstanding admission
requirements may NOT be offered for non-degree purposes (NDP). Students who do not meet all the
admission requirements for this qualification should rather consider applying for a BEd degree (if
not already professionally qualified).
General: UNISA reserves the right to cancel PGCE modules registered in excess of this number.
Students completing the PGCE over more  than one year, MUST register the Teaching Methodology in the
same year as the Teaching Practice. The MAXIMUM number of years in  which the PGCE qualification may
be completed is THREE years.
Some of the pre-requisites and/ or co-requisites outlined in this qualification may not apply, as
they do not form part of the curriculum.
 
This qualification consists of 11 modules and 132 credits.
 
Note that SPE1507 has been replaced by NSO1507. Students who have passed SPE1507 must NOT register
for NSO1507.
",APS/AS:,,https://www.unisa.ac.za/sites/corporate/default/Register-to-study-through-Unisa/Undergraduate-&-honours-qualifications/Find-your-qualification-&-choose-your-modules/All-qualifications/Postgraduate-Certificate-in-Education-in-Senior-Phase-and-Further-Education-and-Training-Teaching-Geography-(90148-–-GEO)
Postgraduate Certificate in Education in Senior Phase and Further Education and Training Teaching History (90148 - HIS),History,132,,115549,Education,90148 - HIS,7,"
Rules:
Teachers who are already professionally qualified to teach, may not offer this qualification. It is
the responsibility of the student to consult with the relevant Education Department districts or
Provincial Education Departments on how to upgrade to additional REQV levels. Outstanding admission
requirements may NOT be offered for non-degree purposes (NDP). Students who do not meet all the
admission requirements for this qualification should rather consider applying for a BEd degree (if
not already professionally qualified).
General: UNISA reserves the right to cancel PGCE modules registered in excess of this number.
Students completing the PGCE over more  than one year, MUST register the Teaching Methodology in the
same year as the Teaching Practice. The MAXIMUM number of years in  which the PGCE qualification may
be completed is THREE years.
Some of the pre-requisites and/ or co-requisites outlined in this qualification may not apply, as
they do not form part of the curriculum.
 
This qualification consists of 11 modules and 132 credits.
 
Note that SPE1507 has been replaced by NSO1507. Students who have passed SPE1507 must NOT register
for NSO1507.
",APS/AS:,,https://www.unisa.ac.za/sites/corporate/default/Register-to-study-through-Unisa/Undergraduate-&-honours-qualifications/Find-your-qualification-&-choose-your-modules/All-qualifications/Postgraduate-Certificate-in-Education-in-Senior-Phase-and-Further-Education-and-Training-Teaching-History-(90148-–-HIS)
Postgraduate Certificate in Education in Senior Phase and Further Education and Training Teaching Hospitality Studies (90148 - HOS),Hospitality Studies,132,,115549,Education,90148 - HOS,7,"
Rules:
Teachers who are already professionally qualified to teach, may not offer this qualification. It is
the responsibility of the student to consult with the relevant Education Department districts or
Provincial Education Departments on how to upgrade to additional REQV levels. Outstanding admission
requirements may NOT be offered for non-degree purposes (NDP). Students who do not meet all the
admission requirements for this qualification should rather consider applying for a BEd degree (if
not already professionally qualified).
General: UNISA reserves the right to cancel PGCE modules registered in excess of this number.
Students completing the PGCE over more  than one year, MUST register the Teaching Methodology in the
same year as the Teaching Practice. The MAXIMUM number of years in  which the PGCE qualification may
be completed is THREE years.
Some of the pre-requisites and/ or co-requisites outlined in this qualification may not apply, as
they do not form part of the curriculum.
 
This qualification consists of 11 modules and 132 credits.
 
Note that SPE1507 has been replaced by NSO1507. Students who have passed SPE1507 must NOT register
for NSO1507.
",APS/AS:,,https://www.unisa.ac.za/sites/corporate/default/Register-to-study-through-Unisa/Undergraduate-&-honours-qualifications/Find-your-qualification-&-choose-your-modules/All-qualifications/Postgraduate-Certificate-in-Education-in-Senior-Phase-and-Further-Education-and-Training-Teaching-Hospitality-Studies-(90148-–-HOS)
Postgraduate Certificate in Education in Senior Phase and Further Education and Training Teaching Information Computer Studies (90148 - ICA),Information Computer Studies,132,,115549,Education,90148 - ICA,7,"
Rules:
Teachers who are already professionally qualified to teach, may not offer this qualification. It is
the responsibility of the student to consult with the relevant Education Department districts or
Provincial Education Departments on how to upgrade to additional REQV levels. Outstanding admission
requirements may NOT be offered for non-degree purposes (NDP). Students who do not meet all the
admission requirements for this qualification should rather consider applying for a BEd degree (if
not already professionally qualified).
General: UNISA reserves the right to cancel PGCE modules registered in excess of this number.
Students completing the PGCE over more  than one year, MUST register the Teaching Methodology in the
same year as the Teaching Practice. The MAXIMUM number of years in  which the PGCE qualification may
be completed is THREE years.
Some of the pre-requisites and/ or co-requisites outlined in this qualification may not apply, as
they do not form part of the curriculum.
 
This qualification consists of 11 modules and 132 credits.
 
Note that SPE1507 has been replaced by NSO1507. Students who have passed SPE1507 must NOT register
for NSO1507.
",APS/AS:,,https://www.unisa.ac.za/sites/corporate/default/Register-to-study-through-Unisa/Undergraduate-&-honours-qualifications/Find-your-qualification-&-choose-your-modules/All-qualifications/Postgraduate-Certificate-in-Education-in-Senior-Phase-and-Further-Education-and-Training-Teaching-Information-Computer-Studies-(90148-–-ICA)
Postgraduate Certificate in Education in Senior Phase and Further Education and Training Teaching Languages (90148 - LAN),Languages,132,,115549,Education,90148 - LAN,7,"
Rules:
Teachers who are already professionally qualified to teach, may not offer this qualification. It is
the responsibility of the student to consult with the relevant Education Department districts or
Provincial Education Departments on how to upgrade to additional REQV levels. Outstanding admission
requirements may NOT be offered for non-degree purposes (NDP). Students who do not meet all the
admission requirements for this qualification should rather consider applying for a BEd degree (if
not already professionally qualified).
General: UNISA reserves the right to cancel PGCE modules registered in excess of this number.
Students completing the PGCE over more  than one year, MUST register the Teaching Methodology in the
same year as the Teaching Practice. The MAXIMUM number of years in  which the PGCE qualification may
be completed is THREE years.
Some of the pre-requisites and/ or co-requisites outlined in this qualification may not apply, as
they do not form part of the curriculum.
 
This qualification consists of 11 modules and 132 credits.
 
Note that SPE1507 has been replaced by NSO1507. Students who have passed SPE1507 must NOT register
for NSO1507.
",APS/AS:,,https://www.unisa.ac.za/sites/corporate/default/Register-to-study-through-Unisa/Undergraduate-&-honours-qualifications/Find-your-qualification-&-choose-your-modules/All-qualifications/Postgraduate-Certificate-in-Education-in-Senior-Phase-and-Further-Education-and-Training-Teaching-Languages-(90148-–-LAN)
Postgraduate Certificate in Education in Senior Phase and Further Education and Training Teaching Languages and Human Sciences (90148 - LAH),Languages and Human Sciences,132,,115549,Education,90148 - LAH,7,"
Rules:
Teachers who are already professionally qualified to teach, may not offer this qualification. It is
the responsibility of the student to consult with the relevant Education Department districts or
Provincial Education Departments on how to upgrade to additional REQV levels. Outstanding admission
requirements may NOT be offered for non-degree purposes (NDP). Students who do not meet all the
admission requirements for this qualification should rather consider applying for a BEd degree (if
not already professionally qualified).
General: UNISA reserves the right to cancel PGCE modules registered in excess of this number.
Students completing the PGCE over more  than one year, MUST register the Teaching Methodology in the
same year as the Teaching Practice. The MAXIMUM number of years in  which the PGCE qualification may
be completed is THREE years.
Some of the pre-requisites and/ or co-requisites outlined in this qualification may not apply, as
they do not form part of the curriculum.
 
This qualification consists of 11 modules and 132 credits.
 
Note that SPE1507 has been replaced by NSO1507. Students who have passed SPE1507 must NOT register
for NSO1507.
",APS/AS:,,https://www.unisa.ac.za/sites/corporate/default/Register-to-study-through-Unisa/Undergraduate-&-honours-qualifications/Find-your-qualification-&-choose-your-modules/All-qualifications/Postgraduate-Certificate-in-Education-in-Senior-Phase-and-Further-Education-and-Training-Teaching-Languages-and-Human-Sciences-(90148-–-LAH)
Postgraduate Certificate in Education in Senior Phase and Further Education and Training Teaching Languages and Social Sciences (90148 - LAS),Languages and Social Sciences,132,,115549,Education,90148 - LAS,7,"
Rules:
Teachers who are already professionally qualified to teach, may not offer this qualification. It is
the responsibility of the student to consult with the relevant Education Department districts or
Provincial Education Departments on how to upgrade to additional REQV levels. Outstanding admission
requirements may NOT be offered for non-degree purposes (NDP). Students who do not meet all the
admission requirements for this qualification should rather consider applying for a BEd degree (if
not already professionally qualified).
General: UNISA reserves the right to cancel PGCE modules registered in excess of this number.
Students completing the PGCE over more  than one year, MUST register the Teaching Methodology in the
same year as the Teaching Practice. The MAXIMUM number of years in  which the PGCE qualification may
be completed is THREE years.
Some of the pre-requisites and/ or co-requisites outlined in this qualification may not apply, as
they do not form part of the curriculum.
 
This qualification consists of 11 modules and 132 credits.
 
Note that SPE1507 has been replaced by NSO1507. Students who have passed SPE1507 must NOT register
for NSO1507.
",APS/AS:,,https://www.unisa.ac.za/sites/corporate/default/Register-to-study-through-Unisa/Undergraduate-&-honours-qualifications/Find-your-qualification-&-choose-your-modules/All-qualifications/Postgraduate-Certificate-in-Education-in-Senior-Phase-and-Further-Education-and-Training-Teaching-Languages-and-Social-Sciences-(90148-–-LAS)
Postgraduate Certificate in Education in Senior Phase and Further Education and Training Teaching Life Orientation (90148 - LOR),Life Orientation,132,,115549,Education,90148 - LOR,7,"
Rules:
Teachers who are already professionally qualified to teach, may not offer this qualification. It is
the responsibility of the student to consult with the relevant Education Department districts or
Provincial Education Departments on how to upgrade to additional REQV levels. Outstanding admission
requirements may NOT be offered for non-degree purposes (NDP). Students who do not meet all the
admission requirements for this qualification should rather consider applying for a BEd degree (if
not already professionally qualified).
General: UNISA reserves the right to cancel PGCE modules registered in excess of this number.
Students completing the PGCE over more  than one year, MUST register the Teaching Methodology in the
same year as the Teaching Practice. The MAXIMUM number of years in  which the PGCE qualification may
be completed is THREE years.
Some of the pre-requisites and/ or co-requisites outlined in this qualification may not apply, as
they do not form part of the curriculum.
 
This qualification consists of 11 modules and 132 credits.
 
Note that SPE1507 has been replaced by NSO1507. Students who have passed SPE1507 must NOT register
for NSO1507.
",APS/AS:,,https://www.unisa.ac.za/sites/corporate/default/Register-to-study-through-Unisa/Undergraduate-&-honours-qualifications/Find-your-qualification-&-choose-your-modules/All-qualifications/Postgraduate-Certificate-in-Education-in-Senior-Phase-and-Further-Education-and-Training-Teaching-Life-Orientation-(90148-–-LOR)
Postgraduate Certificate in Education in Senior Phase and Further Education and Training Teaching Life Sciences (90148 - BIO),Life Sciences,132,,115549,Education,90148 - BIO,7,"
Rules:
Teachers who are already professionally qualified to teach, may not offer this qualification. It is
the responsibility of the student to consult with the relevant Education Department districts or
Provincial Education Departments on how to upgrade to additional REQV levels. Outstanding admission
requirements may NOT be offered for non-degree purposes (NDP). Students who do not meet all the
admission requirements for this qualification should rather consider applying for a BEd degree (if
not already professionally qualified).
General: UNISA reserves the right to cancel PGCE modules registered in excess of this number.
Students completing the PGCE over more  than one year, MUST register the Teaching Methodology in the
same year as the Teaching Practice. The MAXIMUM number of years in  which the PGCE qualification may
be completed is THREE years.
Some of the pre-requisites and/ or co-requisites outlined in this qualification may not apply, as
they do not form part of the curriculum.
 
This qualification consists of 11 modules and 132 credits.
 
Note that SPE1507 has been replaced by NSO1507. Students who have passed SPE1507 must NOT register
for NSO1507.
",APS/AS:,,https://www.unisa.ac.za/sites/corporate/default/Register-to-study-through-Unisa/Undergraduate-&-honours-qualifications/Find-your-qualification-&-choose-your-modules/All-qualifications/Postgraduate-Certificate-in-Education-in-Senior-Phase-and-Further-Education-and-Training-Teaching-Life-Sciences-(90148-–-BIO)
Postgraduate Certificate in Education in Senior Phase and Further Education and Training Teaching Life Sciences and Mathematics (90148 - BIM),Life Sciences and Mathematics,132,,115549,Education,90148 - BIM,7,"
Rules:
Teachers who are already professionally qualified to teach, may not offer this qualification. It is
the responsibility of the student to consult with the relevant Education Department districts or
Provincial Education Departments on how to upgrade to additional REQV levels. Outstanding admission
requirements may NOT be offered for non-degree purposes (NDP). Students who do not meet all the
admission requirements for this qualification should rather consider applying for a BEd degree (if
not already professionally qualified).
General: UNISA reserves the right to cancel PGCE modules registered in excess of this number.
Students completing the PGCE over more  than one year, MUST register the Teaching Methodology in the
same year as the Teaching Practice. The MAXIMUM number of years in  which the PGCE qualification may
be completed is THREE years.
Some of the pre-requisites and/ or co-requisites outlined in this qualification may not apply, as
they do not form part of the curriculum.
 
This qualification consists of 11 modules and 132 credits.
 
Note that SPE1507 has been replaced by NSO1507. Students who have passed SPE1507 must NOT register
for NSO1507.
",APS/AS:,,https://www.unisa.ac.za/sites/corporate/default/Register-to-study-through-Unisa/Undergraduate-&-honours-qualifications/Find-your-qualification-&-choose-your-modules/All-qualifications/Postgraduate-Certificate-in-Education-in-Senior-Phase-and-Further-Education-and-Training-Teaching-Life-Sciences-and-Mathematics-(90148-–-BIM)
Postgraduate Certificate in Education in Senior Phase and Further Education and Training Teaching Mathematical Literacy (90148 - MTL),Mathematical Literacy,132,,115549,Education,90148 - MTL,7,"
Rules:
Teachers who are already professionally qualified to teach, may not offer this qualification. It is
the responsibility of the student to consult with the relevant Education Department districts or
Provincial Education Departments on how to upgrade to additional REQV levels. Outstanding admission
requirements may NOT be offered for non-degree purposes (NDP). Students who do not meet all the
admission requirements for this qualification should rather consider applying for a BEd degree (if
not already professionally qualified).
General: UNISA reserves the right to cancel PGCE modules registered in excess of this number.
Students completing the PGCE over more  than one year, MUST register the Teaching Methodology in the
same year as the Teaching Practice. The MAXIMUM number of years in  which the PGCE qualification may
be completed is THREE years.
Some of the pre-requisites and/ or co-requisites outlined in this qualification may not apply, as
they do not form part of the curriculum.
 
This qualification consists of 11 modules and 132 credits.
 
Note that SPE1507 has been replaced by NSO1507. Students who have passed SPE1507 must NOT register
for NSO1507.
",APS/AS:,,https://www.unisa.ac.za/sites/corporate/default/Register-to-study-through-Unisa/Undergraduate-&-honours-qualifications/Find-your-qualification-&-choose-your-modules/All-qualifications/Postgraduate-Certificate-in-Education-in-Senior-Phase-and-Further-Education-and-Training-Teaching-Mathematical-Literacy-(90148-–-MTL)
Postgraduate Certificate in Education in Senior Phase and Further Education and Training Teaching Mathematics (90148 - MAT),Mathematics,132,,115549,Education,90148 - MAT,7,"
Rules:
Teachers who are already professionally qualified to teach, may not offer this qualification. It is
the responsibility of the student to consult with the relevant Education Department districts or
Provincial Education Departments on how to upgrade to additional REQV levels. Outstanding admission
requirements may NOT be offered for non-degree purposes (NDP). Students who do not meet all the
admission requirements for this qualification should rather consider applying for a BEd degree (if
not already professionally qualified).
General: UNISA reserves the right to cancel PGCE modules registered in excess of this number.
Students completing the PGCE over more  than one year, MUST register the Teaching Methodology in the
same year as the Teaching Practice. The MAXIMUM number of years in  which the PGCE qualification may
be completed is THREE years.
Some of the pre-requisites and/ or co-requisites outlined in this qualification may not apply, as
they do not form part of the curriculum.
 
This qualification consists of 11 modules and 132 credits.
 
Note that SPE1507 has been replaced by NSO1507. Students who have passed SPE1507 must NOT register
for NSO1507.
",APS/AS:,,https://www.unisa.ac.za/sites/corporate/default/Register-to-study-through-Unisa/Undergraduate-&-honours-qualifications/Find-your-qualification-&-choose-your-modules/All-qualifications/Postgraduate-Certificate-in-Education-in-Senior-Phase-and-Further-Education-and-Training-Teaching-Mathematics-(90148-–-MAT)
Postgraduate Certificate in Education in Senior Phase and Further Education and Training Teaching Mathematics and Natural Sciences (90148 - MAS),Mathematics and Natural Sciences,132,,115549,Education,90148 - MAS,7,"
Rules:
Teachers who are already professionally qualified to teach, may not offer this qualification. It is
the responsibility of the student to consult with the relevant Education Department districts or
Provincial Education Departments on how to upgrade to additional REQV levels. Outstanding admission
requirements may NOT be offered for non-degree purposes (NDP). Students who do not meet all the
admission requirements for this qualification should rather consider applying for a BEd degree (if
not already professionally qualified).
General: UNISA reserves the right to cancel PGCE modules registered in excess of this number.
Students completing the PGCE over more  than one year, MUST register the Teaching Methodology in the
same year as the Teaching Practice. The MAXIMUM number of years in  which the PGCE qualification may
be completed is THREE years.
Some of the pre-requisites and/ or co-requisites outlined in this qualification may not apply, as
they do not form part of the curriculum.
 
This qualification consists of 11 modules and 132 credits.
 
Note that SPE1507 has been replaced by NSO1507. Students who have passed SPE1507 must NOT register
for NSO1507.
",APS/AS:,,https://www.unisa.ac.za/sites/corporate/default/Register-to-study-through-Unisa/Undergraduate-&-honours-qualifications/Find-your-qualification-&-choose-your-modules/All-qualifications/Postgraduate-Certificate-in-Education-in-Senior-Phase-and-Further-Education-and-Training-Teaching-Mathematics-and-Natural-Sciences-(90148-–-MAS)
Postgraduate Certificate in Education in Senior Phase and Further Education and Training Teaching Music and Language (90148 - MUL),Music and Language,132,,115549,Education,90148 - MUL,7,"
Rules:
Teachers who are already professionally qualified to teach, may not offer this qualification. It is
the responsibility of the student to consult with the relevant Education Department districts or
Provincial Education Departments on how to upgrade to additional REQV levels. Outstanding admission
requirements may NOT be offered for non-degree purposes (NDP). Students who do not meet all the
admission requirements for this qualification should rather consider applying for a BEd degree (if
not already professionally qualified).
General: UNISA reserves the right to cancel PGCE modules registered in excess of this number.
Students completing the PGCE over more  than one year, MUST register the Teaching Methodology in the
same year as the Teaching Practice. The MAXIMUM number of years in  which the PGCE qualification may
be completed is THREE years.
Some of the pre-requisites and/ or co-requisites outlined in this qualification may not apply, as
they do not form part of the curriculum.
 
This qualification consists of 11 modules and 132 credits.
 
Note that SPE1507 has been replaced by NSO1507. Students who have passed SPE1507 must NOT register
for NSO1507.
",APS/AS:,,https://www.unisa.ac.za/sites/corporate/default/Register-to-study-through-Unisa/Undergraduate-&-honours-qualifications/Find-your-qualification-&-choose-your-modules/All-qualifications/Postgraduate-Certificate-in-Education-in-Senior-Phase-and-Further-Education-and-Training-Teaching-Music-and-Language-(90148-–-MUL)
Postgraduate Certificate in Education in Senior Phase and Further Education and Training Teaching Music and Management (90148 - MUM),Music and Management,132,,115549,Education,90148 - MUM,7,"
Rules:
Teachers who are already professionally qualified to teach, may not offer this qualification. It is
the responsibility of the student to consult with the relevant Education Department districts or
Provincial Education Departments on how to upgrade to additional REQV levels. Outstanding admission
requirements may NOT be offered for non-degree purposes (NDP). Students who do not meet all the
admission requirements for this qualification should rather consider applying for a BEd degree (if
not already professionally qualified).
General: UNISA reserves the right to cancel PGCE modules registered in excess of this number.
Students completing the PGCE over more  than one year, MUST register the Teaching Methodology in the
same year as the Teaching Practice. The MAXIMUM number of years in  which the PGCE qualification may
be completed is THREE years.
Some of the pre-requisites and/ or co-requisites outlined in this qualification may not apply, as
they do not form part of the curriculum.
 
This qualification consists of 11 modules and 132 credits.
 
Note that SPE1507 has been replaced by NSO1507. Students who have passed SPE1507 must NOT register
for NSO1507.
",APS/AS:,,https://www.unisa.ac.za/sites/corporate/default/Register-to-study-through-Unisa/Undergraduate-&-honours-qualifications/Find-your-qualification-&-choose-your-modules/All-qualifications/Postgraduate-Certificate-in-Education-in-Senior-Phase-and-Further-Education-and-Training-Teaching-Music-and-Management-(90148-–-MUM)
Postgraduate Certificate in Education in Senior Phase and Further Education and Training Teaching Physical Sciences (90148 - PHS),Physical Sciences,132,,115549,Education,90148 - PHS,7,"
Rules:
Teachers who are already professionally qualified to teach, may not offer this qualification. It is
the responsibility of the student to consult with the relevant Education Department districts or
Provincial Education Departments on how to upgrade to additional REQV levels. Outstanding admission
requirements may NOT be offered for non-degree purposes (NDP). Students who do not meet all the
admission requirements for this qualification should rather consider applying for a BEd degree (if
not already professionally qualified).
General: UNISA reserves the right to cancel PGCE modules registered in excess of this number.
Students completing the PGCE over more  than one year, MUST register the Teaching Methodology in the
same year as the Teaching Practice. The MAXIMUM number of years in  which the PGCE qualification may
be completed is THREE years.
Some of the pre-requisites and/ or co-requisites outlined in this qualification may not apply, as
they do not form part of the curriculum.
 
This qualification consists of 11 modules and 132 credits.
 
Note that SPE1507 has been replaced by NSO1507. Students who have passed SPE1507 must NOT register
for NSO1507.
",APS/AS:,,https://www.unisa.ac.za/sites/corporate/default/Register-to-study-through-Unisa/Undergraduate-&-honours-qualifications/Find-your-qualification-&-choose-your-modules/All-qualifications/Postgraduate-Certificate-in-Education-in-Senior-Phase-and-Further-Education-and-Training-Teaching-Physical-Sciences-(90148-–-PHS)
Postgraduate Certificate in Education in Senior Phase and Further Education and Training Teaching Physical Sciences and Mathematics (90148 - PSM),Physical Sciences and Mathematics,132,,115549,Education,90148 - PSM,7,"
Rules:
Teachers who are already professionally qualified to teach, may not offer this qualification. It is
the responsibility of the student to consult with the relevant Education Department districts or
Provincial Education Departments on how to upgrade to additional REQV levels. Outstanding admission
requirements may NOT be offered for non-degree purposes (NDP). Students who do not meet all the
admission requirements for this qualification should rather consider applying for a BEd degree (if
not already professionally qualified).
General: UNISA reserves the right to cancel PGCE modules registered in excess of this number.
Students completing the PGCE over more  than one year, MUST register the Teaching Methodology in the
same year as the Teaching Practice. The MAXIMUM number of years in  which the PGCE qualification may
be completed is THREE years.
Some of the pre-requisites and/ or co-requisites outlined in this qualification may not apply, as
they do not form part of the curriculum.
 
This qualification consists of 11 modules and 132 credits.
 
Note that SPE1507 has been replaced by NSO1507. Students who have passed SPE1507 must NOT register
for NSO1507.
",APS/AS:,,https://www.unisa.ac.za/sites/corporate/default/Register-to-study-through-Unisa/Undergraduate-&-honours-qualifications/Find-your-qualification-&-choose-your-modules/All-qualifications/Postgraduate-Certificate-in-Education-in-Senior-Phase-and-Further-Education-and-Training-Teaching-Physical-Sciences-and-Mathematics-(90148-–-PSM)
Postgraduate Certificate in Education in Senior Phase and Further Education and Training Teaching Religious Studies (90148 - REL),Religious Studies,132,,115549,Education,90148 - REL,7,"
Rules:
Teachers who are already professionally qualified to teach, may not offer this qualification. It is
the responsibility of the student to consult with the relevant Education Department districts or
Provincial Education Departments on how to upgrade to additional REQV levels. Outstanding admission
requirements may NOT be offered for non-degree purposes (NDP). Students who do not meet all the
admission requirements for this qualification should rather consider applying for a BEd degree (if
not already professionally qualified).
General: UNISA reserves the right to cancel PGCE modules registered in excess of this number.
Students completing the PGCE over more  than one year, MUST register the Teaching Methodology in the
same year as the Teaching Practice. The MAXIMUM number of years in  which the PGCE qualification may
be completed is THREE years.
Some of the pre-requisites and/ or co-requisites outlined in this qualification may not apply, as
they do not form part of the curriculum.
 
This qualification consists of 11 modules and 132 credits.
 
Note that SPE1507 has been replaced by NSO1507. Students who have passed SPE1507 must NOT register
for NSO1507.
",APS/AS:,,https://www.unisa.ac.za/sites/corporate/default/Register-to-study-through-Unisa/Undergraduate-&-honours-qualifications/Find-your-qualification-&-choose-your-modules/All-qualifications/Postgraduate-Certificate-in-Education-in-Senior-Phase-and-Further-Education-and-Training-Teaching-Religious-Studies-(90148-–-REL)
Postgraduate Certificate in Education in Senior Phase and Further Education and Training Teaching Sport Science (90148 - SPT),Sport Science,132,,115549,Education,90148 - SPT,7,"
Rules:
Teachers who are already professionally qualified to teach, may not offer this qualification. It is
the responsibility of the student to consult with the relevant Education Department districts or
Provincial Education Departments on how to upgrade to additional REQV levels. Outstanding admission
requirements may NOT be offered for non-degree purposes (NDP). Students who do not meet all the
admission requirements for this qualification should rather consider applying for a BEd degree (if
not already professionally qualified).
General: UNISA reserves the right to cancel PGCE modules registered in excess of this number.
Students completing the PGCE over more  than one year, MUST register the Teaching Methodology in the
same year as the Teaching Practice. The MAXIMUM number of years in  which the PGCE qualification may
be completed is THREE years.
Some of the pre-requisites and/ or co-requisites outlined in this qualification may not apply, as
they do not form part of the curriculum.
 
This qualification consists of 11 modules and 132 credits.
 
Note that SPE1507 has been replaced by NSO1507. Students who have passed SPE1507 must NOT register
for NSO1507.
",APS/AS:,,https://www.unisa.ac.za/sites/corporate/default/Register-to-study-through-Unisa/Undergraduate-&-honours-qualifications/Find-your-qualification-&-choose-your-modules/All-qualifications/Postgraduate-Certificate-in-Education-in-Senior-Phase-and-Further-Education-and-Training-Teaching-Sport-Science-(90148-–-SPT)
Postgraduate Certificate in Education in Senior Phase and Further Education and Training Teaching Tourism (90148 - TRM),Tourism,132,,115549,Education,90148 - TRM,7,"
Rules:
Teachers who are already professionally qualified to teach, may not offer this qualification. It is
the responsibility of the student to consult with the relevant Education Department districts or
Provincial Education Departments on how to upgrade to additional REQV levels. Outstanding admission
requirements may NOT be offered for non-degree purposes (NDP). Students who do not meet all the
admission requirements for this qualification should rather consider applying for a BEd degree (if
not already professionally qualified).
General: UNISA reserves the right to cancel PGCE modules registered in excess of this number.
Students completing the PGCE over more  than one year, MUST register the Teaching Methodology in the
same year as the Teaching Practice. The MAXIMUM number of years in  which the PGCE qualification may
be completed is THREE years.
Some of the pre-requisites and/ or co-requisites outlined in this qualification may not apply, as
they do not form part of the curriculum.
 
This qualification consists of 11 modules and 132 credits.
 
Note that SPE1507 has been replaced by NSO1507. Students who have passed SPE1507 must NOT register
for NSO1507.
",APS/AS:,,https://www.unisa.ac.za/sites/corporate/default/Register-to-study-through-Unisa/Undergraduate-&-honours-qualifications/Find-your-qualification-&-choose-your-modules/All-qualifications/Postgraduate-Certificate-in-Education-in-Senior-Phase-and-Further-Education-and-Training-Teaching-Tourism-(90148-–-TRM)
Diploma in Early Childhood Care and Education (90187),90187,119964,,18,Education,6,360,This qualification will be presented using both online and distance learning modes.,"Purpose statement:In light of the need to professionalise the birth to four workforce in South Africa, the purpose of the Diploma in ECCE is to develop professionally competent educators who are knowledgeable, skilled and ethically inclined to facilitate early care and learning in diverse early childhood contexts. The UNISA open distance e learning environment (ODel) will afford  multi-modal learning opportunities to develop in-depth specialisation of knowledge, practical skills and experience required for quality ECCE in a rapidly transforming context.",,https://www.unisa.ac.za/sites/corporate/default/Register-to-study-through-Unisa/Undergraduate-&-honours-qualifications/Find-your-qualification-&-choose-your-modules/All-qualifications/Diploma-in-Early-Childhood-Care-and-Education-(90187)
Diploma in Grade R Teaching (90173),90173,117406,,18,Education,6,360,"Purpose statement:Qualifying students will develop an integrated understanding of the disciplinary, practical, pedagogical and situational knowledge application within the profession of Grade R teaching. Students completing this qualification will also be able to cultivate a practical understanding of teaching and learning in a diverse range of South African schools, in relation to educational theory and Grade R specialisation, practice and policy. This qualification also fosters self-reflexivity and self-understanding among prospective Grade R teachers in order to nurture commitment to the ideals of the Grade R teaching profession. This qualification also enables students to develop the professional dispositions and self-identity of students as Grade R teachers. Qualifying students will also develop dispositions and competences to organize learning among a diverse range of learners in diverse contexts; within the context of teaching in the Grade R. The primary purpose of The Grade R diploma is to ensure that qualifying students are able to facilitate Grade R learning ethically, professionally and innovatively in both rural and urban landscapes. Furthermore, on completion of the qualification, students will be able to implement and continuously adapt to national legislation / policies and guidelines governing and addressing Grade R teaching and learning in a coherent and purposeful manner. The purpose of this qualification is also to ensure that the qualifying student will be able to demonstrate an appropriate collaborative attitude and value the involvement of multiple stakeholders that contribute to Grade R teaching and learning success. Qualifying students will also be able to administer and manage Grade R teaching and learning effectively through best classroom practice in stimulating learning amongst Grade R learners. The Diploma is the minimum qualification for teachers in Grade R. Teachers are members of a profession whose definitive aim is to enable systematic learning. In order to prepare prospective Grade R teachers for this comprehensive role, the Diploma seeks to: -Develop and consolidate in an integrated way appropriate disciplinary, practical, pedagogical and situational knowledge. -Cultivate a practical understanding of teaching and learning in a diverse range of South African schools, in relation to educational theory and grade specialisation, practice and policy. -Foster self-reflexivity and self-understanding among prospective teachers. -Nurture commitment to the ideals of the teaching profession and an understanding of teaching as a profession. -Develop the professional dispositions and self-identity of students as teachers. -Develop students as active citizens and enable them to develop the dispositions of citizenship in their learners. -Promote and develop the dispositions and competences to organize learning among a diverse range of learners in diverse contexts","
Rules:
This qualification will be implemented incrementally and ONLY first and second level modules will be
offered in 2023.
",,https://www.unisa.ac.za/sites/corporate/default/Register-to-study-through-Unisa/Undergraduate-&-honours-qualifications/Find-your-qualification-&-choose-your-modules/All-qualifications/Diploma-in-Grade-R-Teaching-(90173)
Advanced Diploma in Computer Integrated Education (90165),90165,111152,,60,Education,7,120,"Purpose statement:The primary purpose of the qualification is to provide a learning pathway enabling teachers who have completed a Bachelor of Education (BEd) (or an Advanced Certificate in Teaching (ACT)), which will have focused on developing their Information Communication Technology (ICT) skill, knowledge and attitude, to deepen their understanding of how to teach and integrate ICT effectively into the entire school curriculum. This qualification develops and consolidates in an integrated way appropriate disciplinary, practical, pedagogical and situational knowledge in using ICT and ICT integration in teaching and learning. Foster self-reflection on the teaching of content knowledge to gain a deeper understanding of teaching and integrating ICT in teaching and learning. Promote and develop the dispositions and competences to use ICT and integrate it in all school subjects. 

The qualification will therefore seek to: ﾕ Provide learners with a deeper understanding of technological, pedagogical and content knowledge for the teaching and the integration ICT in the entire curriculum. 
- Apply theories and in Computer Integrated Education relevant to school curriculum. 
- Expose learners to strategies and methods that will enable them to use ICT in their pedagogical practices. 
- Demonstrate competence to integrate ICT effectively in teaching and learning. 
- Develop learners' skills in designing, developing and facilitating ICT integrated learning environments. 

It is envisaged that learners who achieve the Exit Level Outcomes will become innovative in the field of Computer Integrated Education (CIE).","
Rules:
It is a requirement for students who intend on registering for this qualification to already be
professionally qualified as a teacher. This Advanced Diploma is not a PGCE (Postgraduate Certificate
in Education) and, therefore, is not a teaching qualification. NB: This qualification will not be
recognised by the Department of Higher Education and Training should you NOT be in possession of an
approved 4-year professional teaching qualification.  It is a requirement that students enrolling
for this qualification, should have also completed Computer Integrated Education at least up to 2nd
year level (NQF Level 6).  The Advanced Diploma in Computer Integrated Education is a further
specialisation qualification. Its purpose is to further enhance an existing specialisation in
Computer Integrated Education.  Teachers who are already professionally qualified to teach Computer
Integrated Education as a result of holding a Bachelor of Education degree with a Computer
Integrated Education, will NOT be recognised by the employer for additional salary purposes or for
an additional REQV level. It is the responsibility of the student to consult with the relevant
Education Department districts or Provincial Education Departments on how to upgrade to additional
REQV levels.
",,https://www.unisa.ac.za/sites/corporate/default/Register-to-study-through-Unisa/Undergraduate-&-honours-qualifications/Find-your-qualification-&-choose-your-modules/All-qualifications/Advanced-Diploma-in-Computer-Integrated-Education-(90165)
Advanced Diploma in Education in Intermediate Phase Mathematics Teaching (90113),90113,109296,,60,Education,7,120,"Purpose statement:The primary purpose of this qualification is to provide a learning pathway enabling teachers who have completed a Bachelor of Education (BEd) degree or an appropriate first degree capped by an appropriate Postgraduate Certificate in Education (PGCE), or a Pre-2009 Higher Diploma in Education, which will have focused on developing their subject content knowledge, to deepen their understanding of how to teach school mathematics more effectively. The qualification will therefore seek to: Provide students with a deeper understanding of technical and pedagogical content knowledge for the effective teaching of school mathematics in diverse contexts: Apply theories and action research in Mathematics Education relevant to school mathematics. Expose students to strategies that will enable students to teach mathematics in a variety of ways. Demonstrate competence to teach mathematics through problem solving. Develop the ability to integrate the various strands of mathematics into a coherent, deep conceptual understanding of mathematics as a discipline and its role in society. 
And Broaden teaching and learning horizons by using appropriate technology/Information and communications technology (ICT) effectively. 
","
Rules:
It is a requirement for students who intend on registering for this qualification to already be
 professionally qualified as a teacher. This Advanced Diploma is not a
 PGCE (Postgraduate Certificate in Education) and, therefore, is not a teaching qualification.
 NB: This qualification will not be recognised by the Department of Higher Education and
 Training should you NOT be in possession of an approved 4-year professional teaching qualification.
 
 It is a requirement that students enrolling for this qualification, should have also
 completed Mathematics Education at least up to 2nd year level (NQF Level 6), or an Advanced
 Certificate in Mathematics Education.
 
 The Advanced Diploma in Intermediate Phase Mathematics Education is a further specialisation
 qualification. Its purpose is to further enhance an existing specialisation in Mathematics
 Education.
 
 Teachers who are already professionally qualified to teach Intermediate Phase Mathematics
 as a result of holding a Bachelor of Education degree with a mathematics teaching specialisation
 will NOT be recognised by the employer for additional salary purposes or for an additional REQV
 level . Such teachers are rather advised to apply for a Postgraduate Diploma in Intermediate Phase
 Mathematics Teaching (Not currently offered by UNISA) or a Bachelor of Education Honours
 specialising in Mathematics Education (Not currently offered by UNISA). It is the responsibility
 of the student to consult with the relevant Education Department districts or Provincial Education
 Departments on how to upgrade to additional REQV levels.
",,https://www.unisa.ac.za/sites/corporate/default/Register-to-study-through-Unisa/Undergraduate-&-honours-qualifications/Find-your-qualification-&-choose-your-modules/All-qualifications/Advanced-Diploma-in-Education-in-Intermediate-Phase-Mathematics-Teaching-(90113)
Advanced Diploma in Intermediate Phase Natural Science and Technology Education (90162),90162,109943,,60,Education,7,120,"Purpose statement:The primary purpose of the qualification is to provide a learning pathway enabling teachers focused on developing their subject content knowledge, to deepen their understanding of how to teach school natural science more effectively. The qualification will therefore seek to: ﾕ Provide learners with a deeper understanding of technical and pedagogical content knowledge for the effective teaching of school natural science and technology in diverse contexts. 
- Apply theories and action research in Natural Science and Technology Education relevant to school natural science and technology. 
- Expose learners to strategies that will enable students them to teach natural science and technology in a variety of ways. 
- Demonstrate competence to teach natural science and technology through problem solving. 
- Develop the ability to integrate the various strands of natural science and technology into a coherent, deep conceptual understanding of natural science and technology as a discipline and its role in society. 
and Broaden teaching and learning horizons by using appropriate technology/Information and communications technology (ICT) effectively. 

It is envisaged that learners who achieve the exit level outcomes will become innovative in the field of science and technology education.","
Rules:
It is a requirement for students who intend on registering for this qualification to already be
 professionally qualified as a teacher. This Advanced Diploma is not a
 PGCE (Postgraduate Certificate in Education) and, therefore, is not a teaching qualification.
 NB: This qualification will not be recognised by the Department of Higher Education and
 Training should you NOT be in possession of an approved 4-year professional teaching qualification.
  It is a requirement that students enrolling for this qualification, should have also
 completed Natural Sciences and Technology at least up to 2nd year level (NQF Level 6).
  The Advanced Diploma in Intermediate Phase Natural Science and Technology is a further
 specialisation qualification. Its purpose is to further enhance an existing specialisation in
 Natural Science and Technology.
  Teachers who are already professionally qualified to teach Intermediate Phase Natural Science
 and Technology as a result of holding a Bachelor of Education degree with a Natural Science and
 Technology specialisation,  will NOT be recognised by the employer for additional salary purposes
 or for an additional REQV level .
It is the responsibility of the student to consult with the relevant Education Department districts
 or Provincial Education Departments on how to upgrade to additional REQV levels.
",,https://www.unisa.ac.za/sites/corporate/default/Register-to-study-through-Unisa/Undergraduate-&-honours-qualifications/Find-your-qualification-&-choose-your-modules/All-qualifications/Advanced-Diploma-in-Intermediate-Phase-Natural-Science-and-Technology-Education-(90162)
Advanced Diploma in Senior Phase Natural Science Education (90166),90166,115294,,60,Education,7,120,"Purpose statement:The Advanced Diploma in Senior Phase Natural Science Education qualification seeks to: 
Transcend the standard or traditional way of teaching science in a move towards more learning-and learner-centred teaching methods. 
Develop and consolidate in an integrated way appropriate disciplinary, practical, pedagogical and situational knowledge in the field of science education. 
Foster self-reflexivity and subject reflexivity to gain a deeper understanding of the teaching of natural science and the role of research in improving the teaching of natural science. 
Nurture commitment to the ideals of developing proficient science teachers who can solve problems independently and collaboratively. 
Promote and develop the dispositions and competencies to integrate subject knowledge in the various strands of school science. 
Promote and develop the dispositions and competencies to make appropriate use of appropriate technology to enhance the learner engagement in the science classroom. 

The qualification will, therefore, seek to: 
Provide teachers with a deeper understanding of technical and pedagogical content knowledge for the effective teaching of school natural science and technology in diverse contexts. 
Apply theories and action research in Natural Science Education relevant to school natural science. 
Expose teachers to strategies that will enable them to teach natural science in a variety of ways. 
Demonstrate competence to teach natural science through problem-solving. 
Develop the ability to integrate the various strands of natural science into a coherent, deep conceptual understanding of natural science and technology as a discipline and its role in society. 
Broaden teaching and learning horizons by using appropriate technology/ICT effectively. 

Teachers who achieve the Exit Level Outcomes will become innovative in the field of science education. 
","
Rules:
It is a requirement for students who intend on registering for this qualification to already be
 professionally qualified as a teacher. This Advanced Diploma is not a
 PGCE (Postgraduate Certificate in Education) and, therefore, is not a teaching qualification.
 NB: This qualification will not be recognised by the Department of Higher Education and
 Training should you NOT be in possession of an approved 4-year professional teaching qualification.
 It is a requirement that students enrolling for this qualification, should have also
 completed Natural Sciences at least up to 2nd year level (NQF Level 6).
 The Advanced Diploma in Senior Phase Natural Science Education is a further
 specialisation qualification. Its purpose is to further enhance an existing specialisation in
 Natural Science for the Senior Phase.
  Teachers who are already professionally qualified to teach Senior Phase Natural Science
 as a result of holding a Bachelor of Education degree with a Natural Science
 specialisation, will NOT be recognised by the employer for additional salary purposes
 or for an additional REQV level.
 It is the responsibility of the student to consult with the relevant Education Department districts
 or Provincial Education Departments on how to upgrade to additional REQV levels.
",,https://www.unisa.ac.za/sites/corporate/default/Register-to-study-through-Unisa/Undergraduate-&-honours-qualifications/Find-your-qualification-&-choose-your-modules/All-qualifications/Advanced-Diploma-in-Senior-Phase-Natural-Science-Education-(90166)
Advanced Diploma in Teaching and Learning Support (90184),90184,119807,,60,Education,7,120,"Purpose statement:The purpose of this qualification is to strengthen teacher's knowledge skills and attitudes and values in Teaching and learning support. The graduate will have a deep and systematic understanding of current thinking, practice, theory and methodology in the area of Teaching and Learning support. Students will be able to apply this knowledge and skills in diverse contexts and within an eco-systemic approach. After completing this qualification, teachers will be experts in the field of teaching and learning support. Students will be able to practically apply the knowledge and skills through Work Integrated Learning. The teacher might take a new role on at the workplace after completing this qualification, practicing teaching and learning support at the school or in education more broadly. This qualification also prepares the student for post graduate studies in related fields.","
Rules:
is a requirement for students who intend on registering for this qualification to already be
professionally qualified as a teacher. This Advanced Diploma is not a
PGCE (Postgraduate Certificate in Education) and, therefore, is not a teaching qualification.
NB: This qualification will not be recognised by the Department of Higher Education and
Training should you NOT be in possession of an approved 4-year professional teaching qualification.
It is a requirement that students enrolling for this qualification, should have also
completed Teaching and Learning Support at least up to 2nd year level (NQF Level 6).
The Advanced Diploma in Teaching and Learning Support is a further
specialisation qualification. Its purpose is to further enhance an existing specialisation in
Teaching and Learning Support.
It is the responsibility of the student to consult with the relevant Education Department districts
or Provincial Education Departments on how to upgrade to additional REQV levels.
",,https://www.unisa.ac.za/sites/corporate/default/Register-to-study-through-Unisa/Undergraduate-&-honours-qualifications/Find-your-qualification-&-choose-your-modules/All-qualifications/Advanced-Diploma-in-Teaching-and-Learning-Support-(90184)
Bachelor of Education (Early Childhood Development in Foundation Phase) (02593),02593,20161,,21,Education,7,480,This qualification will be presented using both online and distance learning modes.,"
Rules:Click here for the full curriculum (PDF) 
 Click here for the subject & module information",,https://www.unisa.ac.za/sites/corporate/default/Register-to-study-through-Unisa/Undergraduate-&-honours-qualifications/Find-your-qualification-&-choose-your-modules/All-qualifications/Bachelor-of-Education-(Early-Childhood-Development-in-Foundation-Phase)-(02593)
Bachelor of Education (Intermediate and Senior Phase) (02607),02607,20161,,20,Education,7,480,Purpose statement:The BEd is an initial teaching qualification for candidates to be registered as fully qualified professional educators in schooling. The qualification accredits the development of professional competence informed by sound knowledge and understanding of their area/s of specialisation and of educational theory. The second 240 credits of the BEd can also be used for upgrading the professional competence of practising teachers.  ,"
Rules:This Bachelor of Education degree curriculum consists of 40 modules, each level MUST have 10 modules which include:

 Professional Studies: 15 Compulsory modules.


These modules have to be offered in sequential order.
There are compulsory Teaching Practice modules which are year modules and can ONLY be registered during semester 1 registration period.

 

 Educational Themes: 10 Compulsory modules
 THREE School Subjects: 15 modules


TWO school subjects up to 2nd year level and a THIRD School subject on 1st year level.
It is compulsory to include English as well as either Afrikaans or an African language as part of the school subject combination.
Students with foreign nationality may be excluded from offering a 2nd official language (Afrikaans or an African Language), but they need to offer another school subject instead.


 Additional modules


Additional school subject modules must be offered if the total amount of modules offered for the three school subjects do not add up to 15 modules.
You may register for a maximum of 60 NQF credits per semester/ 120 NQF credits per year

Click here for the full curriculum (PDF) 
 Click here for the subject & module information",,https://www.unisa.ac.za/sites/corporate/default/Register-to-study-through-Unisa/Undergraduate-&-honours-qualifications/Find-your-qualification-&-choose-your-modules/All-qualifications/Bachelor-of-Education-(Intermediate-and-Senior-Phase)-(02607)
Bachelor of Education (Senior and Further Education and Training Phases) (02615),02615,62449,,20,Education,7,480,Purpose statement:The BEd is an initial teaching qualification for candidates to be registered as fully qualified professional educators in schooling. The qualification accredits the development of professional competence informed by sound knowledge and understanding of their area/s of specialisation and of educational theory. The second 240 credits of the BEd can also be used for upgrading the professional competence of practising teachers.  ,"
Rules:This Bachelor of Education degree curriculum consists of 40 modules each level MUST have 10 modules which include:
 THREE School subject: 16 modules.

Students should start with their school subjects first.
TWO school subjects up to 2nd year level and a THIRD School subject on 1st year level.
The TWO school subjects taken up to 2nd level will be the principle teaching subjects for the FET Phase.
Students selecting Science subjects may be required to offer modules for Non-degree purposes.

 Educational Themes: 14 Compulsory modules

These modules need to be offered throughout the curriculum.

 Professional studies: 10 modules which includes:

TWO Senior Phase (SP) Didactics (Teaching Methods Grades 7-9).
TWO FET Subject Didactics (Teaching Methods Grades 10-12).
TWO compulsory Teaching Practice modules which are year modules and can ONLY be registered during semester 1 registration period concurrently with the relevant Didactic modules. (If you have not yet completed the two Teaching Practice Modules – TPR100C and TPR200F you will need to complete the following aligned modules for TPR100C = TPS3703 & TPS3704, TPR200F = TPS2601 & TPS2602)
LPENGPN (Practical Language Proficiency).
ONE Theory language (LPENGTS or LPAFRT8).

  Additional modules

Additional school subject modules must be offered if the total amount of modules offered for the three school subjects do not add up to 16 modules.
You may register for a maximum of 60 NQF credits per semester/ 120 NQF credits per year.
Students who have passed EDB101X MUST not register for BPT1501 for this qualification.


Click here for the full curriculum (PDF) 
 Click here for the subject & module information",,https://www.unisa.ac.za/sites/corporate/default/Register-to-study-through-Unisa/Undergraduate-&-honours-qualifications/Find-your-qualification-&-choose-your-modules/All-qualifications/Bachelor-of-Education-(Senior-and-Further-Education-and-Training-Phases)-(02615)
Bachelor of Education in Foundation Phase Teaching (90102),90102,105109,,23,Education,7,480,"Purpose statement:The primary purpose of the Bachelor of Education in Foundation Phase Teaching is to ensure that qualifying graduates are able to facilitate Foundation Phase teaching and learning ethically, professionally and innovatively in in both rural and urban landscapes. Furthermore, on completion of the qualification, graduates will be able to implement and continuously adapt to national legislation / policies and guidelines governing and addressing Foundation Phase teaching and learning in a coherent and purposeful manner. 

The purpose of this qualification is also to ensure that graduates will be able to demonstrate an appropriate collaborative attitude and value the involvement of multiple stakeholders that contribute to Foundation Phase teaching and learning success. Qualifying graduates will also be able to administer and manage Foundation Phase teaching and learning effectively through best classroom practice in stimulating learning amongst Foundation Phase learners. 


The BEd is an initial qualification for educators in schools. Teachers are members of a profession whose definitive aim is to enable systematic learning. In order to prepare prospective teachers for this comprehensive role, the BEd programme seeks to:
 - Develop and consolidate in an integrated way appropriate disciplinary, practical, pedagogical and situational knowledge.
- Cultivate a practical understanding of teaching and learning in a diverse range of South African schools, in relation to educational theory, phase and/or subject specialisation, practice and policy.
- Foster self-reflexivity and self-understanding among prospective teachers.
- Nurture commitment to the ideals of the teaching profession and an understanding of teaching as a profession.
- Develop the professional dispositions and self-identity of students as teachers.
- Develop students as active citizens and enable them to develop the dispositions of citizenship in their learners.
 - Promote and develop the dispositions and competences to organize learning among a diverse range of learners in diverse contexts. 
It is assumed that students who achieve the exit level outcomes will be competent novice teachers who will still need time, experience and appropriate support to develop as fully-fledged extended professionals.

","
Rules:
A student who has successfully completed this qualification will be able to teach from Grade R to 3.
Teaching Practice is a compulsory component in this program and must be taken according to the
specific criteria every year. Five weeks practical is required every year, and three weeks must be
offered consecutively.
 
This qualification comprises both semester and year modules. Year modules may only be registered
during the January registration period of each academic year.
 
Students must also register themselves with SACE (South African Council for Educators) from the
first year of BEd registration. Please visit the SACE website for more information:https://www.sace.
org.za/.
 
With the migration from the non-aligned BEd to aligned BEd, transitional arrangements have been
approved by the College of Education unique to this specific degree and is not transferable to any
other qualification.
Note that SPE1505, SPE1506, SPE1507,SPE1508 and SPE1509 have been replaced by NSO1505, NSO1506,
NSO1507,NSO1508 and NSO1509. Students who have passed the SPE modules do not need to do the NSO
modules.
",,https://www.unisa.ac.za/sites/corporate/default/Register-to-study-through-Unisa/Undergraduate-&-honours-qualifications/Find-your-qualification-&-choose-your-modules/All-qualifications/Bachelor-of-Education-in-Foundation-Phase-Teaching-(90102)
Bachelor of Education in Intermediate Phase Teaching (90103),90103,103126,,23,Education,7,480,"Purpose statement:The primary purpose of the BEd Intermediate Phase teaching programme is to ensure that qualifying graduates are able to demonstrate integrated knowledge of the main areas of the fields and disciplines associated with Intermediate Phase teaching. Qualifying graduates will thus be equipped to teach Intermediate Phase learners the values, skills and knowledge necessary to prepare them for the Senior and Further Education and Training phases. Furthermore, on completion of the qualification, graduates will be able to implement and continuously adapt to national legislation / policies and guidelines governing and addressing Intermediate Phase teaching and learning in meaningful and innovative ways and interact effectively with the public and stakeholders.
The purpose of this qualification is also to empower graduates to apply theoretical and practical knowledge in any Grade 4, 5, 6 and 7 class in the South African context.
The BEd in Intermediate Phase teaching is an initial teaching qualification intended to develop qualified classroom teachers in the Intermediate Phase in schools. Teachers are members of a profession whose definitive aim is to enable systematic learning. In order to prepare prospective teachers for this comprehensive role, the BEd programme seeks to:

A. Develop and consolidate in an integrated way appropriate disciplinary, practical, pedagogical and situational knowledge.
B. Cultivate a practical understanding of teaching and learning in a diverse range of South African schools, in relation to educational theory, phase and/or subject specialisation, practice and policy.
C. Foster self-reflexivity and self-understanding among prospective teachers.
D. Nurture commitment to the ideals of the teaching profession and an understanding of teaching as a profession.
E. Develop the professional dispositions and self-identity of students as teachers.
F. Develop students as active citizens and enable them to develop the dispositions of citizenship in their learners.
G. Promote and develop the dispositions and competences to organize learning among a diverse range of learners in diverse contexts.

","
Rules:
A student who has successfully completed this qualification will be able to teach from Grade 4 to 7.
Teaching Practice is a compulsory
 component in this program and must be taken according to the specific criteria every year. Five
weeks practical is required every year, and three weeks must be offered consecutively.
 
This qualification comprises both semester and year modules. Year modules may only be registered
during the January registration
 period of each academic year.
 
Students must also register themselves with SACE (South African Council for Educators) from the
first year of BEd registration. Please visit the SACE website for more information:
https://www.sace.org.za/
 
With the migration from the non-aligned BEd to aligned BEd, transitional arrangements have been
approved by the College of Education unique to this specific degree and is not transferable to any
other qualification.
IMPORTANT: Students must register the relevant Teaching Methodology in each year of registration
with the applicable Teaching Practice module of the academic level. UNISA reserves the right to
cancel any teaching practice module that is not registered concurrently with the relevant teaching
methodology.
Note that SPE1505, SPE1507, SPE1508, SPE2604, SPE2605, SPE2606 and SPE2607 have been replaced by
NSO1505, NSO1507, NSO1508, NSO2604, NSO2605, NSO2606 and NSO2607. Students who have passed the SPE
modules do not need to do the NSO modules.
",,https://www.unisa.ac.za/sites/corporate/default/Register-to-study-through-Unisa/Undergraduate-&-honours-qualifications/Find-your-qualification-&-choose-your-modules/All-qualifications/Bachelor-of-Education-in-Intermediate-Phase-Teaching-(90103)
Bachelor of Education in Intermediate Phase Teaching School subject combination: Mathematics and Life Skills (90103 - MLS),School subject combination: Mathematics and Life Skills,480,,103126,Education,90103 - MLS,7,"
Rules:
A student who has successfully completed this qualification will be able to teach from Grade 4 to
7.Teaching Practice is a compulsory component in this program and must be taken according to the
specific criteria every year. Five weeks practical is required every year, and three weeks must be
offered consecutively.
 
This qualification comprises both semester and year modules. Year modules may only be registered
during the January registration period of each academic year.
 
Students must also register themselves with SACE (South African Council for Educators) from the
first year of BEd registration. Please visit the SACE website for more information:
https://www.sace.org.za/
 
With the migration from the non-aligned BEd to aligned BEd, transitional arrangements have been
approved by the College of Education unique to this specific degree and is not transferable to any
other qualification.
IMPORTANT: Students must register the relevant Teaching Methodology in each year of registration
with the applicable Teaching Practice module of the academic level. UNISA reserves the right to
cancel any teaching practice module that is not registered concurrently with the relevant teaching
methodology.
Note that SPE1505, SPE1507, SPE1508, SPE2604, SPE2605, SPE2606 and SPE2607 have been replaced by
NSO1505, NSO1507, NSO1508, NSO2604, NSO2605, NSO2606 and NSO2607. Students who have passed the SPE
modules do not need to do the NSO modules.
",APS/AS:,,https://www.unisa.ac.za/sites/corporate/default/Register-to-study-through-Unisa/Undergraduate-&-honours-qualifications/Find-your-qualification-&-choose-your-modules/All-qualifications/Bachelor-of-Education-in-Intermediate-Phase-Teaching-School-subject-combination:-Mathematics-and-Life-Skills-(90103-–-MLS)
Bachelor of Education in Intermediate Phase Teaching School subject combination: Mathematics and Natural Sciences and Technology (90103 - MNT),School subject combination: Mathematics and Natural Sciences and Technology,480,,103126,Education,90103 - MNT,7,"
Rules:
A student who has successfully completed this qualification will be able to teach from Grade 4 to 7.
Teaching Practice is a compulsory
 component in this program and must be taken according to the specific criteria every year. Five
weeks practical is required every year, and three weeks must be offered consecutively.
 
This qualification comprises both semester and year modules. Year modules may only be registered
during the January registration
 period of each academic year.
 
Students must also register themselves with SACE (South African Council for Educators) from the
first year of BEd registration. Please visit the SACE website for more information:
https://www.sace.org.za/
 
With the migration from the non-aligned BEd to aligned BEd, transitional arrangements have been
approved by the College of Education unique to this specific degree and is not transferable to any
other qualification.
IMPORTANT: Students must register the relevant Teaching Methodology in each year of registration
with the applicable Teaching Practice module of the academic level. UNISA reserves the right to
cancel any teaching practice module that is not registered concurrently with the relevant teaching
methodology.
Note that SPE1505, SPE1507, SPE1508, SPE2604, SPE2605, SPE2606 and SPE2607 have been replaced by
NSO1505, NSO1507, NSO1508, NSO2604, NSO2605, NSO2606 and NSO2607. Students who have passed the SPE
modules do not need to do the NSO modules.
",APS/AS:,,https://www.unisa.ac.za/sites/corporate/default/Register-to-study-through-Unisa/Undergraduate-&-honours-qualifications/Find-your-qualification-&-choose-your-modules/All-qualifications/Bachelor-of-Education-in-Intermediate-Phase-Teaching-School-subject-combination:-Mathematics-and-Natural-Sciences-and-Technology-(90103-–-MNT)
Bachelor of Education in Intermediate Phase Teaching School subject combination: Mathematics and Social Science (90103 - MSS),School subject combination: Mathematics and Social Science,480,,103126,Education,90103 - MSS,7,"
Rules:
A student who has successfully completed this qualification will be able to teach from Grade 4 to 7.
Teaching Practice is a compulsory
 component in this program and must be taken according to the specific criteria every year. Five
weeks practical is required every year, and three weeks must be offered consecutively.
 
This qualification comprises both semester and year modules. Year modules may only be registered
during the January registration
 period of each academic year.
 
Students must also register themselves with SACE (South African Council for Educators) from the
first year of BEd registration. Please visit the SACE website for more information:
https://www.sace.org.za/
 
With the migration from the non-aligned BEd to aligned BEd, transitional arrangements have been
approved by the College of Education unique to this specific degree and is not transferable to any
other qualification.
IMPORTANT: Students must register the relevant Teaching Methodology in each year of registration
with the applicable Teaching Practice module of the academic level. UNISA reserves the right to
cancel any teaching practice module that is not registered concurrently with the relevant teaching
methodology.
Note that SPE1505, SPE1507, SPE1508, SPE2604, SPE2605, SPE2606 and SPE2607 have been replaced by
NSO1505, NSO1507, NSO1508, NSO2604, NSO2605, NSO2606 and NSO2607. Students who have passed the SPE
modules do not need to do the NSO modules.
",APS/AS:,,https://www.unisa.ac.za/sites/corporate/default/Register-to-study-through-Unisa/Undergraduate-&-honours-qualifications/Find-your-qualification-&-choose-your-modules/All-qualifications/Bachelor-of-Education-in-Intermediate-Phase-Teaching-School-subject-combination:-Mathematics-and-Social-Science-(90103-–-MSS)
Bachelor of Education in Senior Phase and Further Education and Training Teaching School subject combination:  Art and Life Orientation (90104 - ARP),School subject combination:  Art and Life Orientation,480,,103108,Education,90104 - ARP,7,"
Rules:
This BEd degree is offered with different streams/School Subject Combinations. Each combination is
structured for a specific teaching field and students need to follow one of these. Students may only
offer one of these combinations, unless DHET (Department of Higher Education and Training) approves
the offering of a second BEd degree in a different School Subject Combination.
 
A student who has successfully completed this qualification will be able to teach from Grades 7 to
12 in the School Subject Combination selected. Teaching Practice is a compulsory component in this
program and must be taken according to the specific criteria every year. Five weeks practical is
required every year, and three weeks must be offered consecutively. This qualification comprises
both semester and year modules. Year modules may only be registered during the January registration
period of each academic year.
 
Students must also register themselves with SACE (South African Council for Educators) from the
first year of BEd registration. Please visit the SACE website for more information:
https://www.sace.org.za/
 
With the migration from the non-aligned BEd to aligned BEd, transitional arrangements have been
approved by the College of Education unique to this specific degree and stream, and is not
transferable to any other qualification and/or stream.
IMPORTANT: Students must register the relevant Teaching Methodology in each year of registration
with the applicable Teaching Practice module of the academic level. UNISA reserves the right to
cancel any teaching practice module that is not registered concurrently with the relevant teaching
methodology.
Some of the pre-requisites and/ or co-requisites outlined in this qualification may not apply, as
they do not form part of the curriculum.
Note that SPE1507 has been replaced by
NSO1507. Students who have passed the SPE
modules do not need to do the NSO modules.
",APS/AS:,,https://www.unisa.ac.za/sites/corporate/default/Register-to-study-through-Unisa/Undergraduate-&-honours-qualifications/Find-your-qualification-&-choose-your-modules/All-qualifications/Bachelor-of-Education-in-Senior-Phase-and-Further-Education-and-Training-Teaching-School-subject-combination:--Art-and-Life-Orientation-(90104-–-ARP)
Bachelor of Education in Senior Phase and Further Education and Training Teaching School subject combination: Agricultural Science (90104 - AGS),School subject combination: Agricultural Science,480,,103108,Education,90104 - AGS,7,"
Rules:
Some of the pre-requisites and/ or co-requisites outlined in this qualification may not apply, as
they do not form part of the curriculum.
",APS/AS:,,https://www.unisa.ac.za/sites/corporate/default/Register-to-study-through-Unisa/Undergraduate-&-honours-qualifications/Find-your-qualification-&-choose-your-modules/All-qualifications/Bachelor-of-Education-in-Senior-Phase-and-Further-Education-and-Training-Teaching-School-subject-combination:-Agricultural-Science-(90104-–-AGS)
Bachelor of Education in Senior Phase and Further Education and Training Teaching School subject combination: Agricultural Technology (90104 - AGT),School subject combination: Agricultural Technology,480,,103108,Education,90104 - AGT,7,"
Rules:
Some of the pre-requisites and/ or co-requisites outlined in this qualification may not apply, as
they do not form part of the curriculum.
",APS/AS:,,https://www.unisa.ac.za/sites/corporate/default/Register-to-study-through-Unisa/Undergraduate-&-honours-qualifications/Find-your-qualification-&-choose-your-modules/All-qualifications/Bachelor-of-Education-in-Senior-Phase-and-Further-Education-and-Training-Teaching-School-subject-combination:-Agricultural-Technology-(90104-–-AGT)
Bachelor of Education in Senior Phase and Further Education and Training Teaching School subject combination: Agriculture Management and Life Sciences (90104 - AML),School subject combination: Agriculture Management and Life Sciences,480,,103108,Education,90104 - AML,7,"
Rules:
This BEd degree is offered with different streams/School Subject Combinations. Each combination is
structured for a specific teaching field and students need to follow one of these. Students may only
offer one of these combinations, unless DHET (Department of Higher Education and Training) approves
the offering of a second BEd degree in a different School Subject Combination.
 
A student who has successfully completed this qualification will be able to teach from Grades 7 to
12 in the School Subject Combination selected. Teaching Practice is a compulsory component in this
program and must be taken according to the specific criteria every year. Five weeks practical is
required every year, and three weeks must be offered consecutively. This qualification comprises
both semester and year modules. Year modules may only be registered during the January registration
period of each academic year.
 
Students must also register themselves with SACE (South African Council for Educators) from the
first year of BEd registration. Please visit the SACE website for more information:
https://www.sace.org.za/
 
With the migration from the non-aligned BEd to aligned BEd, transitional arrangements have been
approved by the College of Education unique to this specific degree and stream, and is not
transferable to any other qualification and/or stream.
 
IMPORTANT: Students must register the relevant Teaching Methodology in each year of registration
with the applicable Teaching Practice module of the academic level. UNISA reserves the right to
cancel any teaching practice module that is not registered concurrently with the  relevant teaching
methodology.
Some of the pre-requisites and/ or co-requisites outlined in this qualification may not apply, as
they do not form part of the curriculum.
Note that SPE1507 has been replaced by
NSO1507. Students who have passed the SPE
modules do not need to do the NSO modules.
",APS/AS:,,https://www.unisa.ac.za/sites/corporate/default/Register-to-study-through-Unisa/Undergraduate-&-honours-qualifications/Find-your-qualification-&-choose-your-modules/All-qualifications/Bachelor-of-Education-in-Senior-Phase-and-Further-Education-and-Training-Teaching-School-subject-combination:-Agriculture-Management-and-Life-Sciences-(90104-–-AML)
Bachelor of Education in Senior Phase and Further Education and Training Teaching School subject combination: Agriculture and Management (90104 - AGM),School subject combination: Agriculture and Management,480,,103108,Education,90104 - AGM,7,"
Rules:
This BEd degree is offered with different streams/School Subject Combinations. Each combination is
structured for a specific teaching field and students need to follow one of these. Students may only
offer one of these combinations, unless DHET (Department of Higher Education and Training) approves
the offering of a second BEd degree in a different School Subject Combination.
 
A student who has successfully completed this qualification will be able to teach from Grades 7 to
12 in the School Subject Combination selected. Teaching Practice is a compulsory component in this
program and must be taken according to the specific criteria every year. Five weeks practical is
required every year, and three weeks must be offered consecutively. This qualification comprises
both semester and year modules. Year modules may only be registered during the January registration
period of each academic year.
 
Students must also register themselves with SACE (South African Council for Educators) from the
first year of BEd registration. Please visit the SACE website for more information:
https://www.sace.org.za/
 
With the migration from the non-aligned BEd to aligned BEd, transitional arrangements have been
approved by the College of Education unique to this specific degree and stream, and is not
transferable to any other qualification and/or stream.
IMPORTANT: Students must register the relevant Teaching Methodology in each year of registration
with the applicable Teaching Practice module of the academic level. UNISA reserves the right to
cancel any teaching practice module that is not registered concurrently with the relevant teaching
methodology.
Some of the pre-requisites and/ or co-requisites outlined in this qualification may not apply, as
they do not form part of the curriculum.
Note that SPE1507 has been replaced by NSO1507. Students who have passed the SPE
modules do not need to do the NSO modules.
",APS/AS:,,https://www.unisa.ac.za/sites/corporate/default/Register-to-study-through-Unisa/Undergraduate-&-honours-qualifications/Find-your-qualification-&-choose-your-modules/All-qualifications/Bachelor-of-Education-in-Senior-Phase-and-Further-Education-and-Training-Teaching-School-subject-combination:-Agriculture-and-Management-(90104-–-AGM)
Bachelor of Education in Senior Phase and Further Education and Training Teaching School subject combination: Art and Languages (90104 - ARL),School subject combination: Art and Languages,480,,103108,Education,90104 - ARL,7,"
Rules:
This BEd degree is offered with different streams/School Subject Combinations. Each combination is
structured for a specific teaching field and students need to follow one of these. Students may only
offer one of these combinations, unless DHET (Department of Higher Education and Training) approves
the offering of a second BEd degree in a different School Subject Combination. A student who has
successfully completed this qualification will be able to teach from Grades 7 to 12 in the School
Subject Combination selected.
Teaching Practice is a compulsory component in this program and must be taken according to the
specific criteria every year. Five weeks practical is required every year, and three weeks must be
offered consecutively. This qualification comprises both semester and year modules. Year modules may
only be registered during the January registration period of each academic year.
 
Students must also register themselves with SACE (South African Council for Educators) from the
first year of BEd registration. Please visit the SACE website for more information:
https://www.sace.org.za/
 
With the migration from the non-aligned BEd to aligned BEd, transitional arrangements have been
approved by the College of Education unique to this specific degree and stream, and is not
transferable to any other qualification and/or stream.
 
IMPORTANT: Students must register the relevant Teaching Methodology in each year of registration
with the applicable Teaching Practice module of the academic level. UNISA reserves the right to
cancel any teaching practice module that is not registered concurrently with the relevant teaching
methodology.
Some of the pre-requisites and/ or co-requisites outlined in this qualification may not apply, as
they do not form part of the curriculum.
Note that SPE1507 has been replaced by
NSO1507. Students who have passed the SPE
modules do not need to do the NSO modules.
",APS/AS:,,https://www.unisa.ac.za/sites/corporate/default/Register-to-study-through-Unisa/Undergraduate-&-honours-qualifications/Find-your-qualification-&-choose-your-modules/All-qualifications/Bachelor-of-Education-in-Senior-Phase-and-Further-Education-and-Training-Teaching-School-subject-combination:-Art-and-Languages-(90104-–-ARL)
Bachelor of Education in Senior Phase and Further Education and Training Teaching School subject combination: Computer Application Technology (90104 - CAT),School subject combination: Computer Application Technology,480,,103108,Education,90104 - CAT,7,"
Rules:
This BEd degree is offered with different Streams/School Subject Combinations. Each combination is
structured for a specific teaching field and students need to follow one of these. Students may only
offer one of these combinations, unless DHET (Department of Higher Education and Training) approves
the offering of a second BEd degree in a different School Subject Combination.
 
This School Subject Combination entails the study of visual programming and databases combined with
Business Management and will equip a student to teach Business Studies and Computer Applications
Technology the FET phase.
 
A student who has successfully completed this qualification will be able to teach from Grades 7 to
12 in the School Subject Combination selected. Teaching Practice is a compulsory component in this
program and must be taken according to the specific criteria every year. Five weeks practical is
required every year, and three weeks must be offered consecutively. This qualification comprises
both semester and year modules. Year modules may only be registered during the January registration
period of each academic year.
 
Students must also register themselves with SACE (South African Council for Educators) from the
first year of BEd registration. Please visit the SACE website for more information:
https://www.sace.org.za/
 
With the migration from the non-aligned BEd to aligned BEd, transitional arrangements have been
approved by the College of Education unique to this specific degree and stream, and is not
transferable to any other qualification and/or stream.
 IMPORTANT: Students must register the relevant Teaching Methodology in each year of registration
with the applicable Teaching Practice module of the academic level. UNISA reserves the right to
cancel any teaching practice module that is not registered concurrently with the relevant teaching
methodology.
Some of the pre-requisites and/ or co-requisites outlined in this qualification may not apply, as
they do not form part of the curriculum.
Note that SPE1507 has been replaced by
NSO1507. Students who have passed the SPE
",APS/AS:,,https://www.unisa.ac.za/sites/corporate/default/Register-to-study-through-Unisa/Undergraduate-&-honours-qualifications/Find-your-qualification-&-choose-your-modules/All-qualifications/Bachelor-of-Education-in-Senior-Phase-and-Further-Education-and-Training-Teaching-School-subject-combination:-Computer-Application-Technology-(90104-–-CAT)
Bachelor of Education in Senior Phase and Further Education and Training Teaching School subject combination: Consumer Studies (90104 - CON),School subject combination: Consumer Studies,480,,103108,Education,90104 - CON,7,"
Rules:
This BEd degree is offered with different streams/School Subject Combinations. Each combination is
structured for a specific teaching field and students need to follow one of these. Students may only
offer one of these combinations, unless DHET (Department of Higher Education and Training) approves
the offering of a second BEd degree in a different School Subject Combination.
 
This School Subject Combination entails the study of Food, clothing, nutrition, Business Management,
which will equip students with the knowledge to teach Consumer Studies & Business Studies in the FET
phase.
 
A student who has successfully completed this qualification will be able to teach from Grades 7 to
12 in the School Subject Combination selected. Teaching Practice is a compulsory component in this
program and must be taken according to the specific criteria every year. Five weeks practical is
required every year, and three weeks must be offered consecutively. This qualification comprises
both semester and year modules. Year modules may only be registered during the January registration
period of each academic year.
 
Students must also register themselves with SACE (South African Council for Educators) from the
first year of BEd registration. Please visit the SACE website for more information:
https://www.sace.org.za/
 
With the migration from the non-aligned BEd to aligned BEd, transitional arrangements have been
approved by the College of Education unique to this specific degree and stream, and is not
transferable to any other qualification and/or stream.
IMPORTANT: Students must register the relevant Teaching Methodology in each year of registration
with the applicable Teaching Practice module of the academic level. UNISA reserves the right to
cancel any teaching practice module that is not registered concurrently with the relevant teaching
methodology.
Some of the pre-requisites and/ or co-requisites outlined in this qualification may not apply, as
they do not form part of the curriculum.
Note that SPE1507 has been replaced by
NSO1507. Students who have passed the SPE
",APS/AS:,,https://www.unisa.ac.za/sites/corporate/default/Register-to-study-through-Unisa/Undergraduate-&-honours-qualifications/Find-your-qualification-&-choose-your-modules/All-qualifications/Bachelor-of-Education-in-Senior-Phase-and-Further-Education-and-Training-Teaching-School-subject-combination:-Consumer-Studies-(90104-–-CON)
Bachelor of Education in Senior Phase and Further Education and Training Teaching School subject combination: Economics and Management Science (90104 - EMS),School subject combination: Economics and Management Science,480,,103108,Education,90104 - EMS,7,"
Rules:
This BEd degree is offered with different streams/School Subject Combinations. Each combination is
structured for a specific teaching field and students need to follow one of these. Students may only
offer one of these combinations, unless DHET (Department of Higher Education and Training) approves
the offering of a second BEd degree in a different School Subject Combination.
 
This School Subject Combination entails the study of Business Management and Economics, which will
equip students with the knowledge to teach Business Studies and Economics in the FET Phase.
 
A student who has successfully completed this qualification will be able to teach from Grades 7 to
12 in the School Subject Combination selected. Teaching Practice is a compulsory component in this
program and must be taken according to the specific criteria every year. Five weeks practical is
required every year, and three weeks must be offered consecutively. This qualification comprises
both semester and year modules. Year modules may only be registered during the January registration
period of each academic year.
 
Students must also register themselves with SACE (South African Council for Educators) from the
first year of BEd registration. Please visit the SACE website for more information:
https://www.sace.org.za/
 
 With the migration from the non-aligned BEd to aligned BEd, transitional arrangements have been
approved by the College of Education unique to this specific degree and stream, and is not
transferable to any other qualification and/or stream.
IMPORTANT: Students must register the relevant Teaching Methodology in each year of registration
with the applicable Teaching Practice module of the academic level. UNISA reserves the right to
cancel any teaching practice module that is not registered concurrently with the relevant teaching
methodology.
Some of the pre-requisites and/ or co-requisites outlined in this qualification may not apply, as
they do not form part of the curriculum.
Note that SPE1507 has been replaced by
NSO1507. Students who have passed the SPE
modules do not need to do the NSO modules.
",APS/AS:,,https://www.unisa.ac.za/sites/corporate/default/Register-to-study-through-Unisa/Undergraduate-&-honours-qualifications/Find-your-qualification-&-choose-your-modules/All-qualifications/Bachelor-of-Education-in-Senior-Phase-and-Further-Education-and-Training-Teaching-School-subject-combination:-Economics-and-Management-Science-(90104-–-EMS)
Bachelor of Education in Senior Phase and Further Education and Training Teaching School subject combination: Financial Accounting (90104 - FAC),School subject combination: Financial Accounting,480,,103108,Education,90104 - FAC,7,"
Rules:
This BEd degree is different streams/School Subject Combinations. Each combination is structured for
a specific teaching field and students need to follow one of these. Students may only offer one of
these combinations, unless DHET (Department of Higher Education and Training) approves the offering
of a second BEd degree in a different School Subject Combination.
 
 This School Subject Combination entails the study of Accounting and Business Management. This will
equip students with the knowledge to teach Financial Accounting and Business Studies in the FET
phase.
 
A student who has successfully completed this qualification will be able to teach from Grades 7 to
12 in the School Subject Combination selected. Teaching Practice is a compulsory component in this
program and must be taken according to the specific criteria every year. Five weeks practical is
required every year, and three weeks must be offered consecutively. This qualification comprises
both semester and year modules. Year modules may only be registered during the January registration
period of each academic year.
 
Students must also register themselves with SACE (South African Council for Educators) from the
first year of BEd registration. Please visit the SACE website for more information:
https://www.sace.org.za/
 
With the migration from the non-aligned BEd to aligned BEd, transitional arrangements have been
approved by the College of Education unique to this specific degree and stream, and is not
transferable to any other qualification and/or stream.
IMPORTANT: Students must register the relevant Teaching Methodology in each year of registration
with the applicable Teaching Practice module of the academic level. UNISA reserves the right to
cancel any teaching practice module that is not registered concurrently with the relevant teaching
methodology.
Some of the pre-requisites and/ or co-requisites outlined in this qualification may not apply, as
they do not form part of the curriculum.
Note that SPE1507 has been replaced by
NSO1507. Students who have passed the SPE
",APS/AS:,,https://www.unisa.ac.za/sites/corporate/default/Register-to-study-through-Unisa/Undergraduate-&-honours-qualifications/Find-your-qualification-&-choose-your-modules/All-qualifications/Bachelor-of-Education-in-Senior-Phase-and-Further-Education-and-Training-Teaching-School-subject-combination:-Financial-Accounting-(90104-–-FAC)
Bachelor of Education in Senior Phase and Further Education and Training Teaching School subject combination: Geography and Languages (90104 - GEL),School subject combination: Geography and Languages,480,,103108,Education,90104 - GEL,7,"
Rules:
This BEd degree is offered with different Streams/School Subject Combinations. Each combination is
structured for a specific teaching field and students need to follow one of these. Students may only
offer one of these combinations, unless DHET (Department of Higher Education and Training) approves
the offering of a second BEd degree in a different School Subject Combination.
 
This School Subject Combination entails the study of Geography & the Environment, and combined with
Languages, which will equip students with the knowledge to teach Geography and Languages in the FET
phase.
 
A student who has successfully completed this qualification will be able to teach from Grades 7 to
12 in the School Subject Combination selected. Teaching Practice is a compulsory component in this
program and must be taken according to the specific criteria every year. Five weeks practical is
required every year, and three weeks must be offered consecutively. This qualification comprises
both semester and year modules. Year modules may only be registered during the January registration
period of each academic year.
 
Students must also register themselves with SACE (South African Council for Educators) from the
first year of BEd registration. Please visit the SACE website for more information:
https://www.sace.org.za
 
 With the migration from the non-aligned BEd to aligned BEd, transitional arrangements have been
approved by the College of Education unique to this specific degree and stream, and is not
transferable to any other qualification and/or stream.
IMPORTANT: Students must register the relevant Teaching Methodology in each year of registration
with the applicable Teaching Practice module of the academic level. UNISA reserves the right to
cancel any teaching practice module that is not registered concurrently with the relevant teaching
methodology.
Some of the pre-requisites and/ or co-requisites outlined in this qualification may not apply, as
they do not form part of the curriculum.
Note that SPE1507 has been replaced by
NSO1507. Students who have passed the SPE
",APS/AS:,,https://www.unisa.ac.za/sites/corporate/default/Register-to-study-through-Unisa/Undergraduate-&-honours-qualifications/Find-your-qualification-&-choose-your-modules/All-qualifications/Bachelor-of-Education-in-Senior-Phase-and-Further-Education-and-Training-Teaching-School-subject-combination:-Geography-and-Languages-(90104-–-GEL)
Bachelor of Education in Senior Phase and Further Education and Training Teaching School subject combination: History and Geography (90104 - HIG),School subject combination: History and Geography,480,,103108,Education,90104 - HIG,7,"
Rules:
This BEd degree is offered with different streams/school Subject Combinations. Each combination is
structured for a specific teaching field and students need to follow one of these. Students may only
offer one of these combinations, unless DHET (Department of Higher Education and Training) approves
the offering of a second BEd degree in a different School Subject Combination.
 
This School Subject Combination entails the study of History in the modern South Africa combined
with Geography and the Environment, which will equip students with the knowledge to teach History &
Geography in the FET Phase.
 
A student who has successfully completed this qualification will be able to teach from Grades 7 to
12 in the School Subject Combination selected. Teaching Practice is a compulsory component in this
program and must be taken according to the specific criteria every year. Five weeks practical is
required every year, and three weeks must be offered consecutively. This qualification comprises
both semester and year modules. Year modules may only be registered during the January registration
period of each academic year.
 
Students must also register themselves with SACE (South African Council for Educators) from the
first year of BEd registration. Please visit the SACE website for more information:
https://www.sace.org.za/
 
With the migration from the non-aligned BEd to aligned BEd, transitional arrangements have been
approved by the College of Education unique to this specific degree and stream, and is not
transferable to any other qualification and/or stream.
IMPORTANT: Students must register the relevant Teaching Methodology in each year of registration
with the applicable Teaching Practice module of the academic level. UNISA reserves the right to
cancel any teaching practice module that is not registered concurrently with the relevant teaching
methodology.
Some of the pre-requisites and/ or co-requisites outlined in this qualification may not apply, as
they do not form part of the curriculum.
Note that SPE1507 has been replaced by
NSO1507. Students who have passed the SPE
",APS/AS:,,https://www.unisa.ac.za/sites/corporate/default/Register-to-study-through-Unisa/Undergraduate-&-honours-qualifications/Find-your-qualification-&-choose-your-modules/All-qualifications/Bachelor-of-Education-in-Senior-Phase-and-Further-Education-and-Training-Teaching-School-subject-combination:-History-and-Geography-(90104-–-HIG)
Bachelor of Education in Senior Phase and Further Education and Training Teaching School subject combination: Hospitality Studies and Business Studies (90104 - HSB),School subject combination: Hospitality Studies and Business Studies,480,,103108,Education,90104 - HSB,7,"
Rules:
This BEd degree is offered with Different Stream/School Subject Combinations. Each combination is
structured for a specific teaching field and students need to follow one of these. Students may only
offer one of these combinations, unless DHET (Department of Higher Education and Training) approves
the offering of a second BEd degree in a different School Subject Combination.
 
This School Subject Combination entails the study of Food and Nutrition, Business Management, which
will equip students with the knowledge to teach Hospitality Studies & Business Studies in the FET
Phase.
 
A student who has successfully completed this qualification will be able to teach from Grades 7 to
12 in the School Subject Combination selected. Teaching Practice is a compulsory component in this
program and must be taken according to the specific criteria every year. Five weeks practical is
required every year, and three weeks must be offered consecutively. This qualification comprises
both semester and year modules. Year modules may only be registered during the January registration
period of each academic year.
 
Students must also register themselves with SACE (South African Council for Educators) from the
first year of BEd registration. Please visit the SACE website for more information:
https://www.sace.org.za/
 
With the migration from the non-aligned BEd to aligned BEd, transitional arrangements have been
approved by the College of Education unique to this specific degree and stream, and is not
transferable to any other qualification and/or stream.
IMPORTANT: Students must register the relevant Teaching Methodology in each year of registration
with the applicable Teaching Practice module of the academic level. UNISA reserves the right to
cancel any teaching practice module that is not registered concurrently with the relevant teaching
methodology.
Some of the pre-requisites and/ or co-requisites outlined in this qualification may
not apply, as they do not form part of the curriculum.
Note that SPE1507 has been replaced by
NSO1507. Students who have passed the SPE
",APS/AS:,,https://www.unisa.ac.za/sites/corporate/default/Register-to-study-through-Unisa/Undergraduate-&-honours-qualifications/Find-your-qualification-&-choose-your-modules/All-qualifications/Bachelor-of-Education-in-Senior-Phase-and-Further-Education-and-Training-Teaching-School-subject-combination:-Hospitality-Studies-and-Business-Studies-(90104-–-HSB)
Bachelor of Education in Senior Phase and Further Education and Training Teaching School subject combination: Hospitality Studies and Tourism (90104 - HST),School subject combination: Hospitality Studies and Tourism,480,,103108,Education,90104 - HST,7,"
Rules:
This BEd degree is offered with different Streams/School Subject Combinations. Each combination is
structured for a specific teaching field and students need to follow one of these. Students may only
offer one of these combinations, unless DHET (Department of Higher Education and Training) approves
the offering of a second BEd degree in a different School Subject Combination.
 
This School Subject Combination entails the study of Food, Nutrition and Tourism, which will equip
students with the knowledge to teach Hospitality Studies & Tourism in the FET Phase.
 
A student who has successfully completed this qualification will be able to teach from Grades 7 to
12 in the School Subject Combination selected. Teaching Practice is a compulsory component in this
program and must be taken according to the specific criteria every year. Five weeks practical is
required every year, and three weeks must be offered consecutively. This qualification comprises
both semester and year modules. Year modules may only be registered during the January registration
period of each academic year.
 
Students must also register themselves with SACE (South African Council for Educators) from the
first year of BEd registration. Please visit the SACE website for more information:
https://www.sace.org.za/.
 
With the migration from the non-aligned BEd to aligned BEd, transitional arrangements have been
approved by the College of Education unique to this specific degree and stream, and is not
transferable to any other qualification and/or stream.
IMPORTANT: Students must register the relevant Teaching Methodology in each year of registration
with the applicable Teaching Practice module of the academic level. UNISA reserves the right to
cancel any teaching practice module that is not registered concurrently with the relevant teaching
methodology.
Some of the pre-requisites and/ or co-requisites outlined in this qualification may
not apply, as they do not form part of the curriculum.
Note that SPE1507 has been replaced by
NSO1507. Students who have passed the SPE
modules do not need to do the NSO modules.
",APS/AS:,,https://www.unisa.ac.za/sites/corporate/default/Register-to-study-through-Unisa/Undergraduate-&-honours-qualifications/Find-your-qualification-&-choose-your-modules/All-qualifications/Bachelor-of-Education-in-Senior-Phase-and-Further-Education-and-Training-Teaching-School-subject-combination:-Hospitality-Studies-and-Tourism-(90104-–-HST)
Bachelor of Education in Senior Phase and Further Education and Training Teaching School subject combination: Information Technology (90104 - IFT),School subject combination: Information Technology,480,,103108,Education,90104 - IFT,7,"
Rules:
This BEd degree is offered with Different streams/School Subject Combinations. Each combination is
structured for a specific teaching field and students need to follow one of these. Students may only
offer one of these combinations, unless DHET (Department of Higher Education and Training) approves
the offering of a second BEd degree in a different School Subject Combination.
 
This School Subject Combination entails the study of programming and the incremental testing of
programs, which will equip students with the knowledge to teach Information Technology in the FET
Phase. Students who register for any Computer Science or Information Systems modules should: (a)
have access to an Internet cafe or a Unisa Regional Learning Centre or other Internet.
 
A student who has successfully completed this qualification will be able to teach from Grades 7 to
12 in the School Subject Combination selected. Teaching Practice is a compulsory component in this
program and must be taken according to the specific criteria every year. Five weeks practical is
required every year, and three weeks must be offered consecutively. This qualification comprises
both semester and year modules. Year modules may only be registered during the January registration
period of each academic year.
 
Students must also register themselves with SACE (South African Council for Educators) from the
first year of BEd registration. Please visit the SACE website for more information:
https://www.sace.org.za/
 
 With the migration from the non-aligned BEd to aligned BEd, transitional arrangements have been
approved by the College of Education unique to this specific degree and stream, and is not
transferable to any other qualification and/or stream.
IMPORTANT: Students must register the relevant Teaching Methodology in each year of registration
with the applicable Teaching Practice module of the academic level. UNISA reserves the right to
cancel any teaching practice module that is not registered concurrently with the relevant
teachingmethodology.
Some of the pre-requisites and/ or co-requisites outlined in this qualification may not apply, as
they do not form part of the curriculum.
Note that SPE1507 has been replaced by
",APS/AS:,,https://www.unisa.ac.za/sites/corporate/default/Register-to-study-through-Unisa/Undergraduate-&-honours-qualifications/Find-your-qualification-&-choose-your-modules/All-qualifications/Bachelor-of-Education-in-Senior-Phase-and-Further-Education-and-Training-Teaching-School-subject-combination:-Information-Technology-(90104-–-IFT)
Bachelor of Education in Senior Phase and Further Education and Training Teaching School subject combination: Language (90104 - LAN),School subject combination: Language,480,,103108,Education,90104 - LAN,7,"
Rules:
This BEd degree is offered with different streams/School Subject Combinations. Each combination is
structured for a specific teaching field and students need to follow one of these. Students may only
offer one of these combinations, unless DHET (Department of Higher Education and Training) approves
the offering of a second BEd degree in a different School Subject Combination.
 
This School Subject Combination entails the study of different Languages (English, as well as
African Languages, Afrikaans, Arabic, French, Portuguese, Mandarin), which will equip students with
the knowledge to teach English and other Languages in the FET phase.
 
A student who has successfully completed this qualification will be able to teach from Grades 7 to
12 in the School Subject Combination selected. Teaching Practice is a compulsory component in this
program and must be taken according to the specific criteria every year. Five weeks practical is
required every year, and three weeks must be offered consecutively. This qualification comprises
both semester and year modules. Year modules may only be registered during the January registration
period of each academic year.
 
Students must also register themselves with SACE (South African Council for Educators) from the
first year of BEd registration. Please visit the SACE website for more information:
https://www.sace.org.za/
 
With the migration from the non-aligned BEd to aligned BEd, transitional arrangements have been
approved by the College of Education unique to this specific degree and stream, and is not
transferable to any other qualification and/or stream.
IMPORTANT: Students must register the relevant Teaching Methodology in each year of registration
with the applicable Teaching Practice module of the academic level. UNISA reserves the right to
cancel any teaching practice module that is not registered concurrently with the relevant teaching
methodolgy.
Some of the pre-requisites and/ or co-requisites outlined in this qualification may not apply, as
they do not form part of the curriculum.
Note that SPE1507 has been replaced by
NSO1507. Students who have passed the SPE
",APS/AS:,,https://www.unisa.ac.za/sites/corporate/default/Register-to-study-through-Unisa/Undergraduate-&-honours-qualifications/Find-your-qualification-&-choose-your-modules/All-qualifications/Bachelor-of-Education-in-Senior-Phase-and-Further-Education-and-Training-Teaching-School-subject-combination:-Language-(90104-–-LAN)
Bachelor of Education in Senior Phase and Further Education and Training Teaching School subject combination: Life Orientation and Language (90104 - LOL),School subject combination: Life Orientation and Language,480,,103108,Education,90104 - LOL,7,"
Rules:
This BEd degree is offered with Different Streams/School Subject Combinations. Each combination is
structured for a specific teaching field and students need to follow one of these. Students may only
offer one of these combinations, unless DHET (Department of Higher Education and Training) approves
the offering of a second BEd degree in a different School Subject Combination.
 
This School Subject Combination entails the study of Psychology and combined with Languages, which
will equip students with the knowledge to teach Life Orientation and Languages in the FET phase.
 
A student who has successfully completed this qualification will be able to teach from Grades 7 to
12 in the School Subject Combination selected. Teaching Practice is a compulsory component in this
program and must be taken according to the specific criteria every year. Five weeks practical is
required every year, and three weeks must be offered consecutively. This qualification comprises
both semester and year modules. Year modules may only be registered during the January registration
period of each academic year.
 
Students must also register themselves with SACE (South African Council for Educators) from the
first year of BEd registration. Please visit the SACE website for more information:
https://www.sace.org.za/.
 
 With the migration from the non-aligned BEd to aligned BEd, transitional arrangements have been
approved by the College of Education unique to this specific degree and stream, and is not
transferable to any other qualification and/or stream.
IMPORTANT: Students must register the relevant Teaching Methodology in each year of registration
with the applicable Teaching Practice module of the academic level. UNISA reserves the right to
cancel any teaching practice module that is not registered concurrently with the relevant teaching
methodology.
Some of the pre-requisites and/ or co-requisites outlined in this qualification may not apply, as
they do not form part of the curriculum.
Note that SPE1507 has been replaced by
NSO1507. Students who have passed the SPE
modules do not need to do the NSO modules.
",APS/AS:,,https://www.unisa.ac.za/sites/corporate/default/Register-to-study-through-Unisa/Undergraduate-&-honours-qualifications/Find-your-qualification-&-choose-your-modules/All-qualifications/Bachelor-of-Education-in-Senior-Phase-and-Further-Education-and-Training-Teaching-School-subject-combination:-Life-Orientation-and-Language-(90104-–-LOL)
Bachelor of Education in Senior Phase and Further Education and Training Teaching School subject combination: Life Science and Mathematics (90104 - LSM),School subject combination: Life Science and Mathematics,480,,103108,Education,90104 - LSM,7,"
Rules:
This BEd degree is offered with different streams/School Subject Combinations. Each combination is
structured for a specific teaching field and students need to follow one of these. Students may only
offer one of these combinations, unless DHET (Department of Higher Education and Training) approves
the offering of a second BEd degree in a different School Subject Combination.
 
This School Subject Combination entails the study of Life Science and Mathematics. A student who has
successfully completed this qualification will be able to teach from Grades 7 to 12 in the School
Subject Combination selected. Teaching Practice is a compulsory component in this program and must
be taken according to the specific criteria every year. Five weeks practical is required every year,
and three weeks must be offered consecutively. This qualification comprises both semester and year
modules. Year modules may only be registered during the January registration period of each academic
year.
 
Students must also register themselves with SACE (South African Council for Educators) from the
first year of BEd registration. Please visit the SACE website for more information:
https://www.sace.org.za/
 
 With the migration from the non-aligned BEd to aligned BEd, transitional arrangements have been
approved by the College of Education unique to this specific degree and stream, and is not
transferable to any other qualification and/or stream.
 IMPORTANT: Students must register the relevant Teaching Methodology in each year of registration
with the applicable Teaching Practice module of the academic level. UNISA reserves the right to
cancel any teaching practice module that is not registered concurrently with the relevant teaching
methodology.
Some of the pre-requisites and/ or co-requisites outlined in this qualification may not apply, as
they do not form part of the curriculum.
Note that SPE1507 has been replaced by
NSO1507. Students who have passed the SPE
modules do not need to do the NSO modules.
",APS/AS:,,https://www.unisa.ac.za/sites/corporate/default/Register-to-study-through-Unisa/Undergraduate-&-honours-qualifications/Find-your-qualification-&-choose-your-modules/All-qualifications/Bachelor-of-Education-in-Senior-Phase-and-Further-Education-and-Training-Teaching-School-subject-combination:-Life-Science-and-Mathematics-(90104-–-LSM)
Bachelor of Education in Senior Phase and Further Education and Training Teaching School subject combination: Life Sciences (90104 - BIO),School subject combination: Life Sciences,480,,103108,Education,90104 - BIO,7,"
Rules:
This BEd degree is offered with different streams/School Subject Combinations. Each combination is
structured for a specific teaching field and students need to follow one of these. Students may only
offer one of these combinations, unless DHET (Department of Higher Education and Training) approves
the offering of a second BEd degree in a different School Subject Combination.
 
This School Subject Combination entails the study of Botany, Zoology and Physical Geography, which
will equip students with the knowledge to teach Life Sciences and Geography in the FET phase.
 
A student who has successfully completed this qualification will be able to teach from Grades 7 to
12 in the School Subject Combination selected. Teaching Practice is a compulsory component in this
program and must be taken according to the specific criteria every year. Five weeks practical is
required every year, and three weeks must be offered consecutively. This qualification comprises
both semester and year modules. Year modules may only be registered during the January registration
period of each academic year.
 
Students must also register themselves with SACE (South African Council for Educators) from the
first year of BEd registration. Please visit the SACE website for more information:
https://www.sace.org.za/
 
With the migration from the non-aligned BEd to aligned BEd, transitional arrangements have been
approved by the College of Education unique to this specific degree and stream, and is not
transferable to any other qualification and/or stream.
IMPORTANT: Students must register the relevant Teaching Methodology in each year of registration
with the applicable Teaching Practice module of the academic level. UNISA reserves the right to
cancel any teaching practice module that is not registered concurrently with the relevant teaching
methodology. The general credit value of the BEd qualification is 480 credits, however, the 90104
BIO stream consists of 504 credits to meet the school subject combination requirement. Some of the
pre-requisites and/ or co-requisites outlined in this qualification may not apply, as they do not
form part of the curriculum.
Note that SPE1507 has been replaced by
NSO1507. Students who have passed the SPE
",APS/AS:,,https://www.unisa.ac.za/sites/corporate/default/Register-to-study-through-Unisa/Undergraduate-&-honours-qualifications/Find-your-qualification-&-choose-your-modules/All-qualifications/Bachelor-of-Education-in-Senior-Phase-and-Further-Education-and-Training-Teaching-School-subject-combination:-Life-Sciences-(90104-–-BIO)
Bachelor of Education in Senior Phase and Further Education and Training Teaching School subject combination: Mathematical Literacy and Economics (90104 - MLE),School subject combination: Mathematical Literacy and Economics,480,,103108,Education,90104 - MLE,7,"
Rules:
This BEd degree is offered with different streams/School Subject Combinations. Each combination is
structured for a specific teaching field and students need to follow one of these. Students may only
offer one of these combinations, unless DHET (Department of Higher Education and Training) approves
the offering of a second BEd degree in a different School Subject Combination.
 
This School Subject Combination entails the study of Mathematical Literacy and Economics. A student
who has successfully completed this qualification will be able to teach from Grades 7 to 12 in the
School Subject Combination selected. Teaching Practice is a compulsory component in this program and
must be taken according to the specific criteria every year. Five weeks practical is required every
year, and three weeks must be offered consecutively. This qualification comprises both semester and
year modules. Year modules may only be registered during the January registration period of each
academic year.
 
Students must also register themselves with SACE (South African Council for Educators) from the
first year of BEd registration. Please visit the SACE website for more information:
https://www.sace.org.za/
 
With the migration from the non-aligned BEd to aligned BEd, transitional arrangements have been
approved by the College of Education unique to this specific degree and stream, and is not
transferable to any other qualification and/or stream.
 
IMPORTANT: Students must register the relevant Teaching Methodology in each year of registration
with the applicable Teaching Practice module of the academic level. UNISA reserves the right to
cancel any teaching practice module that is not registered concurrently with the relevant teaching
methodology.
Some of the pre-requisites and/ or co-requisites outlined in this qualification may not apply, as
they do not form part of the curriculum.
Note that SPE1507 has been replaced by
NSO1507. Students who have passed the SPE
modules do not need to do the NSO modules.
",APS/AS:,,https://www.unisa.ac.za/sites/corporate/default/Register-to-study-through-Unisa/Undergraduate-&-honours-qualifications/Find-your-qualification-&-choose-your-modules/All-qualifications/Bachelor-of-Education-in-Senior-Phase-and-Further-Education-and-Training-Teaching-School-subject-combination:-Mathematical-Literacy-and-Economics-(90104-–-MLE)
Bachelor of Education in Senior Phase and Further Education and Training Teaching School subject combination: Mathematics Literacy and Financial Accounting (90104 - MFA),School subject combination: Mathematics Literacy and Financial Accounting,480,,103108,Education,90104 - MFA,7,"
Rules:
This BEd degree is offered with different streams/School Subject Combinations. Each combination is
structured for a specific teaching field and students need to follow one of these. Students may only
offer one of these combinations, unless DHET (Department of Higher Education and Training) approves
the offering of a second BEd degree in a different School Subject Combination.
 
This School Subject Combination entails the study of Maths Literacy and Financial Accounting. A
student who has successfully completed this qualification will be able to teach from Grades 7 to 12
in the School Subject Combination selected. Teaching Practice is a compulsory component in this
program and must be taken according to the specific criteria every year. Five weeks practical is
required every year, and three weeks must be offered consecutively. This qualification comprises
both semester and year modules. Year modules may only be registered during the January registration
period of each academic year.
 
Students must also register themselves with SACE (South African Council for Educators) from the
first year of BEd registration. Please visit the SACE website for more information:
https://www.sace.org.za/
 
With the migration from the non-aligned BEd to aligned BEd, transitional arrangements have been
approved by the College of Education unique to this specific degree and stream, and is not
transferable to any other qualification and/or stream.
IMPORTANT: Students must register the relevant Teaching Methodology in each year of registration
with the applicable Teaching Practice module of the academic level. UNISA reserves the right to
cancel any teaching practice module that is not registered concurrently with the relevant teaching
methodology.
Some of the pre-requisites and/ or co-requisites outlined in this qualification may not apply, as
they do not form part of the curriculum.
Note that SPE1507 has been replaced by
NSO1507. Students who have passed the SPE
modules do not need to do the NSO modules.
",APS/AS:,,https://www.unisa.ac.za/sites/corporate/default/Register-to-study-through-Unisa/Undergraduate-&-honours-qualifications/Find-your-qualification-&-choose-your-modules/All-qualifications/Bachelor-of-Education-in-Senior-Phase-and-Further-Education-and-Training-Teaching-School-subject-combination:-Mathematics-Literacy-and-Financial-Accounting-(90104-–-MFA)
Bachelor of Education in Senior Phase and Further Education and Training Teaching School subject combination: Mathematics and English (90104 - MTE),School subject combination: Mathematics and English,480,,103108,Education,90104 - MTE,7,"
Rules:
This BEd degree is offered with different streams/School Subject Combinations. Each combination is
structured for a specific teaching field and students need to follow one of these. Students may only
offer one of these combinations, unless DHET (Department of Higher Education and Training) approves
the offering of a second BEd degree in a different School Subject Combination.
 
This School Subject Combination entails the study of Algebra and Calculus, combined with English
studies, which will equip students with the knowledge to teach Mathematics and English in the FET
phase.
 
A student who has successfully completed this qualification will be able to teach from Grades 7 to
12 in the School Subject Combination selected. Teaching Practice is a compulsory component in this
program and must be taken according to the specific criteria every year. Five weeks practical is
required every year, and three weeks must be offered consecutively. This qualification comprises
both semester and year modules. Year modules may only be registered during the January registration
period of each academic year.
 
Students must also register themselves with SACE (South African Council for Educators) from the
first year of BEd registration. Please visit the SACE website for more information:
https://www.sace.org.za/.
 
With the migration from the non-aligned BEd to aligned BEd, transitional arrangements have been
approved by the College of Education unique to this specific degree and stream, and is not
transferable to any other qualification and/or stream.
IMPORTANT: Students must register the relevant Teaching Methodology in each year of registration
with the applicable Teaching Practice module of the academic level. UNISA reserves the right to
cancel any teaching practice module that is not registered concurrently with the relevant teaching
methodology.
Some of the pre-requisites and/ or co-requisites outlined in this qualification may not apply, as
they do not form part of the curriculum.
Note that SPE1507 has been replaced by
NSO1507. Students who have passed the SPE
",APS/AS:,,https://www.unisa.ac.za/sites/corporate/default/Register-to-study-through-Unisa/Undergraduate-&-honours-qualifications/Find-your-qualification-&-choose-your-modules/All-qualifications/Bachelor-of-Education-in-Senior-Phase-and-Further-Education-and-Training-Teaching-School-subject-combination:-Mathematics-and-English-(90104-–-MTE)
Bachelor of Education in Senior Phase and Further Education and Training Teaching School subject combination: Mathematics and Mathematical Literacy (90104 - MML),School subject combination: Mathematics and Mathematical Literacy,480,,103108,Education,90104 - MML,7,"
Rules:
This BEd degree is offered with different streams/School Subject Combinations. Each combination is
structured for a specific teaching field and students need to follow one of these. Students may only
offer one of these combinations, unless DHET (Department of Higher Education and Training) approves
the offering of a second BEd degree in a different School Subject Combination.
 
This School Subject Combination entails the study of Algebra and Calculus, combined with English
studies, which will equip students with the knowledge to teach Mathematics and English in the FET
phase.
 
A student who has successfully completed this qualification will be able to teach from Grades 7 to
12 in the School Subject Combination selected. Teaching Practice is a compulsory component in this
program and must be taken according to the specific criteria every year. Five weeks practical is
required every year, and three weeks must be offered consecutively. This qualification comprises
both semester and year modules. Year modules may only be registered during the January registration
period of each academic year.
 
Students must also register themselves with SACE (South African Council for Educators) from the
first year of BEd registration. Please visit the SACE website for more information:
https://www.sace.org.za/.
 
With the migration from the non-aligned BEd to aligned BEd, transitional arrangements have been
approved by the College of Education unique to this specific degree and stream, and is not
transferable to any other qualification and/or stream.
IMPORTANT: Students must register the relevant Teaching Methodology in each year of registration
with the applicable Teaching Practice module of the academic level. UNISA reserves the right to
cancel any teaching practice module that is not registered concurrently with the relevant teaching
methodology.
Some of the pre-requisites and/ or co-requisites outlined in this qualification may not apply, as
they do not form part of the curriculum.
",APS/AS:,,https://www.unisa.ac.za/sites/corporate/default/Register-to-study-through-Unisa/Undergraduate-&-honours-qualifications/Find-your-qualification-&-choose-your-modules/All-qualifications/Bachelor-of-Education-in-Senior-Phase-and-Further-Education-and-Training-Teaching-School-subject-combination:-Mathematics-and-Mathematical-Literacy-(90104-–-MML)
Bachelor of Education in Senior Phase and Further Education and Training Teaching School subject combination: Physical Science and Mathematics (90104 - PSM),School subject combination: Physical Science and Mathematics,480,,103108,Education,90104 - PSM,7,"
Rules:
This BEd degree is offered with different streams/School Subject Combinations. Each combination is
structured for a specific teaching field and students need to follow one of these. Students may only
offer one of these combinations, unless DHET (Department of Higher Education and Training approves
the offering of a second BEd degree in a different School Subject Combination.
 
This School Subject Combination entails the study of Chemistry and Physics, combined with
Mathematics (algebra and calculus), which will equip students with the knowledge to teach
Mathematics & Physical Science in the FET phase.
 
A student who has successfully completed this qualification will be able to teach from Grades 7 to
12 in the School Subject Combination selected. Teaching Practice is a compulsory component in this
program and must be taken according to the specific criteria every year. Five weeks practical is
required every year, and three weeks must be offered consecutively. This qualification comprises
both semester and year modules. Year modules may only be registered during the January registration
period of each academic year.
 
Students must also register themselves with SACE (South African Council for Educators) from the
first year of BEd registration. Please visit the SACE website for more information:
https://www.sace.org.za/.
 
With the migration from the non-aligned BEd to aligned BEd, transitional arrangements have been
approved by the College of Education unique to this specific degree and stream, and is not
transferable to any other qualification and/or stream.
IMPORTANT: Students must register the relevant Teaching Methodology in each year of registration
with the applicable Teaching Practice module of the academic level. UNISA reserves the right to
cancel any teaching practice module that is not registered concurrently with the relevant teaching
methodology.
Some of the pre-requisites and/ or co-requisites outlined in this qualification may not apply, as
they do not form part of the curriculum.
Note that SPE1507 has been replaced by
NSO1507. Students who have passed the SPE
",APS/AS:,,https://www.unisa.ac.za/sites/corporate/default/Register-to-study-through-Unisa/Undergraduate-&-honours-qualifications/Find-your-qualification-&-choose-your-modules/All-qualifications/Bachelor-of-Education-in-Senior-Phase-and-Further-Education-and-Training-Teaching-School-subject-combination:-Physical-Science-and-Mathematics-(90104-–-PSM)
Bachelor of Education in Senior Phase and Further Education and Training Teaching School subject combination: Religious Studies (90104 - RES),School subject combination: Religious Studies,480,,103108,Education,90104 - RES,7,"
Rules:
This BEd degree is offered with different streams/School Subject Combinations. Each combination is
structured for a specific teaching field and students need to follow one of these. Students may only
offer one of these combinations, unless DHET (Department of Higher Education and Training) approves
the offering of a second BEd degree in a different School Subject Combination.
 
This School Subject Combination entails the study of Religion (Biblical Studies or Islamic Studies),
combined with Psychology, which will equip students to teach Life Orientation & Religion Studies in
the FET Phase.
 
A student who has successfully completed this qualification will be able to teach from Grades 7 to
12 in the School Subject Combination selected. Teaching Practice is a compulsory component in this
program and must be taken according to the specific criteria every year. Five weeks practical is
required every year, and three weeks must be offered consecutively. This qualification comprises
both semester and year modules. Year modules may only be registered during the January registration
period of each academic year.
 
Students must also register themselves with SACE (South African Council for Educators) from the
first year of BEd registration. Please visit the SACE website for more information:
https://www.sace.org.za/.
 
 With the migration from the non-aligned BEd to aligned BEd, transitional arrangements have been
approved by the College of Education unique to this specific degree and stream, and is not
transferable to any other qualification and/or stream.
IMPORTANT: Students must register the relevant Teaching Methodology in each year of registration
with the applicable Teaching Practice module of the academic level. UNISA reserves the right to
cancel any teaching practice module that is not registered concurrently with the relevant teaching
methodology.
Some of the pre-requisites and/ or co-requisites outlined in this qualification may not apply, as
they do not form part of the curriculum.
Note that SPE1507 has been replaced by
NSO1507. Students who have passed the SPE
",APS/AS:,,https://www.unisa.ac.za/sites/corporate/default/Register-to-study-through-Unisa/Undergraduate-&-honours-qualifications/Find-your-qualification-&-choose-your-modules/All-qualifications/Bachelor-of-Education-in-Senior-Phase-and-Further-Education-and-Training-Teaching-School-subject-combination:-Religious-Studies-(90104-–-RES)
Bachelor of Education in Senior Phase and Further Education and Training Teaching School subject combination: Technology (90104 - TEC),School subject combination: Technology,480,,103108,Education,90104 - TEC,7,"
Rules:
This BEd degree is offered with different streams/School Subject Combinations. Each combination is
structured for a specific teaching field and students need to follow one of these. Students may only
offer one of these combinations, unless DHET (Department of Higher Education and Training) approves
the offering of a second BEd degree in a different School Subject Combination.
 
This School Subject Combination entails the study of Mechanical and Electrical engineering and
engineering drawing, combined with Business Management, to equip students to teach Business Studies
& Technology in the FET Phase.
 
A student who has successfully completed this qualification will be able to teach from Grades 7 to
12 in the School Subject Combination selected. Teaching Practice is a compulsory component in this
program and must be taken according to the specific criteria every year. Five weeks practical is
required every year, and three weeks must be offered consecutively. This qualification comprises
both semester and year modules. Year modules may only be registered during the January registration
period of each academic year.
 
Students must also register themselves with SACE (South African Council for Educators) from the
first year of BEd registration. Please visit the SACE website for more information:
https://www.sace.org.za/.
 
With the migration from the non-aligned BEd to aligned BEd, transitional arrangements have been
approved by the College of Education unique to this specific degree and stream, and is not
transferable to any other qualification and/or stream.
IMPORTANT: Students must register the relevant Teaching Methodology in each year of registration
with the applicable Teaching Practice module of the academic level. UNISA reserves the right to
cancel any teaching practice module that is not registered concurrently with the relevant teaching
methodology. The general credit value of the BEd qualification is 480 credits, however, the 90104
TEC stream consists of 492 credits to meet the school subject combination requirement.
Some of the pre-requisites and/ or co-requisites outlined in this qualification may not apply, as
they do not form part of the curriculum.
Note that SPE1507 has been replaced by
",APS/AS:,,https://www.unisa.ac.za/sites/corporate/default/Register-to-study-through-Unisa/Undergraduate-&-honours-qualifications/Find-your-qualification-&-choose-your-modules/All-qualifications/Bachelor-of-Education-in-Senior-Phase-and-Further-Education-and-Training-Teaching-School-subject-combination:-Technology-(90104-–-TEC)
Bachelor of Education in Senior Phase and Further Education and Training Teaching School subject combination: Tourism and Geography (90104 - TRG),School subject combination: Tourism and Geography,480,,103108,Education,90104 - TRG,7,"
Rules:
This BEd degree is offered with different Streams/School Subject Combinations. Each combination is
structured for a specific teaching field and students need to follow one of these. Students may only
offer one of these combinations, unless DHET (Department of Higher Education and Training) approves
the offering of a second BEd degree in a different School Subject Combination.
 
This School Subject Combination entails the study of Tourism and Geography.
 
A student who has successfully completed this qualification will be able to teach from Grades 7 to
12 in the School Subject Combination selected. Teaching Practice is a compulsory component in this
program and must be taken according to the specific criteria every year. Five weeks practical is
required every year, and three weeks must be offered consecutively. This qualification comprises
both semester and year modules. Year modules may only be registered during the January registration
period of each academic year.
 
Students must also register themselves with SACE (South African Council for Educators) from the
first year of BEd registration. Please visit the SACE website for more information:
https://www.sace.org.za/
 
With the migration from the non-aligned BEd to aligned BEd, transitional arrangements have been
approved by the College of Education unique to this specific degree and stream, and is not
transferable to any other qualification and/or stream.
IMPORTANT: Students must register the relevant Teaching Methodology in each year of registration
with the applicable Teaching Practice module of the academic level. UNISA reserves the right to
cancel any teaching practice module that is not registered concurrently with the relevant teaching
methodology.
 
Some of the pre-requisites and/ or co-requisites outlined in this qualification may not apply, as
they do not form part of the curriculum.
 
Note that SPE1507 has been replaced by NSO1507. Students who have passed the SPE modules do not need
to do the NSO modules.
",APS/AS:,,https://www.unisa.ac.za/sites/corporate/default/Register-to-study-through-Unisa/Undergraduate-&-honours-qualifications/Find-your-qualification-&-choose-your-modules/All-qualifications/Bachelor-of-Education-in-Senior-Phase-and-Further-Education-and-Training-Teaching-School-subject-combination:-Tourism-and-Geography-(90104-–-TRG)
Bachelor of Education in Senior Phase and Further Education and Training Teaching School subject combination: Tourism and Management (90104 - TRM),School subject combination: Tourism and Management,480,,103108,Education,90104 - TRM,7,"
Rules:
This BEd degree is offered with different Streams/School Subject Combinations. Each combination is
structured for a specific teaching field and students need to follow one of these. Students may only
offer one of these combinations, unless DHET (Department of Higher Education and Training) approves
the offering of a second BEd degree in a different School Subject Combination.
 
This School Subject Combination entails the study of Tourism and Business Management, which will
equip students with the knowledge to teach Tourism & Business Studies in the FET phase.
 
A student who has successfully completed this qualification will be able to teach from Grades 7 to
12 in the School Subject Combination selected. Teaching Practice is a compulsory component in this
program and must be taken according to the specific criteria every year. Five weeks practical is
required every year, and three weeks must be offered consecutively. This qualification comprises
both semester and year modules. Year modules may only be registered during the January registration
period of each academic year.
 
Students must also register themselves with SACE (South African Council for Educators) from the
first year of BEd registration. Please visit the SACE website for more information:
https://www.sace.org.za/.
 
With the migration from the non-aligned BEd to aligned BEd, transitional arrangements have been
approved by the College of Education unique to this specific degree and stream, and is not
transferable to any other qualification and/or stream.
IMPORTANT: Students must register the relevant Teaching Methodology in each year of registration
with the applicable Teaching Practice module of the academic level. UNISA reserves the right to
cancel any teaching practice module that is not registered concurrently with the relevant teaching
methodology.
Some of the pre-requisites and/ or co-requisites outlined in this qualification may not apply, as
they do not form part of the curriculum.
Note that SPE1507 has been replaced by
NSO1507. Students who have passed the SPE
modules do not need to do the NSO modules.
",APS/AS:,,https://www.unisa.ac.za/sites/corporate/default/Register-to-study-through-Unisa/Undergraduate-&-honours-qualifications/Find-your-qualification-&-choose-your-modules/All-qualifications/Bachelor-of-Education-in-Senior-Phase-and-Further-Education-and-Training-Teaching-School-subject-combination:-Tourism-and-Management-(90104-–-TRM)
Bachelor of Education Honours (90125),90125,112504,,60,Education,8,120,"Purpose statement:The Bachelor of Education Honours is intended to prepare students for research-based post-graduate study in Education. It serves to consolidate and deepen a student's expertise in Foundations of Education and the use of these understandings in an integrated way to explore a range of educational issues related to their areas of major combinations or stream. The qualification further aims to develop research capacity with special attention to methodology and techniques in education research.

The qualifying students will demonstrate a high level of theoretical knowledge in major combinations and the ability to conduct research in a particular discipline.
","
Rules:
It is a requirement for students who intend on registering for this qualification to be in
 possession of a completed recognised 4 year Professional Teaching qualification. NB: This
 qualification will not be recognised by the Department of Higher Education and Training should you
 NOT be in possession of a 4 year professional teaching qualification. The Honours BEd degree is not
 a professional teaching qualification. This qualification has to be completed over a MINIMUM of two
 academic years (i.e this qualification cannot be complete in one academic year). Students register
 up to four modules in the first year (PSE4801, RSE4801, CSP4801, ICH4801). A student has to pass
 RSE4801 and at least one other module to be admitted to the fifth module, HREDU82, in the second
 year. Students register for not more than three modules in the second year which includes HREDU82.
 RSE4801 is a prerequisite for HREDU82
",,https://www.unisa.ac.za/sites/corporate/default/Register-to-study-through-Unisa/Undergraduate-&-honours-qualifications/Find-your-qualification-&-choose-your-modules/All-qualifications/Bachelor-of-Education-Honours-(90125)
Bachelor of Education Honours Adult Continuing Education and Training (90125 - ACE),Adult Continuing Education and Training,120,,112504,Education,90125 - ACE,8,"
Rules:
The Bachelor of Education Honours must be taken over two years.
 
Students register for a specific stream according to their chosen field of study/discipline.
 
The programme consists of 5 modules:
 
Group A: Compulsory (all modules must be taken in year 1, except HREDU82)
1. RSE4801
2. HREDU82
3. One module in the chosen field of study and/or discipline
 
Group B: Two modules selected
 
Students register up to four modules in the first year among which should be RSE4801 AND the core
module from the stream, as well as at least one module from Group B.
A student has to pass RSE4801 and the core module according to the stream to be admitted to the
fifth module, HREDU82,
in the second year.
Students register for not more than three modules in the second year which includes HREDU82.
RSE4801 is a prerequisite for HREDU82.
",APS/AS:,,https://www.unisa.ac.za/sites/corporate/default/Register-to-study-through-Unisa/Undergraduate-&-honours-qualifications/Find-your-qualification-&-choose-your-modules/All-qualifications/Bachelor-of-Education-Honours-Adult-Continuing-Education-and-Training-(90125-–-ACE)
Bachelor of Education Honours Curriculum Studies (90125 - CUR),Curriculum Studies,120,,112504,Education,90125 - CUR,8,"
Rules:
The Bachelor of Education Honours must be taken over two years.
 
Students register for a specific stream according to their chosen field of study/discipline.
 
The programme consists of 5 modules:
 
Group A: Compulsory (all modules must be taken in year 1, except HREDU82)
1. RSE4801
2. HREDU82
3. One module in the chosen field of study and/or discipline
 
Group B: Two modules selected
 
Students register up to four modules in the first year among which should be RSE4801 AND the core
module from the stream, as well as at least one module from Group B.
A student has to pass RSE4801 and the core module according to the stream to be admitted to the
fifth module, HREDU82,
in the second year.
Students register for not more than three modules in the second year which includes HREDU82.
RSE4801 is a prerequisite for HREDU82.
",APS/AS:,,https://www.unisa.ac.za/sites/corporate/default/Register-to-study-through-Unisa/Undergraduate-&-honours-qualifications/Find-your-qualification-&-choose-your-modules/All-qualifications/Bachelor-of-Education-Honours-Curriculum-Studies-(90125-–-CUR)
Bachelor of Education Honours Early Childhood Education (90125 - ECE),Early Childhood Education,120,,112504,Education,90125 - ECE,8,"
Rules:
The Bachelor of Education Honours must be taken over two years.
 
Students register for a specific stream according to their chosen field of study/discipline.
 
The programme consists of 5 modules:
 
Group A: Compulsory (all modules must be taken in year 1, except HREDU82)
1. RSE4801
2. HREDU82
3. One module in the chosen field of study and/or discipline
 
Group B: Two modules selected
 
Students register up to four modules in the first year among which should be RSE4801 AND the core
module from the stream, as well as at least one module from Group B.
A student has to pass RSE4801 and the core module according to the stream to be admitted to the
fifth module, HREDU82,
in the second year.
Students register for not more than three modules in the second year which includes HREDU82.
RSE4801 is a prerequisite for HREDU82.
",APS/AS:,,https://www.unisa.ac.za/sites/corporate/default/Register-to-study-through-Unisa/Undergraduate-&-honours-qualifications/Find-your-qualification-&-choose-your-modules/All-qualifications/Bachelor-of-Education-Honours-Early-Childhood-Education-(90125-–-ECE)
Bachelor of Education Honours Education for Sustainable Development (90125 - ESD),Education for Sustainable Development,120,,112504,Education,90125 - ESD,8,"
Rules:
The Bachelor of Education Honours must be taken over two years.
 
Students register for a specific stream according to their chosen field of study/discipline.
 
The programme consists of 5 modules:
 
Group A: Compulsory (all modules must be taken in year 1, except HREDU82)
1. RSE4801
2. HREDU82
3. One module in the chosen field of study and/or discipline
 
Group B: Two modules selected
 
Students register up to four modules in the first year among which should be RSE4801 AND the core
module from the stream, as well as at least one module from Group B.
A student has to pass RSE4801 and the core module according to the stream to be admitted to the
fifth module, HREDU82,
in the second year.
Students register for not more than three modules in the second year which includes HREDU82.
RSE4801 is a prerequisite for HREDU82.
",APS/AS:,,https://www.unisa.ac.za/sites/corporate/default/Register-to-study-through-Unisa/Undergraduate-&-honours-qualifications/Find-your-qualification-&-choose-your-modules/All-qualifications/Bachelor-of-Education-Honours-Education-for-Sustainable-Development-(90125-–-ESD)
Bachelor of Education Honours Educational Leadership and Management (90125 - ELM),Educational Leadership and Management,120,,112504,Education,90125 - ELM,8,"
Rules:
The Bachelor of Education Honours must be taken over two years.
 
Students register for a specific stream according to their chosen field of study/discipline.
 
The programme consists of 5 modules:
 
Group A: Compulsory (all modules must be taken in year 1, except HREDU82)
1. RSE4801
2. HREDU82
3. One module in the chosen field of study and/or discipline
 
Group B: Two modules selected
 
Students register up to four modules in the first year among which should be RSE4801 AND the core
module from the stream, as well as at least one module from Group B.
A student has to pass RSE4801 and the core module according to the stream to be admitted to the
fifth module, HREDU82,
in the second year.
Students register for not more than three modules in the second year which includes HREDU82.
RSE4801 is a prerequisite for HREDU82.
",APS/AS:,,https://www.unisa.ac.za/sites/corporate/default/Register-to-study-through-Unisa/Undergraduate-&-honours-qualifications/Find-your-qualification-&-choose-your-modules/All-qualifications/Bachelor-of-Education-Honours-Educational-Leadership-and-Management-(90125-–-ELM)
Bachelor of Education Honours History of Education (90125 - HIS),History of Education,120,,112504,Education,90125 - HIS,8,"
Rules:
The Bachelor of Education Honours must be taken over two years.
 
Students register for a specific stream according to their chosen field of study/discipline.
 
The programme consists of 5 modules:
 
Group A: Compulsory (all modules must be taken in year 1, except HREDU82)
1. RSE4801
2. HREDU82
3. One module in the chosen field of study and/or discipline
 
Group B: Two modules selected
 
Students register up to four modules in the first year among which should be RSE4801 AND the core
module from the stream, as well as at least one module from Group B.
A student has to pass RSE4801 and the core module according to the stream to be admitted to the
fifth module, HREDU82,
in the second year.
Students register for not more than three modules in the second year which includes HREDU82.
RSE4801 is a prerequisite for HREDU82.
",APS/AS:,,https://www.unisa.ac.za/sites/corporate/default/Register-to-study-through-Unisa/Undergraduate-&-honours-qualifications/Find-your-qualification-&-choose-your-modules/All-qualifications/Bachelor-of-Education-Honours-History-of-Education-(90125-–-HIS)
Bachelor of Education Honours Inclusive Education (90125 - IEE),Inclusive Education,120,,112504,Education,90125 - IEE,8,"
Rules:
The Bachelor of Education Honours must be taken over two years.
 
Students register for a specific stream according to their chosen field of study/discipline.
 
The programme consists of 5 modules:
 
Group A: Compulsory (all modules must be taken in year 1, except HREDU82)
1. RSE4801
2. HREDU82
3. One module in the chosen field of study and/or discipline
 
Group B: Two modules selected
 
Students register up to four modules in the first year among which should be RSE4801 AND the core
module from the stream, as well as at least one module from Group B.
A student has to pass RSE4801 and the core module according to the stream to be admitted to the
fifth module, HREDU82,
in the second year.
Students register for not more than three modules in the second year which includes HREDU82.
RSE4801 is a prerequisite for HREDU82.
",APS/AS:,,https://www.unisa.ac.za/sites/corporate/default/Register-to-study-through-Unisa/Undergraduate-&-honours-qualifications/Find-your-qualification-&-choose-your-modules/All-qualifications/Bachelor-of-Education-Honours-Inclusive-Education-(90125-–-IEE)
Bachelor of Education Honours Information Communication Technologies in Education (90125 - ICT),Information Communication Technologies in Education,120,,112504,Education,90125 - ICT,8,"
Rules:
The Bachelor of Education Honours must be taken over two years.
 
Students register for a specific stream according to their chosen field of study/discipline.
 
The programme consists of 5 modules:
 
Group A: Compulsory (all modules must be taken in year 1, except HREDU82)
1. RSE4801
2. HREDU82
3. One module in the chosen field of study and/or discipline
 
Group B: Two modules selected
 
Students register up to four modules in the first year among which should be RSE4801 AND the core
module from the stream, as well as at least one module from Group B.
A student has to pass RSE4801 and the core module according to the stream to be admitted to the
fifth module, HREDU82,
in the second year.
Students register for not more than three modules in the second year which includes HREDU82.
RSE4801 is a prerequisite for HREDU82.
",APS/AS:,,https://www.unisa.ac.za/sites/corporate/default/Register-to-study-through-Unisa/Undergraduate-&-honours-qualifications/Find-your-qualification-&-choose-your-modules/All-qualifications/Bachelor-of-Education-Honours-Information-Communication-Technologies-in-Education-(90125-–-ICT)
Bachelor of Education Honours International and Comparative Education (90125 - ICE),International and Comparative Education,120,,112504,Education,90125 - ICE,8,"
Rules:
The Bachelor of Education Honours must be taken over two years.
 
Students register for a specific stream according to their chosen field of study/discipline.
 
The programme consists of 5 modules:
 
Group A: Compulsory (all modules must be taken in year 1, except HREDU82)
1. RSE4801
2. HREDU82
3. One module in the chosen field of study and/or discipline
 
Group B: Two modules selected
 
Students register up to four modules in the first year among which should be RSE4801 AND the core
module from the stream, as well as at least one module from Group B.
A student has to pass RSE4801 and the core module according to the stream to be admitted to the
fifth module, HREDU82,
in the second year.
Students register for not more than three modules in the second year which includes HREDU82.
RSE4801 is a prerequisite for HREDU82.
",APS/AS:,,https://www.unisa.ac.za/sites/corporate/default/Register-to-study-through-Unisa/Undergraduate-&-honours-qualifications/Find-your-qualification-&-choose-your-modules/All-qualifications/Bachelor-of-Education-Honours-International-and-Comparative-Education-(90125-–-ICE)
"Bachelor of Education Honours Language Education, Arts and Culture (90125 - LAC)","Language Education, Arts and Culture",120,,112504,Education,90125 - LAC,8,"
Rules:
The Bachelor of Education Honours must be taken over two years.
 
Students register for a specific stream according to their chosen field of study/discipline.
 
The programme consists of 5 modules:
 
Group A: Compulsory (all modules must be taken in year 1, except HREDU82)
1. RSE4801
2. HREDU82
3. One module in the chosen field of study and/or discipline
 
Group B: Two modules selected
 
Students register up to four modules in the first year among which should be RSE4801 AND the core
module from the stream, as well as at least one module from Group B.
A student has to pass RSE4801 and the core module according to the stream to be admitted to the
fifth module, HREDU82,
in the second year.
Students register for not more than three modules in the second year which includes HREDU82.
RSE4801 is a prerequisite for HREDU82.
",APS/AS:,,"https://www.unisa.ac.za/sites/corporate/default/Register-to-study-through-Unisa/Undergraduate-&-honours-qualifications/Find-your-qualification-&-choose-your-modules/All-qualifications/Bachelor-of-Education-Honours-Language-Education,-Arts-and-Culture-(90125-–-LAC)"
Bachelor of Education Honours Mathematics Education (90125 - MAT),Mathematics Education,120,,112504,Education,90125 - MAT,8,"
Rules:
The Bachelor of Education Honours must be taken over two years.
 
Students register for a specific stream according to their chosen field of study/discipline.
 
The programme consists of 5 modules:
 
Group A: Compulsory (all modules must be taken in year 1, except HREDU82)
1. RSE4801
2. HREDU82
3. One module in the chosen field of study and/or discipline
 
Group B: Two modules selected
 
Students register up to four modules in the first year among which should be RSE4801 AND the core
module from the stream, as well as at least one module from Group B.
A student has to pass RSE4801 and the core module according to the stream to be admitted to the
fifth module, HREDU82,
in the second year.
Students register for not more than three modules in the second year which includes HREDU82.
RSE4801 is a prerequisite for HREDU82.
",APS/AS:,,https://www.unisa.ac.za/sites/corporate/default/Register-to-study-through-Unisa/Undergraduate-&-honours-qualifications/Find-your-qualification-&-choose-your-modules/All-qualifications/Bachelor-of-Education-Honours-Mathematics-Education-(90125-–-MAT)
Bachelor of Education Honours Open Distance and e-Learning in the Higher Education (90125 - ODL),Open Distance and e-Learning in the Higher Education,120,,112504,Education,90125 - ODL,8,"
Rules:
The Bachelor of Education Honours must be taken over two years.
 
Students register for a specific stream according to their chosen field of study/discipline.
 
The programme consists of 5 modules:
 
Group A: Compulsory (all modules must be taken in year 1, except HREDU82)
1. RSE4801
2. HREDU82
3. One module in the chosen field of study and/or discipline
 
Group B: Two modules selected
 
Students register up to four modules in the first year among which should be RSE4801 AND the core
module from the stream, as well as at least one module from Group B.
A student has to pass RSE4801 and the core module according to the stream to be admitted to the
fifth module, HREDU82,
in the second year.
Students register for not more than three modules in the second year which includes HREDU82.
RSE4801 is a prerequisite for HREDU82.
",APS/AS:,,https://www.unisa.ac.za/sites/corporate/default/Register-to-study-through-Unisa/Undergraduate-&-honours-qualifications/Find-your-qualification-&-choose-your-modules/All-qualifications/Bachelor-of-Education-Honours-Open-Distance-and-e–Learning-in-the-Higher-Education-(90125-–-ODL)
Bachelor of Education Honours Philosophy of Education (90125 - PSE),Philosophy of Education,120,,112504,Education,90125 - PSE,8,"
Rules:
The Bachelor of Education Honours must be taken over two years.
 
Students register for a specific stream according to their chosen field of study/discipline.
 
The programme consists of 5 modules:
 
Group A: Compulsory (all modules must be taken in year 1, except HREDU82)
1. RSE4801
2. HREDU82
3. One module in the chosen field of study and/or discipline
 
Group B: Two modules selected
 
Students register up to four modules in the first year among which should be RSE4801 AND the core
module from the stream, as well as at least one module from Group B.
A student has to pass RSE4801 and the core module according to the stream to be admitted to the
fifth module, HREDU82,
in the second year.
Students register for not more than three modules in the second year which includes HREDU82.
RSE4801 is a prerequisite for HREDU82.
",APS/AS:,,https://www.unisa.ac.za/sites/corporate/default/Register-to-study-through-Unisa/Undergraduate-&-honours-qualifications/Find-your-qualification-&-choose-your-modules/All-qualifications/Bachelor-of-Education-Honours-Philosophy-of-Education-(90125-–-PSE)
Bachelor of Education Honours Psychology of Education (90125 - PSY),Psychology of Education,120,,112504,Education,90125 - PSY,8,"
Rules:
The Bachelor of Education Honours must be taken over two years.
 
Students register for a specific stream according to their chosen field of study/discipline.
 
The programme consists of 5 modules:
 
Group A: Compulsory (all modules must be taken in year 1, except HREDU82)
1. RSE4801
2. HREDU82
3. One module in the chosen field of study and/or discipline
 
Group B: Two modules selected
 
Students register up to four modules in the first year among which should be RSE4801 AND the core
module from the stream, as well as at least one module from Group B.
A student has to pass RSE4801 and the core module according to the stream to be admitted to the
fifth module, HREDU82,
in the second year.
Students register for not more than three modules in the second year which includes HREDU82.
RSE4801 is a prerequisite for HREDU82.
",APS/AS:,,https://www.unisa.ac.za/sites/corporate/default/Register-to-study-through-Unisa/Undergraduate-&-honours-qualifications/Find-your-qualification-&-choose-your-modules/All-qualifications/Bachelor-of-Education-Honours-Psychology-of-Education-(90125-–-PSY)
Bachelor of Education Honours Science Education (90125 - SCE),Science Education,120,,112504,Education,90125 - SCE,8,"
Rules:
The Bachelor of Education Honours must be taken over two years.
 
Students register for a specific stream according to their chosen field of study/discipline.
 
The programme consists of 5 modules:
 
Group A: Compulsory (all modules must be taken in year 1, except HREDU82)
1. RSE4801
2. HREDU82
3. One module in the chosen field of study and/or discipline
 
Group B: Two modules selected
 
Students register up to four modules in the first year among which should be RSE4801 AND the core
module from the stream, as well as at least one module from Group B.
A student has to pass RSE4801 and the core module according to the stream to be admitted to the
fifth module, HREDU82,
in the second year.
Students register for not more than three modules in the second year which includes HREDU82.
RSE4801 is a prerequisite for HREDU82.
",APS/AS:,,https://www.unisa.ac.za/sites/corporate/default/Register-to-study-through-Unisa/Undergraduate-&-honours-qualifications/Find-your-qualification-&-choose-your-modules/All-qualifications/Bachelor-of-Education-Honours-Science-Education-(90125-–-SCE)
Bachelor of Education Honours Sociology of Education (90125 - SOE),Sociology of Education,120,,112504,Education,90125 - SOE,8,"
Rules:
The Bachelor of Education Honours must be taken over two years.
 
Students register for a specific stream according to their chosen field of study/discipline.
 
The programme consists of 5 modules:
 
Group A: Compulsory (all modules must be taken in year 1, except HREDU82)
1. RSE4801
2. HREDU82
3. One module in the chosen field of study and/or discipline
 
Group B: Two modules selected
 
Students register up to four modules in the first year among which should be RSE4801 AND the core
module from the stream, as well as at least one module from Group B.
A student has to pass RSE4801 and the core module according to the stream to be admitted to the
fifth module, HREDU82,
in the second year.
Students register for not more than three modules in the second year which includes HREDU82.
RSE4801 is a prerequisite for HREDU82.
",APS/AS:,,https://www.unisa.ac.za/sites/corporate/default/Register-to-study-through-Unisa/Undergraduate-&-honours-qualifications/Find-your-qualification-&-choose-your-modules/All-qualifications/Bachelor-of-Education-Honours-Sociology-of-Education-(90125-–-SOE)
Bachelor of Education Honours Technology Education (90125 - TEC),Technology Education,120,,112504,Education,90125 - TEC,8,"
Rules:
The Bachelor of Education Honours must be taken over two years.
 
Students register for a specific stream according to their chosen field of study/discipline.
 
The programme consists of 5 modules:
 
Group A: Compulsory (all modules must be taken in year 1, except HREDU82)
1. RSE4801
2. HREDU82
3. One module in the chosen field of study and/or discipline
 
Group B: Two modules selected
 
Students register up to four modules in the first year among which should be RSE4801 AND the core
module from the stream, as well as at least one module from Group B.
A student has to pass RSE4801 and the core module according to the stream to be admitted to the
fifth module, HREDU82,
in the second year.
Students register for not more than three modules in the second year which includes HREDU82.
RSE4801 is a prerequisite for HREDU82.
",APS/AS:,,https://www.unisa.ac.za/sites/corporate/default/Register-to-study-through-Unisa/Undergraduate-&-honours-qualifications/Find-your-qualification-&-choose-your-modules/All-qualifications/Bachelor-of-Education-Honours-Technology-Education-(90125-–-TEC)
Postgraduate Diploma in Disability Studies (90167),90167,105738,,60,Education,8,120,"Purpose statement:The purpose of this qualification is to strengthen and deepen knowledge, skills and values (attitude) of different professionals (educators, doctors, nurses, auxiliary, etc.,) and para-professionals in order to deal with /relate with issues pertaining to disability in various contexts/environments
Qualified students will be able to relate to and embrace disability as a concept in their daily interactions with people with disabilities. They will also be able to interrogate the current research policies thinking around disability issues locally and globally in order to contribute towards knowledge expansion in the field.
The learning path for students will be:
- BEd degree or Advanced Diploma in Education at NQF level 7; 
- Post Graduate Diploma at NQF level 8 
- Progress to an MEd degree in Inclusive Education
- Doctorate in Education.","
Rules:
It is a requirement for students who intend on registering for this qualification to already be
 professionally qualified as a teacher. This Postgraduate Diploma is not a
 PGCE (Postgraduate Certificate in Education) and, therefore, is not a teaching qualification.
 NB: This qualification will not be recognised by the Department of Higher Education and
 Training should you NOT be in possession of an approved 4 year professional teaching qualification.
 Students who are already in possession of a completed Honours BEd in Inclusive Education
 (or a cognate specialisation) cannot be admitted to the Postgraduate Diploma in Disability Studies
 as this qualification will not be recognised by DHET (Department of Higher Education and Training)
  for salary purposes or for an additional REQV level.
 It is the responsibility of the student to consult with the relevant Education Department
 districts or Provincial Education Departments on how to upgrade to additional REQV levels.
 Students may be allowed to, on the completion of a Postgraduate Diploma, be recognised as meeting
 the minimum entry requirements for  a cognate 180 credit Level 9 Master of Education on the
 condition that holders of Postgraduate Diplomas successfully complete the  required research
 modules
 namely Research in Education (RSE4801) and Research Project in Education  (HREDU82) with a total of
 48  credits  for Non Degree Purposes to meet the HEQSF research requirements of at least 30
 research credits to obtain admission to a  Master of Education degree. This is in addition to the
 prescribed admission requirements for the Master of Education degree.
",,https://www.unisa.ac.za/sites/corporate/default/Register-to-study-through-Unisa/Undergraduate-&-honours-qualifications/Find-your-qualification-&-choose-your-modules/All-qualifications/Postgraduate-Diploma-in-Disability-Studies-(90167)
Postgraduate Diploma in Inclusive Education (90100),90100,101938,,60,Education,8,120,"Purpose statement:The primary purpose of this qualification is to build the knowledge base of teachers and other practitioners in inclusive settings in order for them to be conversant in this field of study and to equip them with relevant theoretical knowledge, teaching skills and assessment strategies to respond to the individual needs of learners. As Inclusive Education requires specific teaching strategies to enable all learners to learn successfully, qualifying students will increase their competence and confidence to work in inclusive situations. 

The principles of Inclusive Education emphasise the need for open and respectful communication between learners, teachers, parents and community members. Qualifying students can use alternative means of communication (visual, oral or written modes) in order to establish such channels of communication.

The purpose of the learning is to raise the awareness of practitioners that all learners are unique with idiosyncratic ways of functioning. It provides learning opportunities that will empower practitioners to offer and receive support and work towards accepting and accommodating the individual needs of all learners.  

Research is an important aspect of post graduate education. The purpose of the learning is also to equip students with a sound understanding of the key issues regarding the conduct of research and professional presentation of research findings in a variety of contexts. It also aims to provide students with the necessary skills to interpret, evaluate, judge and apply the concepts, principles and techniques of appropriate scientific methods of inquiry.  

","
Rules:
It is a requirement for students who intend on registering for this qualification to already be
 professionally qualified as a teacher. This Postgraduate Diploma is not a
 PGCE (Postgraduate Certificate in Education) and, therefore, is not a teaching qualification.
 NB: This qualification will not be recognised by the Department of Higher Education and
 Training should you NOT be in possession of an approved 4 year professional teaching qualification.
 
 Students who are already in possession of a completed Honours BEd in Inclusive Education
 (or a cognate specialisation) cannot be admitted to the Postgraduate Diploma in Inclusive Education
  as this qualification will not be recognised by DHET (Department of Higher Education and Training)
  for salary purposes or for an additional REQV level.
 
 It is the responsibility of the student to consult with the relevant Education Department
 districts or Provincial Education Departments on how to upgrade to additional REQV levels.
 
 Students may be allowed to, on the completion of a Postgraduate Diploma, be recognised as meeting
 the minimum entry requirements for  a cognate 180 credit Level 9 Master of Education on the
 condition that holders of Postgraduate Diplomas successfully complete the  required research
 modules namely Research in Education (RSE4801) and Research Project in Education  (HREDU82)
 with a total of 48 credits  for Non Degree Purposes to meet the HEQSF research requirements of at
least 30 research credits to obtain admission to a  Master of Education degree. This is in addition
to the prescribed admission requirements for the Master of Education degree.
",,https://www.unisa.ac.za/sites/corporate/default/Register-to-study-through-Unisa/Undergraduate-&-honours-qualifications/Find-your-qualification-&-choose-your-modules/All-qualifications/Postgraduate-Diploma-in-Inclusive-Education-(90100)
Postgraduate Diploma in Language Education (90164),90164,112624,,60,Education,8,120,"Purpose statement:The purpose of this qualification is to equip learners with knowledge of language development and acquisition, and understanding of language teaching and learning theories and the use of Information Communication Technology (ICT) in language teaching. This specific knowledge and skills will enable learners to be aware of matters relating to multilingualism and cultural diversity. 
The qualification will equip learners with knowledge and skills on how to conduct research and write a research report. The qualification aims for teachers, academics and other practitioners in the social sciences practising in the field of Language Education. Language practitioners have an essential fundamental role to play in both teaching and learning environments and in communicating with people from diverse cultural backgrounds. 

This qualification, therefore, aims to contribute to this role by doing the following: ﾕ Develop and consolidate in an integrated way appropriate disciplinary, practical, pedagogical and situational knowledge. 
- Cultivate a practical understanding of teaching and learning in a diverse range of settings in South African schools, about language theory, policy and practice. 
- Foster self-reflexivity and self-understanding among language practitioners. 
- Nurture commitment to the ideals of the language teaching profession and an understanding of teaching as a profession. 
- Develop the professional dispositions and self-identity of students as experienced, language practitioners. 
- Develop learners as active citizens and enable them to develop the dispositions of citizenship in their learners. 
- Promote and develop the dispositions and competencies to organise learning among a diverse range of learners in different contexts. 

Learners who achieve the Exit Level Outcomes will be competent language teachers or practitioners who will be able to work effectively in diverse multicultural and multilingual contexts. These learners will also be able to use ICT effectively and efficiently in their classroom teaching and learning environments. The qualification will enable the qualified language teachers and practitioners to conduct and interpret research findings to improve practice.","
Rules:
 It is a requirement for students who intend on registering for this qualification to already be
 professionally qualified as a teacher. This Postgraduate Diploma is not a PGCE (Postgraduate
 Certificate in Education) and, therefore, is not a teaching qualification. NB: This qualification
 will not be recognised by the Department of Higher Education and Training should you NOT be in
 possession of an approved 4 year professional teaching qualification.  Students who are already in
 possession of a completed Honours BEd in a cognate specialisation cannot be admitted to the
 Postgraduate Diploma in Language Education as this qualification will not be recognised by DHET
 (Department of Higher Education and Training)  for salary purposes or for an additional REQV level.
 It is the responsibility of the student to consult with the relevant Education Department districts
 or Provincial Education Departments on how to upgrade to additional REQV levels.    Students may be
 allowed to, on the completion of a Postgraduate Diploma, be recognised as meeting the minimum entry
 requirements for  a cognate 180 credit Level 9 Master of Education on the condition that holders of
 Postgraduate Diplomas successfully complete the  required research modules namely Research in
 Education (RSE4801) and Research Project in Education  (HREDU82) with a total of 48  credits  for
 Non Degree Purposes to meet the HEQSF research requirements of at least 30 research credits to
 obtain admission to a  Master of Education degree. This is in addition to the prescribed admission
 requirements for the Master of Education degree.
",,https://www.unisa.ac.za/sites/corporate/default/Register-to-study-through-Unisa/Undergraduate-&-honours-qualifications/Find-your-qualification-&-choose-your-modules/All-qualifications/Postgraduate-Diploma-in-Language-Education-(90164)
Postgraduate Diploma in Life Orientation (90174),90174,117685,,60,Education,8,120,"Purpose statement:The purpose of this qualification is to strengthen as well as deepening teachers' knowledge, skills, attitudes and values in Life Orientation (LO) including practical application of knowledge in the working environment. Competencies in Life Orientation will be extended and an additional role in supporting teaching and learning (Minimum Requirements for Teacher Education Qualification. Furthermore, qualifying learners should be able to relate the acquired knowledge to a range of diverse contexts. Also, they should be able to apply a high level of theoretical engagement by showing a high level of intellectual independence professionalism in the discipline of Life Orientation.

The qualification aims to promote human rights, values, morality, health promotion, values, spiritual intelligence and sustainability within the African context. Qualifying learners will through practical and problem-based projects in their work environment, acquire the necessary skills in teaching methodology, facilitation and counselling in LO. Furthermore, they will be able to instil an appreciation of LO in teaching and learning environments. Also, the learners will have problem-solving skills, have ethical and professional practices, manage to learn in diverse contexts and be accountable for his or her work.
","
Rules:
It is a requirement for students who intend on registering for this qualification to already be
 professionally qualified as a teacher. This Postgraduate Diploma is not a PGCE (Postgraduate
 Certificate in Education) and, therefore, is not a teaching qualification. NB: This qualification
 will not be recognised by the Department of Higher Education and Training should you NOT be in
 possession of an approved 4 year professional teaching qualification. Students who are already in
 possession of a completed Honours BEd in a cognate specialisation cannot be admitted to the
 Postgraduate Diploma in Life Orientation as this qualification will not be recognised by DHET
 (Department of Higher Education and Training)  for salary purposes or for an additional REQV level.
 It is the responsibility of the student to consult with the relevant Education Department districts
 or Provincial Education Departments on how to upgrade to additional REQV levels. Students may be
 allowed to, on the completion of a Postgraduate Diploma, be recognised as meeting the minimum entry
 requirements for  a cognate 180 credit Level 9 Master of Education on the condition that holders of
 Postgraduate Diplomas successfully complete the  required research modules namely Research in
 Education (RSE4801) and Research Project in Education  (HREDU82) with a total of 48  credits  for
 Non-Degree Purposes to meet the HEQSF research requirements of at least 30 research credits to
 obtain admission to a  Master of Education degree. This is in addition to the prescribed admission
 requirements for the Master of Education degree.
",,https://www.unisa.ac.za/sites/corporate/default/Register-to-study-through-Unisa/Undergraduate-&-honours-qualifications/Find-your-qualification-&-choose-your-modules/All-qualifications/Postgraduate-Diploma-in-Life-Orientation-(90174)
Postgraduate Diploma in Mathematics Education (90175),90175,117366,,60,Education,8,120,"Purpose statement:The purpose of the Postgraduate Diploma in Mathematics Education is to develop and strengthen learners' knowledge in Mathematics education. This qualification seeks to train learners who demonstrate an understanding of the theoretical underpinnings of Mathematics education and to develop their professional expertise in the field of Mathematics education.

Also, learners will develop a deeper understanding of the professional practices of Mathematics education. They will be empowered to achieve some critical distance from the popular and conventional methods and institutions of education.

The qualification will foster progressive thinking in the field of Mathematics education by developing a cadre of educators with a broader and more in-depth understanding of the transformation of education, and to enable the qualified teachers and practitioners to conduct their research and interpret research findings to improve practice. The qualification develops and consolidates in an integrated way appropriate disciplinary, practical, pedagogical and situational knowledge.

This qualification will use a practical, scholarly teaching approach in strengthening and deepening learners' knowledge in Mathematics education and subsequently open career pathways to learners.","
Rules:
It is a requirement for students who intend on registering for this qualification to already be
 professionally qualified as a teacher. This Postgraduate Diploma is not a PGCE (Postgraduate
 Certificate in Education) and, therefore, is not a teaching qualification. NB: This qualification
 will not be recognised by the Department of Higher Education and Training should you NOT be in
 possession of an approved 4 year professional teaching qualification. Students who are already in
 possession of a completed Honours BEd in a cognate specialisation cannot be admitted to the
 Postgraduate Diploma in Mathematics Education as this qualification will not be recognised by DHET
 (Department of Higher Education and Training)  for salary purposes or for an additional REQV level.
 It is the responsibility of the student to consult with the relevant Education Department districts
 or Provincial Education Departments on how to upgrade to additional REQV levels. Students may be
 allowed to, on the completion of a Postgraduate Diploma, be recognised as meeting the minimum entry
 requirements for  a cognate 180 credit Level 9 Master of Education on the condition that holders of
 Postgraduate Diplomas successfully complete the  required research modules namely Research in
 Education (RSE4801) and Research Project in Education  (HREDU82) with a total of 48 credits  for
 Non Degree Purposes to meet the HEQSF research requirements of at least 30 research credits to
 obtain admission to a  Master of Education degree. This is in addition to the prescribed admission
 requirements for the Master of Education degree.
",,https://www.unisa.ac.za/sites/corporate/default/Register-to-study-through-Unisa/Undergraduate-&-honours-qualifications/Find-your-qualification-&-choose-your-modules/All-qualifications/Postgraduate-Diploma-in-Mathematics-Education-(90175)
Postgraduate Diploma in Psychology of Education (90163),90163,111442,,60,Education,8,120,"Purpose statement:The purpose of the Postgraduate Diploma (PGDip) in Psychology of Education is to develop and strengthen the teachers' knowledge in educational psychology and to understand the role educational psychology can play in teaching and learning and the support that needs to be given to learners. The qualification will enable teachers to undertake reflection and development by means of engaging with current thinking practice. 

Educational psychology teachers and practitioners have an important and fundamental role to play in diverse teaching and learning environments. This qualification therefore aims to contribute to this role by enabling teachers to: ﾕ Develop and consolidate in an integrated way appropriate disciplinary, practical, pedagogical and situational knowledge. 
- Deepen commitment to the principles of quality education for all. 
- Create awareness about uniqueness of each learner and be able to provide reasonable support. 
- Understand the role of learner development and the impact of development on the classroom level. 
- Engage with theories relevant to practice and to incorporate these theories in innovative ways in the classroom. 
- Understand the impact of psychosocial barriers and how to manage this within the classroom. 
- Use research to inform and enhance teaching and learning. 
- Undertake reflection and apply acquired knowledge to a related professional field of practice. 
- Acquire an understanding of certain areas of specialisation and apply this in their own context. 
- Develop learners as active citizens and enable them to develop the dispositions of citizenship in their learners. 
- Promote and develop the dispositions and competences to organise learning among a diverse range of learners. 

It is envisaged that teachers who achieve the Exit Level Outcomes will become innovative in the field of educational psychology. 

The action research method learned from this qualification will enable the qualified teachers and practitioners to conduct their own research and interpret research findings to improve practice. 

The qualification will use a practical, scholarly teaching approach in strengthening and deepening the teachers' knowledge in educational psychology and opening more career pathways.","
Rules:
It is a requirement for students who intend on registering for this qualification to already be
professionally qualified as a teacher. This Postgraduate Diploma is not a PGCE (Postgraduate
Certificate in Education) and, therefore, is not a teaching qualification. NB: This qualification
will not be recognised by the Department of Higher Education and Training should you NOT be in
possession of an approved 4 year professional teaching qualification.
 
 Students who are already in possession of a completed Honours BEd in Psychology of Education (or a
cognate specialisation) cannot be admitted to the Postgraduate Diploma in Psychology of Education
as this qualification will not be recognised by DHET (Department of Higher Education and Training)
for salary purposes or for an additional REQV level.
 
It is the responsibility of the student to consult with the relevant Education Department districts
or Provincial Education Departments on how to upgrade to additional REQV levels.
 
Students may be allowed to, on the completion of a Postgraduate Diploma, be recognised as meeting
the minimum entry requirements for  a cognate 180 credit Level 9 Master of Education on the
condition that holders of Postgraduate Diplomas successfully complete the  required research modules
namely Research in Education (RSE4801) and Research Project in Education  (HREDU82) with a total of
48  credits  for Non Degree Purposes to meet the HEQSF research requirements of at least 30 research
credits to obtain admission to a  Master of Education degree. This is in addition to the prescribed
admission requirements for the Master of Education degree.
",,https://www.unisa.ac.za/sites/corporate/default/Register-to-study-through-Unisa/Undergraduate-&-honours-qualifications/Find-your-qualification-&-choose-your-modules/All-qualifications/Postgraduate-Diploma-in-Psychology-of-Education-(90163)
Postgraduate Diploma in Teaching and Learning Care and Support (90110),90110,109012,,60,Education,8,120,"Purpose statement:The purpose of this qualification is to deepen teachers' knowledge in psychosocial/mental health wellbeing, and ultimately provide them with the necessary skills to implement Care and Support for Teaching Learning (CSTL) in teaching and learning environments. Learners' theoretical understanding is deepened and strengthened by interrogating, appreciating, and contextualising the body of knowledge, observing human rights and taking African philosophies/Indigenous knowledge systems into consideration. Project/problem based work-integrated learning provides teachers with the opportunity to apply theoretical knowledge ethically within their scope of practice. Intellectual independence and accountability are fostered through critical reflection assisting learners to undertake leadership roles by acquiring the necessary skills to apply theory in practice. As a result, teachers are empowered to fulfil their roles as scholars, researchers and lifelong learners, as well as their community, citizenship and pastoral roles. Qualifying learners will acquire counselling, case management, and project management skills to enable them in: Pursuing and sustaining psychosocial wellbeing of learners and teachers by rendering psychosocial care and support. 
 Creating and maintaining a psychosocial safe environment within their own ethical scope of practice. 
","
Rules:
It is a requirement for students who intend on registering for this qualification to already be
professionally qualified as a teacher. This Postgraduate Diploma is not a PGCE (Postgraduate
Certificate in Education) and, therefore, is not a teaching qualification. NB: This qualification
will not be recognised by the Department of Higher Education and Training should you NOT be in
possession of an approved 4 year professional teaching qualification.  Students who are already in
possession of a completed Honours BEd in a cognate specialization cannot be admitted to the
Postgraduate Diploma in Teaching and Learning Care and Support as this qualification will not be
recognised by DHET (Department of Higher Education and Training)  for salary purposes or for an
additional REQV level.  It is the responsibility of the student to consult with the relevant
Education Department districts or Provincial Education Departments on how to upgrade to additional
REQV levels. Students may be allowed to, on the completion of a Postgraduate Diploma, be recognised
as meeting the minimum entry requirements for  a cognate 180 credit Level 9 Master of Education on
the condition that holders of Postgraduate Diplomas successfully complete the required research
modules namely Research in Education (RSE4801) and Research Project in Education (HREDU82) with a
total of 48  credits  for Non Degree Purposes to meet the HEQSF research requirements of at least 30
research credits to obtain admission to a  Master of Education degree. This is in addition to the
prescribed admission requirements for the Master of Education degree.
",,https://www.unisa.ac.za/sites/corporate/default/Register-to-study-through-Unisa/Undergraduate-&-honours-qualifications/Find-your-qualification-&-choose-your-modules/All-qualifications/Postgraduate-Diploma-in-Teaching-and-Learning-Care-and-Support-(90110)
Higher Certificate in Archives and Records Management (98577),98577,86446,,15,Human Sciences,5,120,"Purpose statement:The purpose of this qualification will provide learners with an entry level qualification in the archival and recording keeping field with the necessary underpinning theoretical knowledge and practical skills necessary for them to apply the required technical expertise in the administration and safekeeping of archives and records. 

The need for ensuring that records are kept has become increasingly important and applies to a wide range of sectors and industries. Archiving and record keeping professionals should continue to seek out better ways to meet the ever-changing need of identifying, storing, retrieving, preserving and conserving both information and items through well-structured record classification systems and record keeping systems, while keeping pace with changes in the technological field. 

A learner acquiring this qualification will be able to show responsibility, and independently and effectively manage themselves in the specific culture of the archives and records management environment. In effect, the learners will ensure the effective delivery of relevant and appropriate archives and records management services within the framework of prescribed legislation. 
","
Rules:
This qualification consists of 10 modules.
 
Students should note that during the course of their studies they would be required to have access
to a computer or laptop, printer and the internet.
",,https://www.unisa.ac.za/sites/corporate/default/Register-to-study-through-Unisa/Undergraduate-&-honours-qualifications/Find-your-qualification-&-choose-your-modules/All-qualifications/Higher-Certificate-in-Archives-and-Records-Management-(98577)
Higher Certificate in Social Auxiliary Work Not Applicable (90011),Not Applicable,120,,93971,Human Sciences,90011 - ,5,"
Rules:
This qualification consists of 10 modules.
 
Students must be registered with the SACSSP at the start of their studies.  The Department of Social
Work at UNISA will facilitate registration with the Council at the time of registration or as soon
as possible after registration.
 
STUDENTS WILL NOT BE ABLE TO REGISTER WITHOUT THE POLICE CLEARANCE AND THE TWO TESTIMONIALS.
 
Students should note that during the course of their studies they would be required to have access
to a computer or laptop, printer and the internet.
",APS/AS:,,https://www.unisa.ac.za/sites/corporate/default/Register-to-study-through-Unisa/Undergraduate-&-honours-qualifications/Find-your-qualification-&-choose-your-modules/All-qualifications/Higher-Certificate-in-Social-Auxiliary-Work-Not-Applicable-(90011)
Diploma in Public Relations (90077),90077,97597,,18,Human Sciences,6,360,"Purpose statement:The purpose of this qualification is to give learners who will work as Public Relations practitioners to create and maintain beneficial relationships through in a variety of organisational contexts in a social and ethically responsible manner and using Public Relations tools and principles strategically.  Learners acquiring this qualification will have skills, knowledge and experience to solve problems in a professional communication context by working in a team and individually; Manage administration, including financial administration; Provide organisational support in a communications environment; Exercise ethical conduct, values and professionalism when dealing with clients. Qualifying learners can therefore contribute to effective organisational communication and the quality of communication in the public and private spheres.","
Rules:
This qualification consists of 30 modules.
 
Students should note that during the course of their studies they would be required to have access
to a computer or laptop, printer and the internet.
",,https://www.unisa.ac.za/sites/corporate/default/Register-to-study-through-Unisa/Undergraduate-&-honours-qualifications/Find-your-qualification-&-choose-your-modules/All-qualifications/Diploma-in-Public-Relations-(90077)
Bachelor of Arts (99311 - GEN),99311,14352,,20,Human Sciences,7,360,"Purpose statement:To familiarise learners with the content and basic theories of a number of disciplines in the humanities and social sciences, at the basic and intermediate level, and to provide them with a deeper grasp of one or more of these disciplines taken at exit level (level 6), as well as to enable them to place new knowledge in context and to use appropriate methods for seeking resolution of problems; 
To provide learners with a variety of basic scholarly and intellectual competencies, including the ability to question critically the assumptions of a limited range of theories and authorities, and to develop an understanding of elementary research methods used within one or more disciplines; 
To equip learners with the ability to give an accurate account of scholarly positions and the competence to express their own opinions clearly and coherently, both in written and oral communication; 
To prepare learners for post learner study; 
To provide learners with a well-rounded and broad education across a number of disciplines, thus preparing them for a wide range of professions crucial to the welfare of society; 
To produce learners who are able to think laterally, critically and creatively; 
To produce learners who are prepared for life-long learning; 
To produce learners who understand the principles of, and are capable of critical citizenship. 
","
Rules:
RULES:   The curriculum for the BA General degree consists of:
 
          a.   THIRTY MODULES
          b.   An approved combination of TWO major subjects
          c.   FIVE Fundamental modules from GROUP B
          d.   Elective modules from GROUP C
          e.   Not more than EIGHT of the thirty modules may be selected on the first level (NQF
                level 5)
          f.    Not more than TWELVE of the thirty modules may be selected on the second level (NQF
                level 6)
          g.   At least TEN modules must be on the third level (NQF level 7)
          h.   Students may select both majors from the College of Human Sciences GROUP A
 
                                                                 OR
 
          i.   Students may select one major from the College of Human Sciences GROUP A and one
               major outside the college GROUP AA
          j.   Students are not allowed to select two major subjects outside the College of Human
               Sciences GROUP AA
         k.   The BA General degree cannot be completed in less than THREE years
 
NB: Below is the link for major combinations for group A and AA:
https://www.unisa.ac.za/static/corporate_web/Content/registration/2024_BA_General_Majors.pdf
 
For major combinations kindly refer to the link below for myModules:
https://www.unisa.ac.za/sites/corporate/default/Register-to-study-through-Unisa/Subjects-&-modules/A
",,https://www.unisa.ac.za/sites/corporate/default/Register-to-study-through-Unisa/Undergraduate-&-honours-qualifications/Find-your-qualification-&-choose-your-modules/All-qualifications/Bachelor-of-Arts-(99311-–-GEN)
Bachelor of Arts (Culture and Arts) Multimedia Studies: Audiovisual Multimedia (02305 - MA1),Multimedia Studies: Audiovisual Multimedia,360,,14692,Human Sciences,02305 - MA1,6,"
Rules:
This qualification consists of 25 modules.
 
Students must obtain prior written permission for admission to the degree from the Department of Art
and Music.
 
Prospective students are required to submit a portfolio of artwork consisting of four drawings and
four paintings or photographic / digital documentation thereof together with a completed
questionnaire and record of personal details. The form may be downloaded from the departmental
website or obtained from the Departmental secretary (Tel: +2712 429 6798).
 
The permission form must be submitted together with the student's first application for
registration.  Students who intend registering for this degree, and who are required to do the
access course prior to registration, are required to submit a portfolio to obtain permission to
study through this department. Workshop attendance: Students are strongly advised to attend
the two workshops at one of the university's approved centres.  Workshops are normally conducted at
least twice a year, for a period of approximately three to five days each, in the following cities:
Cape Town, Pretoria and Durban.  Further details are sent to the students concerned early in the
year.
 
Students and prospective students who will not be able to attend the workshops at one of the centres
listed above, must consult the Department of Art History, Visual Arts and Musicology (Tel: +2712 429
6798) in connection with possible alternative arrangements before they apply for registration for
any practical module. Overseas students must take note of all the compulsory requirements above.
 
Students should note that during the course of their studies they would be required to have access
to a computer or laptop, printer and the internet.
 
Some of the pre-requisites and/ or co-requisites outlined in this qualification may not apply as
they do not form part of the curriculum.
",APS/AS:,,https://www.unisa.ac.za/sites/corporate/default/Register-to-study-through-Unisa/Undergraduate-&-honours-qualifications/Find-your-qualification-&-choose-your-modules/All-qualifications/Bachelor-of-Arts-(Culture-and-Arts)-Multimedia-Studies:-Audiovisual-Multimedia-(02305-–-MA1)
Bachelor of Arts (Culture and Arts) Multimedia Studies: Computer-Generated Multimedia (02305 - MC1),Multimedia Studies: Computer-Generated Multimedia,360,,14692,Human Sciences,02305 - MC1,6,"
Rules:
This qualification consists of 25 modules.
 
Students must obtain prior written permission for admission to the degree from the Department of Art
and Music.
 
Prospective students are required to submit a portfolio of artwork consisting of four drawings and
four paintings or photographic/digital documentation thereof together with a completed questionnaire
and record of personal details. The form may be downloaded from the departmental website or obtained
from the Departmental secretary (Tel: +2712 429 6798).
 
The permission form must be submitted together with the student's first application for
registration. Students who intend registering for this degree, and who are required to do the access
course prior to registration, are required to submit a portfolio to obtain permission to study
through this department. Workshop attendance: Students are strongly advised to attend the two
workshops at one of the university's approved centres. Workshops are normally conducted at least
twice a year, for a period of approximately three to five days each, in the following cities: Cape
Town, Pretoria and Durban. Further details are sent to the students concerned early in the year.
 
Students and prospective students who will not be able to attend the workshops at one of the centres
listed above, must consult the Department of Art and Music (Tel: +2712 429 6798) in connection with
possible alternative arrangements before they apply for registration for any practical module.
Overseas students must take note of all the compulsory requirements above.
 
Students should note that during the course of their studies they would be required to have access
to a computer or laptop, printer and the internet.
 
Some of the pre-requisites and/ or co-requisites outlined in this qualification may not apply as
they do not form part of the curriculum.
",APS/AS:,,https://www.unisa.ac.za/sites/corporate/default/Register-to-study-through-Unisa/Undergraduate-&-honours-qualifications/Find-your-qualification-&-choose-your-modules/All-qualifications/Bachelor-of-Arts-(Culture-and-Arts)-Multimedia-Studies:-Computer–Generated-Multimedia-(02305-–-MC1)
Bachelor of Arts (Culture and Arts) Multimedia Studies: Multimedia in Digital Visual Arts (02305 - MMD),Multimedia Studies: Multimedia in Digital Visual Arts,360,,14692,Human Sciences,02305 - MMD,6,"
Rules:
This qualification consists of 24 modules.
 
Prospective students must obtain prior written permission for admission to the degree from the
Department of Art and Music.
 
Students are required to submit a portfolio of artwork consisting of four drawings and four
paintings or photographic/digital documentation thereof together with a completed questionnaire and
record of personal details. The form may be downloaded from the departmental website or obtained
from the Departmental secretary (Tel: +2712 429 6798). The permission form must be submitted
together with the student's first application for registration. Students who intend registering for
this degree, and who are required
to do the access course prior to registration, are required to submit a portfolio to obtain
permission to study through this department. Workshop attendance: Students are strongly advised to
attend the two workshops at one of the university's approved centres. Workshops are normally
conducted at least twice a year, for a period of approximately three to five days each, in the
following cities: Cape Town, Pretoria and Durban. Further details are sent to the students concerned
early in the year.
 
Students and prospective students who will not be able to attend the workshops at one of the centres
listed above, must consult the Department of Art and Music (Tel: +2712 429 6686) in connection with
possible alternative arrangements before they apply for registration for any practical module.
Overseas students must take note of all the compulsory requirements above.
 
Students should note that during the course of their studies they would be required to have access
to a computer or laptop, printer and the internet.
 
Some of the pre-requisites and/ or co-requisites outlined in this qualification may not apply as
they do not form part of the curriculum.
",APS/AS:,,https://www.unisa.ac.za/sites/corporate/default/Register-to-study-through-Unisa/Undergraduate-&-honours-qualifications/Find-your-qualification-&-choose-your-modules/All-qualifications/Bachelor-of-Arts-(Culture-and-Arts)-Multimedia-Studies:-Multimedia-in-Digital-Visual-Arts-(02305-–-MMD)
Bachelor of Arts (Culture and Arts) Multimedia Studies: Visual Multimedia (02305 - MV1),Multimedia Studies: Visual Multimedia,360,,14692,Human Sciences,02305 - MV1,6,"
Rules:
This qualification consists of 24 modules.
 
Students must obtain prior written permission for admission to  the degree from the Department of
Art and Music.
 
Students are required to submit a portfolio of artwork  consisting of four drawings and four
paintings or photographic/digital documentation thereof together with a completed questionnaire and
record  of personal details. The
form may be downloaded from the departmental website or obtained from the Departmental secretary
(Tel: +2712 429 6798). The permission form must be submitted together with the student's first
application for registration. Students who intend registering for this degree, and who are required
to do the access course prior to registration, are required to submit a portfolio to obtain
permission to study through this department. Workshop attendance: Students are strongly advised to
attend the two workshops at one of the university's approved centres.  Workshops are normally
conducted at least twice a year, for a period of approximately three to five days each, in the
following cities: Cape Town, Pretoria and Durban. Further details are sent to the students concerned
early in the year.
 
Students and prospective students who will not be able to attend the workshops at one of the centres
listed above, must consult the Department of Art and Music (Tel: +2712 429 6798) in connection with
possible alternative arrangements before they apply for registration for any practical module.
Overseas students must take note of all the compulsory requirements above.
 
Students should note that during the course of their studies they would be required to have access
to a computer or laptop, printer and the internet.
 
Some of the pre-requisites and/ or co-requisites outlined in this qualification may not apply as
they do not form part of the curriculum.
",APS/AS:,,https://www.unisa.ac.za/sites/corporate/default/Register-to-study-through-Unisa/Undergraduate-&-honours-qualifications/Find-your-qualification-&-choose-your-modules/All-qualifications/Bachelor-of-Arts-(Culture-and-Arts)-Multimedia-Studies:-Visual-Multimedia-(02305-–-MV1)
Bachelor of Arts (Health Sciences and Social Services) Applied Psychology for Professional Contexts (02313 - APP),Applied Psychology for Professional Contexts,360,,15934,Human Sciences,02313 - APP,6,"
Rules:
This qualification consists of 30 modules with Applied Psychology for Professional Contexts
indicated as the MAJOR.
 
Students should note that during the course of their studies they would be required to have access
to a computer or laptop, printer and the internet.
",APS/AS:,,https://www.unisa.ac.za/sites/corporate/default/Register-to-study-through-Unisa/Undergraduate-&-honours-qualifications/Find-your-qualification-&-choose-your-modules/All-qualifications/Bachelor-of-Arts-(Health-Sciences-and-Social-Services)-Applied-Psychology-for-Professional-Contexts-(02313-–-APP)
Bachelor of Arts (Health Sciences and Social Services) Community and Health Psychology (02313 - CHP),Community and Health Psychology,360,,15934,Human Sciences,02313 - CHP,6,"
Rules:
This qualification consists of 30 modules with Community and Health Psychology indicated as the
MAJOR.
 
Students should note that during the course of their studies they would be required to have access
to a computer or laptop, printer and the internet.
 
Some of the pre-requisites and/ or co-requisites outlined in this qualification may not apply as
they do not form part of the curriculum.
",APS/AS:,,https://www.unisa.ac.za/sites/corporate/default/Register-to-study-through-Unisa/Undergraduate-&-honours-qualifications/Find-your-qualification-&-choose-your-modules/All-qualifications/Bachelor-of-Arts-(Health-Sciences-and-Social-Services)-Community-and-Health-Psychology-(02313-–-CHP)
Bachelor of Arts (Health Sciences and Social Services) Psychological Counselling (02313 - COU),Psychological Counselling,360,,15934,Human Sciences,02313 - COU,6,"
Rules:
This qualification consists of 30 modules with Psychological Counselling indicated as the MAJOR.
 
Students should note that during the course of their studies they would be required to have access
to a computer or laptop, printer and the internet.
 
Some of the pre-requisites and/ or co-requisites outlined in this qualification may not apply as
they do not form part of the curriculum.
",APS/AS:,,https://www.unisa.ac.za/sites/corporate/default/Register-to-study-through-Unisa/Undergraduate-&-honours-qualifications/Find-your-qualification-&-choose-your-modules/All-qualifications/Bachelor-of-Arts-(Health-Sciences-and-Social-Services)-Psychological-Counselling-(02313-–-COU)
Bachelor of Arts African Languages and African Politics (99311 - APO),African Languages and African Politics,360,,14352,Human Sciences,99311 - APO,7,"
Rules:
This qualification consists of 30 modules.
 
Students should note that during the course of their studies they would be required to have access
to a computer or laptop, printer and the internet.
",APS/AS:,,https://www.unisa.ac.za/sites/corporate/default/Register-to-study-through-Unisa/Undergraduate-&-honours-qualifications/Find-your-qualification-&-choose-your-modules/All-qualifications/Bachelor-of-Arts-African-Languages-and-African-Politics-(99311-–-APO)
Bachelor of Arts African Languages and Art History (99311 - ALA),African Languages and Art History,360,,14352,Human Sciences,99311 - ALA,7,"
Rules:
This qualification consists of 30 modules.
 
Students should note that during the course of their studies they would be required to have access
to a computer or laptop, printer and the internet.
",APS/AS:,,https://www.unisa.ac.za/sites/corporate/default/Register-to-study-through-Unisa/Undergraduate-&-honours-qualifications/Find-your-qualification-&-choose-your-modules/All-qualifications/Bachelor-of-Arts-African-Languages-and-Art-History-(99311-–-ALA)
Bachelor of Arts African Languages and Communication Science (99311 - ALS),African Languages and Communication Science,360,,14352,Human Sciences,99311 - ALS,7,"
Rules:
This qualification consists of 30 modules.
 
Students should note that during the course of their studies they would be required to have access
to a computer or laptop, printer and the internet.
",APS/AS:,,https://www.unisa.ac.za/sites/corporate/default/Register-to-study-through-Unisa/Undergraduate-&-honours-qualifications/Find-your-qualification-&-choose-your-modules/All-qualifications/Bachelor-of-Arts-African-Languages-and-Communication-Science-(99311-–-ALS)
Bachelor of Arts African Languages and Criminology (99311 - ALC),African Languages and Criminology,360,,14352,Human Sciences,99311 - ALC,7,"
Rules:
This qualification consists of 30 modules.
 
Students should note that during the course of their studies they would be required to have access
to a computer or laptop, printer and the internet.
",APS/AS:,,https://www.unisa.ac.za/sites/corporate/default/Register-to-study-through-Unisa/Undergraduate-&-honours-qualifications/Find-your-qualification-&-choose-your-modules/All-qualifications/Bachelor-of-Arts-African-Languages-and-Criminology-(99311-–-ALC)
Bachelor of Arts African Languages and Economics (99311 - ALE),African Languages and Economics,360,,14352,Human Sciences,99311 - ALE,7,"
Rules:
This qualification consists of 30 modules.
 
Students should note that during the course of their studies they would be required to have access
to a computer or laptop, printer and the internet.
",APS/AS:,,https://www.unisa.ac.za/sites/corporate/default/Register-to-study-through-Unisa/Undergraduate-&-honours-qualifications/Find-your-qualification-&-choose-your-modules/All-qualifications/Bachelor-of-Arts-African-Languages-and-Economics-(99311-–-ALE)
Bachelor of Arts African Languages and Geography (99311 - ALG),African Languages and Geography,360,,14352,Human Sciences,99311 - ALG,7,"
Rules:
This qualification consists of 30 modules.
 
Students should note that during the course of their studies they would be required to have access
to a computer or laptop, printer and the internet.
",APS/AS:,,https://www.unisa.ac.za/sites/corporate/default/Register-to-study-through-Unisa/Undergraduate-&-honours-qualifications/Find-your-qualification-&-choose-your-modules/All-qualifications/Bachelor-of-Arts-African-Languages-and-Geography-(99311-–-ALG)
Bachelor of Arts African Languages and History (99311 - ALH),African Languages and History,360,,14352,Human Sciences,99311 - ALH,7,"
Rules:
This qualification consists of 30 modules.
 
Students should note that during the course of their studies they would be required to have access
to a computer or laptop, printer and the internet.
",APS/AS:,,https://www.unisa.ac.za/sites/corporate/default/Register-to-study-through-Unisa/Undergraduate-&-honours-qualifications/Find-your-qualification-&-choose-your-modules/All-qualifications/Bachelor-of-Arts-African-Languages-and-History-(99311-–-ALH)
Bachelor of Arts African Languages and Information Science (99311 - AIN),African Languages and Information Science,360,,14352,Human Sciences,99311 - AIN,7,"
Rules:
This qualification consists of 30 modules.
 
Students should note that during the course of their studies they would be required to have access
to a computer or laptop, printer and the internet.
",APS/AS:,,https://www.unisa.ac.za/sites/corporate/default/Register-to-study-through-Unisa/Undergraduate-&-honours-qualifications/Find-your-qualification-&-choose-your-modules/All-qualifications/Bachelor-of-Arts-African-Languages-and-Information-Science-(99311-–-AIN)
Bachelor of Arts African Languages and Linguistics (99311 - ALL),African Languages and Linguistics,360,,14352,Human Sciences,99311 - ALL,7,"
Rules:
This qualification consists of 30 modules.
 
Students should note that during the course of their studies they would be required to have access
to a computer or laptop, printer and the internet.
",APS/AS:,,https://www.unisa.ac.za/sites/corporate/default/Register-to-study-through-Unisa/Undergraduate-&-honours-qualifications/Find-your-qualification-&-choose-your-modules/All-qualifications/Bachelor-of-Arts-African-Languages-and-Linguistics-(99311-–-ALL)
Bachelor of Arts African Languages and Psychology (99311 - ALP),African Languages and Psychology,360,,14352,Human Sciences,99311 - ALP,7,"
Rules:
This qualification consists of 30 modules.
 
Students should note that during the course of their studies they would be required to have access
to a computer or laptop, printer and the internet.
",APS/AS:,,https://www.unisa.ac.za/sites/corporate/default/Register-to-study-through-Unisa/Undergraduate-&-honours-qualifications/Find-your-qualification-&-choose-your-modules/All-qualifications/Bachelor-of-Arts-African-Languages-and-Psychology-(99311-–-ALP)
Bachelor of Arts African Languages and Public Administration (99311 - APA),African Languages and Public Administration,360,,14352,Human Sciences,99311 - APA,7,"
Rules:
This qualification consists of 30 modules.
 
Students should note that during the course of their studies they would be required to have access
to a computer or laptop, printer and the internet.
",APS/AS:,,https://www.unisa.ac.za/sites/corporate/default/Register-to-study-through-Unisa/Undergraduate-&-honours-qualifications/Find-your-qualification-&-choose-your-modules/All-qualifications/Bachelor-of-Arts-African-Languages-and-Public-Administration-(99311-–-APA)
Bachelor of Arts African Politics and Politics (99311 - APP),African Politics and Politics,360,,14352,Human Sciences,99311 - APP,7,"
Rules:
This qualification consists of 30 modules.
 
Students should note that during the course of their studies they would be required to have access
to a computer or laptop, printer and the internet.
",APS/AS:,,https://www.unisa.ac.za/sites/corporate/default/Register-to-study-through-Unisa/Undergraduate-&-honours-qualifications/Find-your-qualification-&-choose-your-modules/All-qualifications/Bachelor-of-Arts-African-Politics-and-Politics-(99311-–-APP)
Bachelor of Arts African Politics and Private Law (99311 - APL),African Politics and Private Law,360,,14352,Human Sciences,99311 - APL,7,"
Rules:
This qualification consists of 30 modules.
 
Students should note that during the course of their studies they would be required to have access
to a computer or laptop, printer and the internet.
",APS/AS:,,https://www.unisa.ac.za/sites/corporate/default/Register-to-study-through-Unisa/Undergraduate-&-honours-qualifications/Find-your-qualification-&-choose-your-modules/All-qualifications/Bachelor-of-Arts-African-Politics-and-Private-Law-(99311-–-APL)
Bachelor of Arts Afrikaans and Economics (99311 - AEC),Afrikaans and Economics,360,,14352,Human Sciences,99311 - AEC,7,"
Rules:
This qualification consists of 30 modules.
 
Students should note that during the course of their studies they would be required to have access
to a computer or laptop, printer and the internet.
",APS/AS:,,https://www.unisa.ac.za/sites/corporate/default/Register-to-study-through-Unisa/Undergraduate-&-honours-qualifications/Find-your-qualification-&-choose-your-modules/All-qualifications/Bachelor-of-Arts-Afrikaans-and-Economics-(99311-–-AEC)
Bachelor of Arts Afrikaans and Geography (99311 - AGE),Afrikaans and Geography,360,,14352,Human Sciences,99311 - AGE,7,"
Rules:
This qualification consists of 30 modules.
 
Students should note that during the course of their studies they would be required to have access
to a computer or laptop, printer and the internet.
",APS/AS:,,https://www.unisa.ac.za/sites/corporate/default/Register-to-study-through-Unisa/Undergraduate-&-honours-qualifications/Find-your-qualification-&-choose-your-modules/All-qualifications/Bachelor-of-Arts-Afrikaans-and-Geography-(99311-–-AGE)
Bachelor of Arts Afrikaans and History (99311 - AHI),Afrikaans and History,360,,14352,Human Sciences,99311 - AHI,7,"
Rules:
This qualification consists of 30 modules.
 
Students should note that during the course of their studies they would be required to have access
to a computer or laptop, printer and the internet.
",APS/AS:,,https://www.unisa.ac.za/sites/corporate/default/Register-to-study-through-Unisa/Undergraduate-&-honours-qualifications/Find-your-qualification-&-choose-your-modules/All-qualifications/Bachelor-of-Arts-Afrikaans-and-History-(99311-–-AHI)
Bachelor of Arts Afrikaans and Private Law (99311 - AFL),Afrikaans and Private Law,360,,14352,Human Sciences,99311 - AFL,7,"
Rules:
This qualification consists of 30 modules.
 
Students should note that during the course of their studies they would be required to have access
to a computer or laptop, printer and the internet.
",APS/AS:,,https://www.unisa.ac.za/sites/corporate/default/Register-to-study-through-Unisa/Undergraduate-&-honours-qualifications/Find-your-qualification-&-choose-your-modules/All-qualifications/Bachelor-of-Arts-Afrikaans-and-Private-Law-(99311-–-AFL)
Bachelor of Arts Anthropology and Communication Science (99311 - ANC),Anthropology and Communication Science,360,,14352,Human Sciences,99311 - ANC,7,"
Rules:
This qualification consists of 30 modules.
 
Students should note that during the course of their studies they would be required to have access
to a computer or laptop, printer and the internet.
",APS/AS:,,https://www.unisa.ac.za/sites/corporate/default/Register-to-study-through-Unisa/Undergraduate-&-honours-qualifications/Find-your-qualification-&-choose-your-modules/All-qualifications/Bachelor-of-Arts-Anthropology-and-Communication-Science-(99311-–-ANC)
Bachelor of Arts Anthropology and Economics (99311 - ANE),Anthropology and Economics,360,,14352,Human Sciences,99311 - ANE,7,"
Rules:
This qualification consists of 30 modules.
 
Students should note that during the course of their studies they would be required to have access
to a computer or laptop, printer and the internet.
",APS/AS:,,https://www.unisa.ac.za/sites/corporate/default/Register-to-study-through-Unisa/Undergraduate-&-honours-qualifications/Find-your-qualification-&-choose-your-modules/All-qualifications/Bachelor-of-Arts-Anthropology-and-Economics-(99311-–-ANE)
Bachelor of Arts Anthropology and Geography (99311 - ANG),Anthropology and Geography,360,,14352,Human Sciences,99311 - ANG,7,"
Rules:
This qualification consists of 30 modules.
 
Students should note that during the course of their studies they would be required to have access
to a computer or laptop, printer and the internet.
",APS/AS:,,https://www.unisa.ac.za/sites/corporate/default/Register-to-study-through-Unisa/Undergraduate-&-honours-qualifications/Find-your-qualification-&-choose-your-modules/All-qualifications/Bachelor-of-Arts-Anthropology-and-Geography-(99311-–-ANG)
Bachelor of Arts Anthropology and History (99311 - ANH),Anthropology and History,360,,14352,Human Sciences,99311 - ANH,7,"
Rules:
This qualification consists of 30 modules.
 
Students should note that during the course of their studies they would be required to have access
to a computer or laptop, printer and the internet.
",APS/AS:,,https://www.unisa.ac.za/sites/corporate/default/Register-to-study-through-Unisa/Undergraduate-&-honours-qualifications/Find-your-qualification-&-choose-your-modules/All-qualifications/Bachelor-of-Arts-Anthropology-and-History-(99311-–-ANH)
Bachelor of Arts Anthropology and Linguistics (99311 - ANL),Anthropology and Linguistics,360,,14352,Human Sciences,99311 - ANL,7,"
Rules:
This qualification consists of 30 modules.
 
Students should note that during the course of their studies they would be required to have access
to a computer or laptop, printer and the internet.
",APS/AS:,,https://www.unisa.ac.za/sites/corporate/default/Register-to-study-through-Unisa/Undergraduate-&-honours-qualifications/Find-your-qualification-&-choose-your-modules/All-qualifications/Bachelor-of-Arts-Anthropology-and-Linguistics-(99311-–-ANL)
Bachelor of Arts Anthropology and Psychology (99311 - ANP),Anthropology and Psychology,360,,14352,Human Sciences,99311 - ANP,7,"
Rules:
This qualification consists of 30 modules.
 
Students should note that during the course of their studies they would be required to have access
to a computer or laptop, printer and the internet.
",APS/AS:,,https://www.unisa.ac.za/sites/corporate/default/Register-to-study-through-Unisa/Undergraduate-&-honours-qualifications/Find-your-qualification-&-choose-your-modules/All-qualifications/Bachelor-of-Arts-Anthropology-and-Psychology-(99311-–-ANP)
Bachelor of Arts Anthropology and Theology (99311 - ANT),Anthropology and Theology,360,,14352,Human Sciences,99311 - ANT,7,"
Rules:
This qualification consists of 30 modules.
 
Students should note that during the course of their studies they would be required to have access
to a computer or laptop, printer and the internet.
",APS/AS:,,https://www.unisa.ac.za/sites/corporate/default/Register-to-study-through-Unisa/Undergraduate-&-honours-qualifications/Find-your-qualification-&-choose-your-modules/All-qualifications/Bachelor-of-Arts-Anthropology-and-Theology-(99311-–-ANT)
Bachelor of Arts Arabic and Mandarin Chinese (99311 - AMC),Arabic and Mandarin Chinese,360,,14352,Human Sciences,99311 - AMC,7,"
Rules:
This qualification consists of 30 modules.
 
Students should note that during the course of their studies they would be required to have access
to a computer or laptop, printer and the internet.
",APS/AS:,,https://www.unisa.ac.za/sites/corporate/default/Register-to-study-through-Unisa/Undergraduate-&-honours-qualifications/Find-your-qualification-&-choose-your-modules/All-qualifications/Bachelor-of-Arts-Arabic-and-Mandarin-Chinese-(99311-–-AMC)
Bachelor of Arts Arabic and Theology (99311 - ATH),Arabic and Theology,360,,14352,Human Sciences,99311 - ATH,7,"
Rules:
This qualification consists of 30 modules.
 
Students should note that during the course of their studies they would be required to have access
to a computer or laptop, printer and the internet.
",APS/AS:,,https://www.unisa.ac.za/sites/corporate/default/Register-to-study-through-Unisa/Undergraduate-&-honours-qualifications/Find-your-qualification-&-choose-your-modules/All-qualifications/Bachelor-of-Arts-Arabic-and-Theology-(99311-–-ATH)
Bachelor of Arts Archaeology and African Languages (99311 - AAL),Archaeology and African Languages,360,,14352,Human Sciences,99311 - AAL,7,"
Rules:
This qualification consists of 30 modules.
 
Students should note that during the course of their studies they would be required to have access
to a computer or laptop, printer and the internet.
",APS/AS:,,https://www.unisa.ac.za/sites/corporate/default/Register-to-study-through-Unisa/Undergraduate-&-honours-qualifications/Find-your-qualification-&-choose-your-modules/All-qualifications/Bachelor-of-Arts-Archaeology-and-African-Languages-(99311-–-AAL)
Bachelor of Arts Archaeology and African Politics (99311 - AAP),Archaeology and African Politics,360,,14352,Human Sciences,99311 - AAP,7,"
Rules:
This qualification consists of 30 modules.
 
Students should note that during the course of their studies they would be required to have access
to a computer or laptop, printer and the internet.
",APS/AS:,,https://www.unisa.ac.za/sites/corporate/default/Register-to-study-through-Unisa/Undergraduate-&-honours-qualifications/Find-your-qualification-&-choose-your-modules/All-qualifications/Bachelor-of-Arts-Archaeology-and-African-Politics-(99311-–-AAP)
Bachelor of Arts Archaeology and Anthropology (99311 - AAN),Archaeology and Anthropology,360,,14352,Human Sciences,99311 - AAN,7,"
Rules:
This qualification consists of 30 modules.
 
Students should note that during the course of their studies they would be required to have access
to a computer or laptop, printer and the internet.
",APS/AS:,,https://www.unisa.ac.za/sites/corporate/default/Register-to-study-through-Unisa/Undergraduate-&-honours-qualifications/Find-your-qualification-&-choose-your-modules/All-qualifications/Bachelor-of-Arts-Archaeology-and-Anthropology-(99311-–-AAN)
Bachelor of Arts Archaeology and Archives and Records Management (99311 - AAR),Archaeology and Archives and Records Management,360,,14352,Human Sciences,99311 - AAR,7,"
Rules:
This qualification consists of 30 modules.
 
Students should note that during the course of their studies they would be required to have access
to a computer or laptop, printer and the internet.
",APS/AS:,,https://www.unisa.ac.za/sites/corporate/default/Register-to-study-through-Unisa/Undergraduate-&-honours-qualifications/Find-your-qualification-&-choose-your-modules/All-qualifications/Bachelor-of-Arts-Archaeology-and-Archives-and-Records-Management-(99311-–-AAR)
Bachelor of Arts Archaeology and Art History (99311 - AAH),Archaeology and Art History,360,,14352,Human Sciences,99311 - AAH,7,"
Rules:
This qualification consists of 30 modules.
 
Students should note that during the course of their studies they would be required to have access
to a computer or laptop, printer and the internet.
",APS/AS:,,https://www.unisa.ac.za/sites/corporate/default/Register-to-study-through-Unisa/Undergraduate-&-honours-qualifications/Find-your-qualification-&-choose-your-modules/All-qualifications/Bachelor-of-Arts-Archaeology-and-Art-History-(99311-–-AAH)
Bachelor of Arts Archaeology and Classical Culture (99311 - ACC),Archaeology and Classical Culture,360,,14352,Human Sciences,99311 - ACC,7,"
Rules:
This qualification consists of 30 modules.
 
Students should note that during the course of their studies they would be required to have access
to a computer or laptop, printer and the internet.
",APS/AS:,,https://www.unisa.ac.za/sites/corporate/default/Register-to-study-through-Unisa/Undergraduate-&-honours-qualifications/Find-your-qualification-&-choose-your-modules/All-qualifications/Bachelor-of-Arts-Archaeology-and-Classical-Culture-(99311-–-ACC)
Bachelor of Arts Archaeology and Communication Science (99311 - ACS),Archaeology and Communication Science,360,,14352,Human Sciences,99311 - ACS,7,"
Rules:
This qualification consists of 30 modules.
 
Students should note that during the course of their studies they would be required to have access
to a computer or laptop, printer and the internet.
",APS/AS:,,https://www.unisa.ac.za/sites/corporate/default/Register-to-study-through-Unisa/Undergraduate-&-honours-qualifications/Find-your-qualification-&-choose-your-modules/All-qualifications/Bachelor-of-Arts-Archaeology-and-Communication-Science-(99311-–-ACS)
Bachelor of Arts Archaeology and Criminology (99311 - ACR),Archaeology and Criminology,360,,14352,Human Sciences,99311 - ACR,7,"
Rules:
This qualification consists of 30 modules.
 
Students should note that during the course of their studies they would be required to have access
to a computer or laptop, printer and the internet.
",APS/AS:,,https://www.unisa.ac.za/sites/corporate/default/Register-to-study-through-Unisa/Undergraduate-&-honours-qualifications/Find-your-qualification-&-choose-your-modules/All-qualifications/Bachelor-of-Arts-Archaeology-and-Criminology-(99311-–-ACR)
Bachelor of Arts Archaeology and Development Studies (99311 - ADS),Archaeology and Development Studies,360,,14352,Human Sciences,99311 - ADS,7,"
Rules:
This qualification consists of 30 modules.
 
Students should note that during the course of their studies they would be required to have access
to a computer or laptop, printer and the internet.
",APS/AS:,,https://www.unisa.ac.za/sites/corporate/default/Register-to-study-through-Unisa/Undergraduate-&-honours-qualifications/Find-your-qualification-&-choose-your-modules/All-qualifications/Bachelor-of-Arts-Archaeology-and-Development-Studies-(99311-–-ADS)
Bachelor of Arts Archaeology and Economics (99311 - ARE),Archaeology and Economics,360,,14352,Human Sciences,99311 - ARE,7,"
Rules:
This qualification consists of 30 modules.
 
Students should note that during the course of their studies they would be required to have access
to a computer or laptop, printer and the internet.
",APS/AS:,,https://www.unisa.ac.za/sites/corporate/default/Register-to-study-through-Unisa/Undergraduate-&-honours-qualifications/Find-your-qualification-&-choose-your-modules/All-qualifications/Bachelor-of-Arts-Archaeology-and-Economics-(99311-–-ARE)
Bachelor of Arts Archaeology and French (99311 - AFR),Archaeology and French,360,,14352,Human Sciences,99311 - AFR,7,"
Rules:
This qualification consists of 30 modules.
 
Students should note that during the course of their studies they would be required to have access
to a computer or laptop, printer and the internet.
",APS/AS:,,https://www.unisa.ac.za/sites/corporate/default/Register-to-study-through-Unisa/Undergraduate-&-honours-qualifications/Find-your-qualification-&-choose-your-modules/All-qualifications/Bachelor-of-Arts-Archaeology-and-French-(99311-–-AFR)
Bachelor of Arts Archaeology and Geography (99311 - ARG),Archaeology and Geography,360,,14352,Human Sciences,99311 - ARG,7,"
Rules:
This qualification consists of 30 modules.
 
Students should note that during the course of their studies they would be required to have access
to a computer or laptop, printer and the internet.
",APS/AS:,,https://www.unisa.ac.za/sites/corporate/default/Register-to-study-through-Unisa/Undergraduate-&-honours-qualifications/Find-your-qualification-&-choose-your-modules/All-qualifications/Bachelor-of-Arts-Archaeology-and-Geography-(99311-–-ARG)
Bachelor of Arts Archaeology and History (99311 - ARH),Archaeology and History,360,,14352,Human Sciences,99311 - ARH,7,"
Rules:
This qualification consists of 30 modules.
 
Students should note that during the course of their studies they would be required to have access
to a computer or laptop, printer and the internet.
",APS/AS:,,https://www.unisa.ac.za/sites/corporate/default/Register-to-study-through-Unisa/Undergraduate-&-honours-qualifications/Find-your-qualification-&-choose-your-modules/All-qualifications/Bachelor-of-Arts-Archaeology-and-History-(99311-–-ARH)
Bachelor of Arts Archaeology and Industrial and Organisational Psychology (99311 - AIO),Archaeology and Industrial and Organisational Psychology,360,,14352,Human Sciences,99311 - AIO,7,"
Rules:
This qualification consists of 30 modules.
 
Students should note that during the course of their studies they would be required to have access
to a computer or laptop, printer and the internet.
",APS/AS:,,https://www.unisa.ac.za/sites/corporate/default/Register-to-study-through-Unisa/Undergraduate-&-honours-qualifications/Find-your-qualification-&-choose-your-modules/All-qualifications/Bachelor-of-Arts-Archaeology-and-Industrial-and-Organisational-Psychology-(99311-–-AIO)
Bachelor of Arts Archaeology and Information Science (99311 - AIS),Archaeology and Information Science,360,,14352,Human Sciences,99311 - AIS,7,"
Rules:
This qualification consists of 30 modules.
 
Students should note that during the course of their studies they would be required to have access
to a computer or laptop, printer and the internet.
",APS/AS:,,https://www.unisa.ac.za/sites/corporate/default/Register-to-study-through-Unisa/Undergraduate-&-honours-qualifications/Find-your-qualification-&-choose-your-modules/All-qualifications/Bachelor-of-Arts-Archaeology-and-Information-Science-(99311-–-AIS)
Bachelor of Arts Archaeology and Linguistics (99311 - ALI),Archaeology and Linguistics,360,,14352,Human Sciences,99311 - ALI,7,"
Rules:
This qualification consists of 30 modules.
 
Students should note that during the course of their studies they would be required to have access
to a computer or laptop, printer and the internet.
",APS/AS:,,https://www.unisa.ac.za/sites/corporate/default/Register-to-study-through-Unisa/Undergraduate-&-honours-qualifications/Find-your-qualification-&-choose-your-modules/All-qualifications/Bachelor-of-Arts-Archaeology-and-Linguistics-(99311-–-ALI)
Bachelor of Arts Archaeology and Mandarin Chinese (99311 - ACH),Archaeology and Mandarin Chinese,360,,14352,Human Sciences,99311 - ACH,7,"
Rules:
This qualification consists of 30 modules.
 
Students should note that during the course of their studies they would be required to have access
to a computer or laptop, printer and the internet.
",APS/AS:,,https://www.unisa.ac.za/sites/corporate/default/Register-to-study-through-Unisa/Undergraduate-&-honours-qualifications/Find-your-qualification-&-choose-your-modules/All-qualifications/Bachelor-of-Arts-Archaeology-and-Mandarin-Chinese-(99311-–-ACH)
Bachelor of Arts Archaeology and Philosophy (99311 - APH),Archaeology and Philosophy,360,,14352,Human Sciences,99311 - APH,7,"
Rules:
This qualification consists of 30 modules.
 
Students should note that during the course of their studies they would be required to have access
to a computer or laptop, printer and the internet.
",APS/AS:,,https://www.unisa.ac.za/sites/corporate/default/Register-to-study-through-Unisa/Undergraduate-&-honours-qualifications/Find-your-qualification-&-choose-your-modules/All-qualifications/Bachelor-of-Arts-Archaeology-and-Philosophy-(99311-–-APH)
Bachelor of Arts Archaeology and Politics (99311 - ARP),Archaeology and Politics,360,,14352,Human Sciences,99311 - ARP,7,"
Rules:
This qualification consists of 30 modules.
 
Students should note that during the course of their studies they would be required to have access
to a computer or laptop, printer and the internet.
",APS/AS:,,https://www.unisa.ac.za/sites/corporate/default/Register-to-study-through-Unisa/Undergraduate-&-honours-qualifications/Find-your-qualification-&-choose-your-modules/All-qualifications/Bachelor-of-Arts-Archaeology-and-Politics-(99311-–-ARP)
Bachelor of Arts Archaeology and Psychology (99311 - APS),Archaeology and Psychology,360,,14352,Human Sciences,99311 - APS,7,"
Rules:
This qualification consists of 30 modules.
 
Students should note that during the course of their studies they would be required to have access
to a computer or laptop, printer and the internet.
",APS/AS:,,https://www.unisa.ac.za/sites/corporate/default/Register-to-study-through-Unisa/Undergraduate-&-honours-qualifications/Find-your-qualification-&-choose-your-modules/All-qualifications/Bachelor-of-Arts-Archaeology-and-Psychology-(99311-–-APS)
Bachelor of Arts Archaeology and Scripture (99311 - ASC),Archaeology and Scripture,360,,14352,Human Sciences,99311 - ASC,7,"
Rules:
This qualification consists of 30 modules.
 
Students should note that during the course of their studies they would be required to have access
to a computer or laptop, printer and the internet.
",APS/AS:,,https://www.unisa.ac.za/sites/corporate/default/Register-to-study-through-Unisa/Undergraduate-&-honours-qualifications/Find-your-qualification-&-choose-your-modules/All-qualifications/Bachelor-of-Arts-Archaeology-and-Scripture-(99311-–-ASC)
Bachelor of Arts Archaeology and Sociology (99311 - ASO),Archaeology and Sociology,360,,14352,Human Sciences,99311 - ASO,7,"
Rules:
This qualification consists of 30 modules.
 
Students should note that during the course of their studies they would be required to have access
to a computer or laptop, printer and the internet.
",APS/AS:,,https://www.unisa.ac.za/sites/corporate/default/Register-to-study-through-Unisa/Undergraduate-&-honours-qualifications/Find-your-qualification-&-choose-your-modules/All-qualifications/Bachelor-of-Arts-Archaeology-and-Sociology-(99311-–-ASO)
Bachelor of Arts Archives and Records Management and Communication Science (99311 - AMS),Archives and Records Management and Communication Science,360,,14352,Human Sciences,99311 - AMS,7,"
Rules:
This qualification consists of 30 modules.
 
Students should note that during the course of their studies they would be required to have access
to a computer or laptop, printer and the internet.
",APS/AS:,,https://www.unisa.ac.za/sites/corporate/default/Register-to-study-through-Unisa/Undergraduate-&-honours-qualifications/Find-your-qualification-&-choose-your-modules/All-qualifications/Bachelor-of-Arts-Archives-and-Records-Management-and-Communication-Science-(99311-–-AMS)
Bachelor of Arts Archives and Records Management and Criminology (99311 - ARC),Archives and Records Management and Criminology,360,,14352,Human Sciences,99311 - ARC,7,"
Rules:
This qualification consists of 30 modules.
 
Students should note that during the course of their studies they would be required to have access
to a computer or laptop, printer and the internet.
",APS/AS:,,https://www.unisa.ac.za/sites/corporate/default/Register-to-study-through-Unisa/Undergraduate-&-honours-qualifications/Find-your-qualification-&-choose-your-modules/All-qualifications/Bachelor-of-Arts-Archives-and-Records-Management-and-Criminology-(99311-–-ARC)
Bachelor of Arts Archives and Records Management and Economics (99311 - AME),Archives and Records Management and Economics,360,,14352,Human Sciences,99311 - AME,7,"
Rules:
This qualification consists of 30 modules.
 
Students should note that during the course of their studies they would be required to have access
to a computer or laptop, printer and the internet.
",APS/AS:,,https://www.unisa.ac.za/sites/corporate/default/Register-to-study-through-Unisa/Undergraduate-&-honours-qualifications/Find-your-qualification-&-choose-your-modules/All-qualifications/Bachelor-of-Arts-Archives-and-Records-Management-and-Economics-(99311-–-AME)
Bachelor of Arts Archives and Records Management and History (99311 - AMH),Archives and Records Management and History,360,,14352,Human Sciences,99311 - AMH,7,"
Rules:
This qualification consists of 30 modules.
 
Students should note that during the course of their studies they would be required to have access
to a computer or laptop, printer and the internet.
",APS/AS:,,https://www.unisa.ac.za/sites/corporate/default/Register-to-study-through-Unisa/Undergraduate-&-honours-qualifications/Find-your-qualification-&-choose-your-modules/All-qualifications/Bachelor-of-Arts-Archives-and-Records-Management-and-History-(99311-–-AMH)
Bachelor of Arts Archives and Records Management and Industrial and Organisational Psychology (99311 - AIP),Archives and Records Management and Industrial and Organisational Psychology,360,,14352,Human Sciences,99311 - AIP,7,"
Rules:
This qualification consists of 30 modules.
 
Students should note that during the course of their studies they would be required to have access
to a computer or laptop, printer and the internet.
",APS/AS:,,https://www.unisa.ac.za/sites/corporate/default/Register-to-study-through-Unisa/Undergraduate-&-honours-qualifications/Find-your-qualification-&-choose-your-modules/All-qualifications/Bachelor-of-Arts-Archives-and-Records-Management-and-Industrial-and-Organisational-Psychology-(99311-–-AIP)
Bachelor of Arts Archives and Records Management and Information Science (99311 - AMI),Archives and Records Management and Information Science,360,,14352,Human Sciences,99311 - AMI,7,"
Rules:
This qualification consists of 30 modules.
 
Students should note that during the course of their studies they would be required to have access
to a computer or laptop, printer and the internet.
",APS/AS:,,https://www.unisa.ac.za/sites/corporate/default/Register-to-study-through-Unisa/Undergraduate-&-honours-qualifications/Find-your-qualification-&-choose-your-modules/All-qualifications/Bachelor-of-Arts-Archives-and-Records-Management-and-Information-Science-(99311-–-AMI)
Bachelor of Arts Archives and Records Management and Public Administration (99311 - AMP),Archives and Records Management and Public Administration,360,,14352,Human Sciences,99311 - AMP,7,"
Rules:
This qualification consists of 30 modules.
 
Students should note that during the course of their studies they would be required to have access
to a computer or laptop, printer and the internet.
",APS/AS:,,https://www.unisa.ac.za/sites/corporate/default/Register-to-study-through-Unisa/Undergraduate-&-honours-qualifications/Find-your-qualification-&-choose-your-modules/All-qualifications/Bachelor-of-Arts-Archives-and-Records-Management-and-Public-Administration-(99311-–-AMP)
Bachelor of Arts Art History and Classical Culture (99311 - AHC),Art History and Classical Culture,360,,14352,Human Sciences,99311 - AHC,7,"
Rules:
This qualification consists of 30 modules.
 
Students should note that during the course of their studies they would be required to have access
to a computer or laptop, printer and the internet.
",APS/AS:,,https://www.unisa.ac.za/sites/corporate/default/Register-to-study-through-Unisa/Undergraduate-&-honours-qualifications/Find-your-qualification-&-choose-your-modules/All-qualifications/Bachelor-of-Arts-Art-History-and-Classical-Culture-(99311-–-AHC)
Bachelor of Arts Art History and Economics (99311 - AHE),Art History and Economics,360,,14352,Human Sciences,99311 - AHE,7,"
Rules:
This qualification consists of 30 modules.
 
Students should note that during the course of their studies they would be required to have access
to a computer or laptop, printer and the internet.
",APS/AS:,,https://www.unisa.ac.za/sites/corporate/default/Register-to-study-through-Unisa/Undergraduate-&-honours-qualifications/Find-your-qualification-&-choose-your-modules/All-qualifications/Bachelor-of-Arts-Art-History-and-Economics-(99311-–-AHE)
Bachelor of Arts Communication Science and Criminology (99311 - CSC),Communication Science and Criminology,360,,14352,Human Sciences,99311 - CSC,7,"
Rules:
This qualification consists of 30 modules.
 
Students should note that during the course of their studies they would be required to have access
to a computer or laptop, printer and the internet.
",APS/AS:,,https://www.unisa.ac.za/sites/corporate/default/Register-to-study-through-Unisa/Undergraduate-&-honours-qualifications/Find-your-qualification-&-choose-your-modules/All-qualifications/Bachelor-of-Arts-Communication-Science-and-Criminology-(99311-–-CSC)
Bachelor of Arts Communication Science and Economics (99311 - CSE),Communication Science and Economics,360,,14352,Human Sciences,99311 - CSE,7,"
Rules:
This qualification consists of 30 modules.
 
Students should note that during the course of their studies they would be required to have access
to a computer or laptop, printer and the internet.
",APS/AS:,,https://www.unisa.ac.za/sites/corporate/default/Register-to-study-through-Unisa/Undergraduate-&-honours-qualifications/Find-your-qualification-&-choose-your-modules/All-qualifications/Bachelor-of-Arts-Communication-Science-and-Economics-(99311-–-CSE)
Bachelor of Arts Communication Science and Geography (99311 - CSG),Communication Science and Geography,360,,14352,Human Sciences,99311 - CSG,7,"
Rules:
This qualification consists of 30 modules.
 
Students should note that during the course of their studies they would be required to have access
to a computer or laptop, printer and the internet.
",APS/AS:,,https://www.unisa.ac.za/sites/corporate/default/Register-to-study-through-Unisa/Undergraduate-&-honours-qualifications/Find-your-qualification-&-choose-your-modules/All-qualifications/Bachelor-of-Arts-Communication-Science-and-Geography-(99311-–-CSG)
Bachelor of Arts Communication Science and Industrial and Organisational Psychology (99311 - CIO),Communication Science and Industrial and Organisational Psychology,360,,14352,Human Sciences,99311 - CIO,7,"
Rules:
This qualification consists of 30 modules.
 
Students should note that during the course of their studies they would be required to have access
to a computer or laptop, printer and the internet.
",APS/AS:,,https://www.unisa.ac.za/sites/corporate/default/Register-to-study-through-Unisa/Undergraduate-&-honours-qualifications/Find-your-qualification-&-choose-your-modules/All-qualifications/Bachelor-of-Arts-Communication-Science-and-Industrial-and-Organisational-Psychology-(99311-–-CIO)
Bachelor of Arts Communication Science and International Politics (99311 - CIP),Communication Science and International Politics,360,,14352,Human Sciences,99311 - CIP,7,"
Rules:
This qualification consists of 30 modules.
 
Students should note that during the course of their studies they would be required to have access
to a computer or laptop, printer and the internet.
",APS/AS:,,https://www.unisa.ac.za/sites/corporate/default/Register-to-study-through-Unisa/Undergraduate-&-honours-qualifications/Find-your-qualification-&-choose-your-modules/All-qualifications/Bachelor-of-Arts-Communication-Science-and-International-Politics-(99311-–-CIP)
Bachelor of Arts Communication Science and Mandarin Chinese (99311 - CMC),Communication Science and Mandarin Chinese,360,,14352,Human Sciences,99311 - CMC,7,"
Rules:
This qualification consists of 30 modules.
 
Students should note that during the course of their studies they would be required to have access
to a computer or laptop, printer and the internet.
",APS/AS:,,https://www.unisa.ac.za/sites/corporate/default/Register-to-study-through-Unisa/Undergraduate-&-honours-qualifications/Find-your-qualification-&-choose-your-modules/All-qualifications/Bachelor-of-Arts-Communication-Science-and-Mandarin-Chinese-(99311-–-CMC)
Bachelor of Arts Communication Science and Ministry (99311 - CSM),Communication Science and Ministry,360,,14352,Human Sciences,99311 - CSM,7,"
Rules:
This qualification consists of 30 modules.
 
Students should note that during the course of their studies they would be required to have access
to a computer or laptop, printer and the internet.
",APS/AS:,,https://www.unisa.ac.za/sites/corporate/default/Register-to-study-through-Unisa/Undergraduate-&-honours-qualifications/Find-your-qualification-&-choose-your-modules/All-qualifications/Bachelor-of-Arts-Communication-Science-and-Ministry-(99311-–-CSM)
Bachelor of Arts Communication Science and Music in History and Society (99311 - CMH),Communication Science and Music in History and Society,360,,14352,Human Sciences,99311 - CMH,7,"
Rules:
This qualification consists of 30 modules.
 
Students should note that during the course of their studies they would be required to have access
to a computer or laptop, printer and the internet.
",APS/AS:,,https://www.unisa.ac.za/sites/corporate/default/Register-to-study-through-Unisa/Undergraduate-&-honours-qualifications/Find-your-qualification-&-choose-your-modules/All-qualifications/Bachelor-of-Arts-Communication-Science-and-Music-in-History-and-Society-(99311-–-CMH)
Bachelor of Arts Communication Science and Public Administration (99311 - CPA),Communication Science and Public Administration,360,,14352,Human Sciences,99311 - CPA,7,"
Rules:
This qualification consists of 30 modules.
 
Students should note that during the course of their studies they would be required to have access
to a computer or laptop, printer and the internet.
",APS/AS:,,https://www.unisa.ac.za/sites/corporate/default/Register-to-study-through-Unisa/Undergraduate-&-honours-qualifications/Find-your-qualification-&-choose-your-modules/All-qualifications/Bachelor-of-Arts-Communication-Science-and-Public-Administration-(99311-–-CPA)
Bachelor of Arts Communication Science and Theology (99311 - CST),Communication Science and Theology,360,,14352,Human Sciences,99311 - CST,7,"
Rules:
This qualification consists of 30 modules.
 
Students should note that during the course of their studies they would be required to have access
to a computer or laptop, printer and the internet.
",APS/AS:,,https://www.unisa.ac.za/sites/corporate/default/Register-to-study-through-Unisa/Undergraduate-&-honours-qualifications/Find-your-qualification-&-choose-your-modules/All-qualifications/Bachelor-of-Arts-Communication-Science-and-Theology-(99311-–-CST)
Bachelor of Arts Communication Science and Theory of Literature (99311 - CTL),Communication Science and Theory of Literature,360,,14352,Human Sciences,99311 - CTL,7,"
Rules:
This qualification consists of 30 modules.
 
Students should note that during the course of their studies they would be required to have access
to a computer or laptop, printer and the internet.
",APS/AS:,,https://www.unisa.ac.za/sites/corporate/default/Register-to-study-through-Unisa/Undergraduate-&-honours-qualifications/Find-your-qualification-&-choose-your-modules/All-qualifications/Bachelor-of-Arts-Communication-Science-and-Theory-of-Literature-(99311-–-CTL)
Bachelor of Arts Development Studies and Archives and Records Management (99311 - DAR),Development Studies and Archives and Records Management,360,,14352,Human Sciences,99311 - DAR,7,"
Rules:
This qualification consists of 30 modules.
 
Students should note that during the course of their studies they would be required to have access
to a computer or laptop, printer and the internet.
",APS/AS:,,https://www.unisa.ac.za/sites/corporate/default/Register-to-study-through-Unisa/Undergraduate-&-honours-qualifications/Find-your-qualification-&-choose-your-modules/All-qualifications/Bachelor-of-Arts-Development-Studies-and-Archives-and-Records-Management-(99311-–-DAR)
Bachelor of Arts Development Studies and Communication Science (99311 - DCS),Development Studies and Communication Science,360,,14352,Human Sciences,99311 - DCS,7,"
Rules:
This qualification consists of 30 modules.
 
Students should note that during the course of their studies they would be required to have access
to a computer or laptop, printer and the internet.
",APS/AS:,,https://www.unisa.ac.za/sites/corporate/default/Register-to-study-through-Unisa/Undergraduate-&-honours-qualifications/Find-your-qualification-&-choose-your-modules/All-qualifications/Bachelor-of-Arts-Development-Studies-and-Communication-Science-(99311-–-DCS)
Bachelor of Arts Development Studies and English Studies (99311 - DES),Development Studies and English Studies,360,,14352,Human Sciences,99311 - DES,7,"
Rules:
This qualification consists of 30 modules.
 
Students should note that during the course of their studies they would be required to have access
to a computer or laptop, printer and the internet.
",APS/AS:,,https://www.unisa.ac.za/sites/corporate/default/Register-to-study-through-Unisa/Undergraduate-&-honours-qualifications/Find-your-qualification-&-choose-your-modules/All-qualifications/Bachelor-of-Arts-Development-Studies-and-English-Studies-(99311-–-DES)
Bachelor of Arts Development Studies and Geography (99311 - DSG),Development Studies and Geography,360,,14352,Human Sciences,99311 - DSG,7,"
Rules:
This qualification consists of 30 modules.
 
Students should note that during the course of their studies they would be required to have access
to a computer or laptop, printer and the internet.
",APS/AS:,,https://www.unisa.ac.za/sites/corporate/default/Register-to-study-through-Unisa/Undergraduate-&-honours-qualifications/Find-your-qualification-&-choose-your-modules/All-qualifications/Bachelor-of-Arts-Development-Studies-and-Geography-(99311-–-DSG)
Bachelor of Arts Development Studies and History (99311 - DSH),Development Studies and History,360,,14352,Human Sciences,99311 - DSH,7,"
Rules:
This qualification consists of 30 modules.
 
Students should note that during the course of their studies they would be required to have access
to a computer or laptop, printer and the internet.
",APS/AS:,,https://www.unisa.ac.za/sites/corporate/default/Register-to-study-through-Unisa/Undergraduate-&-honours-qualifications/Find-your-qualification-&-choose-your-modules/All-qualifications/Bachelor-of-Arts-Development-Studies-and-History-(99311-–-DSH)
Bachelor of Arts Development Studies and Industrial and Organisational Psychology (99311 - DIO),Development Studies and Industrial and Organisational Psychology,360,,14352,Human Sciences,99311 - DIO,7,"
Rules:
This qualification consists of 30 modules.
 
Students should note that during the course of their studies they would be required to have access
to a computer or laptop, printer and the internet.
",APS/AS:,,https://www.unisa.ac.za/sites/corporate/default/Register-to-study-through-Unisa/Undergraduate-&-honours-qualifications/Find-your-qualification-&-choose-your-modules/All-qualifications/Bachelor-of-Arts-Development-Studies-and-Industrial-and-Organisational-Psychology-(99311-–-DIO)
Bachelor of Arts Development Studies and Ministry (99311 - DSM),Development Studies and Ministry,360,,14352,Human Sciences,99311 - DSM,7,"
Rules:
This qualification consists of 30 modules.
 
Students should note that during the course of their studies they would be required to have access
to a computer or laptop, printer and the internet.
",APS/AS:,,https://www.unisa.ac.za/sites/corporate/default/Register-to-study-through-Unisa/Undergraduate-&-honours-qualifications/Find-your-qualification-&-choose-your-modules/All-qualifications/Bachelor-of-Arts-Development-Studies-and-Ministry-(99311-–-DSM)
Bachelor of Arts Development Studies and Philosophy (99311 - DPH),Development Studies and Philosophy,360,,14352,Human Sciences,99311 - DPH,7,"
Rules:
This qualification consists of 30 modules.
 
Students should note that during the course of their studies they would be required to have access
to a computer or laptop, printer and the internet.
",APS/AS:,,https://www.unisa.ac.za/sites/corporate/default/Register-to-study-through-Unisa/Undergraduate-&-honours-qualifications/Find-your-qualification-&-choose-your-modules/All-qualifications/Bachelor-of-Arts-Development-Studies-and-Philosophy-(99311-–-DPH)
Bachelor of Arts Development Studies and Psychology (99311 - DSP),Development Studies and Psychology,360,,14352,Human Sciences,99311 - DSP,7,"
Rules:
This qualification consists of 30 modules.
 
Students should note that during the course of their studies they would be required to have access
to a computer or laptop, printer and the internet.
",APS/AS:,,https://www.unisa.ac.za/sites/corporate/default/Register-to-study-through-Unisa/Undergraduate-&-honours-qualifications/Find-your-qualification-&-choose-your-modules/All-qualifications/Bachelor-of-Arts-Development-Studies-and-Psychology-(99311-–-DSP)
Bachelor of Arts Development Studies and Public Administration (99311 - DPA),Development Studies and Public Administration,360,,14352,Human Sciences,99311 - DPA,7,"
Rules:
This qualification consists of 30 modules.
 
Students should note that during the course of their studies they would be required to have access
to a computer or laptop, printer and the internet.
",APS/AS:,,https://www.unisa.ac.za/sites/corporate/default/Register-to-study-through-Unisa/Undergraduate-&-honours-qualifications/Find-your-qualification-&-choose-your-modules/All-qualifications/Bachelor-of-Arts-Development-Studies-and-Public-Administration-(99311-–-DPA)
Bachelor of Arts Development Studies and Scripture (99311 - DSC),Development Studies and Scripture,360,,14352,Human Sciences,99311 - DSC,7,"
Rules:
This qualification consists of 30 modules.
 
Students should note that during the course of their studies they would be required to have access
to a computer or laptop, printer and the internet.
",APS/AS:,,https://www.unisa.ac.za/sites/corporate/default/Register-to-study-through-Unisa/Undergraduate-&-honours-qualifications/Find-your-qualification-&-choose-your-modules/All-qualifications/Bachelor-of-Arts-Development-Studies-and-Scripture-(99311-–-DSC)
Bachelor of Arts Development Studies and Sociology (99311 - DSS),Development Studies and Sociology,360,,14352,Human Sciences,99311 - DSS,7,"
Rules:
This qualification consists of 30 modules.
 
Students should note that during the course of their studies they would be required to have access
to a computer or laptop, printer and the internet.
",APS/AS:,,https://www.unisa.ac.za/sites/corporate/default/Register-to-study-through-Unisa/Undergraduate-&-honours-qualifications/Find-your-qualification-&-choose-your-modules/All-qualifications/Bachelor-of-Arts-Development-Studies-and-Sociology-(99311-–-DSS)
Bachelor of Arts Development Studies and Theology (99311 - DST),Development Studies and Theology,360,,14352,Human Sciences,99311 - DST,7,"
Rules:
This qualification consists of 30 modules.
 
Students should note that during the course of their studies they would be required to have access
to a computer or laptop, printer and the internet.
",APS/AS:,,https://www.unisa.ac.za/sites/corporate/default/Register-to-study-through-Unisa/Undergraduate-&-honours-qualifications/Find-your-qualification-&-choose-your-modules/All-qualifications/Bachelor-of-Arts-Development-Studies-and-Theology-(99311-–-DST)
Bachelor of Arts English Studies and African Languages (99311 - EAL),English Studies and African Languages,360,,14352,Human Sciences,99311 - EAL,7,"
Rules:
This qualification consists of 30 modules.
 
Students should note that during the course of their studies they would be required to have access
to a computer or laptop, printer and the internet.
",APS/AS:,,https://www.unisa.ac.za/sites/corporate/default/Register-to-study-through-Unisa/Undergraduate-&-honours-qualifications/Find-your-qualification-&-choose-your-modules/All-qualifications/Bachelor-of-Arts-English-Studies-and-African-Languages-(99311-–-EAL)
Bachelor of Arts English Studies and Afrikaans (99311 - ESA),English Studies and Afrikaans,360,,14352,Human Sciences,99311 - ESA,7,"
Rules:
This qualification consists of 30 modules.
 
Students should note that during the course of their studies they would be required to have access
to a computer or laptop, printer and the internet.
",APS/AS:,,https://www.unisa.ac.za/sites/corporate/default/Register-to-study-through-Unisa/Undergraduate-&-honours-qualifications/Find-your-qualification-&-choose-your-modules/All-qualifications/Bachelor-of-Arts-English-Studies-and-Afrikaans-(99311-–-ESA)
Bachelor of Arts English Studies and Archives and Records Management (99311 - EAR),English Studies and Archives and Records Management,360,,14352,Human Sciences,99311 - EAR,7,"
Rules:
This qualification consists of 30 modules.
 
Students should note that during the course of their studies they would be required to have access
to a computer or laptop, printer and the internet.
",APS/AS:,,https://www.unisa.ac.za/sites/corporate/default/Register-to-study-through-Unisa/Undergraduate-&-honours-qualifications/Find-your-qualification-&-choose-your-modules/All-qualifications/Bachelor-of-Arts-English-Studies-and-Archives-and-Records-Management-(99311-–-EAR)
Bachelor of Arts English Studies and Classical Culture (99311 - ECC),English Studies and Classical Culture,360,,14352,Human Sciences,99311 - ECC,7,"
Rules:
This qualification consists of 30 modules.
 
Students should note that during the course of their studies they would be required to have access
to a computer or laptop, printer and the internet.
",APS/AS:,,https://www.unisa.ac.za/sites/corporate/default/Register-to-study-through-Unisa/Undergraduate-&-honours-qualifications/Find-your-qualification-&-choose-your-modules/All-qualifications/Bachelor-of-Arts-English-Studies-and-Classical-Culture-(99311-–-ECC)
Bachelor of Arts English Studies and Communication Science (99311 - ECS),English Studies and Communication Science,360,,14352,Human Sciences,99311 - ECS,7,"
Rules:
This qualification consists of 30 modules.
 
Students should note that during the course of their studies they would be required to have access
to a computer or laptop, printer and the internet.
",APS/AS:,,https://www.unisa.ac.za/sites/corporate/default/Register-to-study-through-Unisa/Undergraduate-&-honours-qualifications/Find-your-qualification-&-choose-your-modules/All-qualifications/Bachelor-of-Arts-English-Studies-and-Communication-Science-(99311-–-ECS)
Bachelor of Arts English Studies and Criminology (99311 - ECR),English Studies and Criminology,360,,14352,Human Sciences,99311 - ECR,7,"
Rules:
This qualification consists of 30 modules.
 
Students should note that during the course of their studies they would be required to have access
to a computer or laptop, printer and the internet.
",APS/AS:,,https://www.unisa.ac.za/sites/corporate/default/Register-to-study-through-Unisa/Undergraduate-&-honours-qualifications/Find-your-qualification-&-choose-your-modules/All-qualifications/Bachelor-of-Arts-English-Studies-and-Criminology-(99311-–-ECR)
Bachelor of Arts English Studies and Economics (99311 - ESE),English Studies and Economics,360,,14352,Human Sciences,99311 - ESE,7,"
Rules:
This qualification consists of 30 modules.
 
Students should note that during the course of their studies they would be required to have access
to a computer or laptop, printer and the internet.
",APS/AS:,,https://www.unisa.ac.za/sites/corporate/default/Register-to-study-through-Unisa/Undergraduate-&-honours-qualifications/Find-your-qualification-&-choose-your-modules/All-qualifications/Bachelor-of-Arts-English-Studies-and-Economics-(99311-–-ESE)
Bachelor of Arts English Studies and Geography (99311 - ESG),English Studies and Geography,360,,14352,Human Sciences,99311 - ESG,7,"
Rules:
This qualification consists of 30 modules.
 
Students should note that during the course of their studies they would be required to have access
to a computer or laptop, printer and the internet.
",APS/AS:,,https://www.unisa.ac.za/sites/corporate/default/Register-to-study-through-Unisa/Undergraduate-&-honours-qualifications/Find-your-qualification-&-choose-your-modules/All-qualifications/Bachelor-of-Arts-English-Studies-and-Geography-(99311-–-ESG)
Bachelor of Arts English Studies and History (99311 - ESH),English Studies and History,360,,14352,Human Sciences,99311 - ESH,7,"
Rules:
This qualification consists of 30 modules.
 
Students should note that during the course of their studies they would be required to have access
to a computer or laptop, printer and the internet.
",APS/AS:,,https://www.unisa.ac.za/sites/corporate/default/Register-to-study-through-Unisa/Undergraduate-&-honours-qualifications/Find-your-qualification-&-choose-your-modules/All-qualifications/Bachelor-of-Arts-English-Studies-and-History-(99311-–-ESH)
Bachelor of Arts English Studies and Industrial and Organisational Psychology (99311 - EIO),English Studies and Industrial and Organisational Psychology,360,,14352,Human Sciences,99311 - EIO,7,"
Rules:
This qualification consists of 30 modules.
 
Students should note that during the course of their studies they would be required to have access
to a computer or laptop, printer and the internet.
",APS/AS:,,https://www.unisa.ac.za/sites/corporate/default/Register-to-study-through-Unisa/Undergraduate-&-honours-qualifications/Find-your-qualification-&-choose-your-modules/All-qualifications/Bachelor-of-Arts-English-Studies-and-Industrial-and-Organisational-Psychology-(99311-–-EIO)
Bachelor of Arts English Studies and Information Science (99311 - EIS),English Studies and Information Science,360,,14352,Human Sciences,99311 - EIS,7,"
Rules:
This qualification consists of 30 modules.
 
Students should note that during the course of their studies they would be required to have access
to a computer or laptop, printer and the internet.
",APS/AS:,,https://www.unisa.ac.za/sites/corporate/default/Register-to-study-through-Unisa/Undergraduate-&-honours-qualifications/Find-your-qualification-&-choose-your-modules/All-qualifications/Bachelor-of-Arts-English-Studies-and-Information-Science-(99311-–-EIS)
Bachelor of Arts English Studies and International Politics (99311 - EIP),English Studies and International Politics,360,,14352,Human Sciences,99311 - EIP,7,"
Rules:
This qualification consists of 30 modules.
 
Students should note that during the course of their studies they would be required to have access
to a computer or laptop, printer and the internet.
",APS/AS:,,https://www.unisa.ac.za/sites/corporate/default/Register-to-study-through-Unisa/Undergraduate-&-honours-qualifications/Find-your-qualification-&-choose-your-modules/All-qualifications/Bachelor-of-Arts-English-Studies-and-International-Politics-(99311-–-EIP)
Bachelor of Arts English Studies and Linguistics (99311 - ESL),English Studies and Linguistics,360,,14352,Human Sciences,99311 - ESL,7,"
Rules:
This qualification consists of 30 modules.
 
Students should note that during the course of their studies they would be required to have access
to a computer or laptop, printer and the internet.
",APS/AS:,,https://www.unisa.ac.za/sites/corporate/default/Register-to-study-through-Unisa/Undergraduate-&-honours-qualifications/Find-your-qualification-&-choose-your-modules/All-qualifications/Bachelor-of-Arts-English-Studies-and-Linguistics-(99311-–-ESL)
Bachelor of Arts English Studies and Politics (99311 - ESP),English Studies and Politics,360,,14352,Human Sciences,99311 - ESP,7,"
Rules:
This qualification consists of 30 modules.
 
Students should note that during the course of their studies they would be required to have access
to a computer or laptop, printer and the internet.
",APS/AS:,,https://www.unisa.ac.za/sites/corporate/default/Register-to-study-through-Unisa/Undergraduate-&-honours-qualifications/Find-your-qualification-&-choose-your-modules/All-qualifications/Bachelor-of-Arts-English-Studies-and-Politics-(99311-–-ESP)
Bachelor of Arts English Studies and Private Law (99311 - EPL),English Studies and Private Law,360,,14352,Human Sciences,99311 - EPL,7,"
Rules:
This qualification consists of 30 modules.
 
Students should note that during the course of their studies they would be required to have access
to a computer or laptop, printer and the internet.
",APS/AS:,,https://www.unisa.ac.za/sites/corporate/default/Register-to-study-through-Unisa/Undergraduate-&-honours-qualifications/Find-your-qualification-&-choose-your-modules/All-qualifications/Bachelor-of-Arts-English-Studies-and-Private-Law-(99311-–-EPL)
Bachelor of Arts English Studies and Psychology (99311 - EPS),English Studies and Psychology,360,,14352,Human Sciences,99311 - EPS,7,"
Rules:
This qualification consists of 30 modules.
 
Students should note that during the course of their studies they would be required to have access
to a computer or laptop, printer and the internet.
",APS/AS:,,https://www.unisa.ac.za/sites/corporate/default/Register-to-study-through-Unisa/Undergraduate-&-honours-qualifications/Find-your-qualification-&-choose-your-modules/All-qualifications/Bachelor-of-Arts-English-Studies-and-Psychology-(99311-–-EPS)
Bachelor of Arts English Studies and Public Administration (99311 - EPA),English Studies and Public Administration,360,,14352,Human Sciences,99311 - EPA,7,"
Rules:
This qualification consists of 30 modules.
 
Students should note that during the course of their studies they would be required to have access
to a computer or laptop, printer and the internet.
",APS/AS:,,https://www.unisa.ac.za/sites/corporate/default/Register-to-study-through-Unisa/Undergraduate-&-honours-qualifications/Find-your-qualification-&-choose-your-modules/All-qualifications/Bachelor-of-Arts-English-Studies-and-Public-Administration-(99311-–-EPA)
Bachelor of Arts English Studies and Scripture (99311 - ESS),English Studies and Scripture,360,,14352,Human Sciences,99311 - ESS,7,"
Rules:
This qualification consists of 30 modules.
 
Students should note that during the course of their studies they would be required to have access
to a computer or laptop, printer and the internet.
",APS/AS:,,https://www.unisa.ac.za/sites/corporate/default/Register-to-study-through-Unisa/Undergraduate-&-honours-qualifications/Find-your-qualification-&-choose-your-modules/All-qualifications/Bachelor-of-Arts-English-Studies-and-Scripture-(99311-–-ESS)
Bachelor of Arts English Studies and Sociology (99311 - ESO),English Studies and Sociology,360,,14352,Human Sciences,99311 - ESO,7,"
Rules:
This qualification consists of 30 modules.
 
Students should note that during the course of their studies they would be required to have access
to a computer or laptop, printer and the internet.
",APS/AS:,,https://www.unisa.ac.za/sites/corporate/default/Register-to-study-through-Unisa/Undergraduate-&-honours-qualifications/Find-your-qualification-&-choose-your-modules/All-qualifications/Bachelor-of-Arts-English-Studies-and-Sociology-(99311-–-ESO)
Bachelor of Arts English Studies and Theory of Literature (99311 - ETL),English Studies and Theory of Literature,360,,14352,Human Sciences,99311 - ETL,7,"
Rules:
This qualification consists of 30 modules.
 
Students should note that during the course of their studies they would be required to have access
to a computer or laptop, printer and the internet.
",APS/AS:,,https://www.unisa.ac.za/sites/corporate/default/Register-to-study-through-Unisa/Undergraduate-&-honours-qualifications/Find-your-qualification-&-choose-your-modules/All-qualifications/Bachelor-of-Arts-English-Studies-and-Theory-of-Literature-(99311-–-ETL)
Bachelor of Arts History and Criminology (99311 - HCR),History and Criminology,360,,14352,Human Sciences,99311 - HCR,7,"
Rules:
This qualification consists of 30 modules.
 
Students should note that during the course of their studies they would be required to have access
to a computer or laptop, printer and the internet.
",APS/AS:,,https://www.unisa.ac.za/sites/corporate/default/Register-to-study-through-Unisa/Undergraduate-&-honours-qualifications/Find-your-qualification-&-choose-your-modules/All-qualifications/Bachelor-of-Arts-History-and-Criminology-(99311-–-HCR)
Bachelor of Arts History and Geography (99311 - HGE),History and Geography,360,,14352,Human Sciences,99311 - HGE,7,"
Rules:
This qualification consists of 30 modules.
 
Students should note that during the course of their studies they would be required to have access
to a computer or laptop, printer and the internet.
",APS/AS:,,https://www.unisa.ac.za/sites/corporate/default/Register-to-study-through-Unisa/Undergraduate-&-honours-qualifications/Find-your-qualification-&-choose-your-modules/All-qualifications/Bachelor-of-Arts-History-and-Geography-(99311-–-HGE)
Bachelor of Arts History and Industrial and Organisational Psychology (99311 - HIO),History and Industrial and Organisational Psychology,360,,14352,Human Sciences,99311 - HIO,7,"
Rules:
This qualification consists of 30 modules.
 
Students should note that during the course of their studies they would be required to have access
to a computer or laptop, printer and the internet.
",APS/AS:,,https://www.unisa.ac.za/sites/corporate/default/Register-to-study-through-Unisa/Undergraduate-&-honours-qualifications/Find-your-qualification-&-choose-your-modules/All-qualifications/Bachelor-of-Arts-History-and-Industrial-and-Organisational-Psychology-(99311-–-HIO)
Bachelor of Arts History and Information Science (99311 - HIS),History and Information Science,360,,14352,Human Sciences,99311 - HIS,7,"
Rules:
This qualification consists of 30 modules.
 
Students should note that during the course of their studies they would be required to have access
to a computer or laptop, printer and the internet.
",APS/AS:,,https://www.unisa.ac.za/sites/corporate/default/Register-to-study-through-Unisa/Undergraduate-&-honours-qualifications/Find-your-qualification-&-choose-your-modules/All-qualifications/Bachelor-of-Arts-History-and-Information-Science-(99311-–-HIS)
Bachelor of Arts History and Private Law (99311 - HPL),History and Private Law,360,,14352,Human Sciences,99311 - HPL,7,"
Rules:
This qualification consists of 30 modules.
 
Students should note that during the course of their studies they would be required to have access
to a computer or laptop, printer and the internet.
",APS/AS:,,https://www.unisa.ac.za/sites/corporate/default/Register-to-study-through-Unisa/Undergraduate-&-honours-qualifications/Find-your-qualification-&-choose-your-modules/All-qualifications/Bachelor-of-Arts-History-and-Private-Law-(99311-–-HPL)
Bachelor of Arts History and Theology (99311 - HTH),History and Theology,360,,14352,Human Sciences,99311 - HTH,7,"
Rules:
This qualification consists of 30 modules.
 
Students should note that during the course of their studies they would be required to have access
to a computer or laptop, printer and the internet.
",APS/AS:,,https://www.unisa.ac.za/sites/corporate/default/Register-to-study-through-Unisa/Undergraduate-&-honours-qualifications/Find-your-qualification-&-choose-your-modules/All-qualifications/Bachelor-of-Arts-History-and-Theology-(99311-–-HTH)
Bachelor of Arts Information Science and Communication Science (99311 - ICS),Information Science and Communication Science,360,,14352,Human Sciences,99311 - ICS,7,"
Rules:
This qualification consists of 30 modules.
 
Students should note that during the course of their studies they would be required to have access
to a computer or laptop, printer and the internet.
",APS/AS:,,https://www.unisa.ac.za/sites/corporate/default/Register-to-study-through-Unisa/Undergraduate-&-honours-qualifications/Find-your-qualification-&-choose-your-modules/All-qualifications/Bachelor-of-Arts-Information-Science-and-Communication-Science-(99311-–-ICS)
Bachelor of Arts Information Science and Economics (99311 - ISE),Information Science and Economics,360,,14352,Human Sciences,99311 - ISE,7,"
Rules:
This qualification consists of 30 modules.
 
Students should note that during the course of their studies they would be required to have access
to a computer or laptop, printer and the internet.
",APS/AS:,,https://www.unisa.ac.za/sites/corporate/default/Register-to-study-through-Unisa/Undergraduate-&-honours-qualifications/Find-your-qualification-&-choose-your-modules/All-qualifications/Bachelor-of-Arts-Information-Science-and-Economics-(99311-–-ISE)
Bachelor of Arts Information Science and Geography (99311 - ISG),Information Science and Geography,360,,14352,Human Sciences,99311 - ISG,7,"
Rules:
This qualification consists of 30 modules.
 
Students should note that during the course of their studies they would be required to have access
to a computer or laptop, printer and the internet.
",APS/AS:,,https://www.unisa.ac.za/sites/corporate/default/Register-to-study-through-Unisa/Undergraduate-&-honours-qualifications/Find-your-qualification-&-choose-your-modules/All-qualifications/Bachelor-of-Arts-Information-Science-and-Geography-(99311-–-ISG)
Bachelor of Arts Information Science and Industrial and Organisational Psychology (99311 - IOP),Information Science and Industrial and Organisational Psychology,360,,14352,Human Sciences,99311 - IOP,7,"
Rules:
This qualification consists of 30 modules.
 
Students should note that during the course of their studies they would be required to have access
to a computer or laptop, printer and the internet.
",APS/AS:,,https://www.unisa.ac.za/sites/corporate/default/Register-to-study-through-Unisa/Undergraduate-&-honours-qualifications/Find-your-qualification-&-choose-your-modules/All-qualifications/Bachelor-of-Arts-Information-Science-and-Industrial-and-Organisational-Psychology-(99311-–-IOP)
Bachelor of Arts Information Science and Private Law (99311 - IPL),Information Science and Private Law,360,,14352,Human Sciences,99311 - IPL,7,"
Rules:
This qualification consists of 30 modules.
 
Students should note that during the course of their studies they would be required to have access
to a computer or laptop, printer and the internet.
",APS/AS:,,https://www.unisa.ac.za/sites/corporate/default/Register-to-study-through-Unisa/Undergraduate-&-honours-qualifications/Find-your-qualification-&-choose-your-modules/All-qualifications/Bachelor-of-Arts-Information-Science-and-Private-Law-(99311-–-IPL)
Bachelor of Arts Information Science and Public Administration (99311 - IPA),Information Science and Public Administration,360,,14352,Human Sciences,99311 - IPA,7,"
Rules:
This qualification consists of 30 modules.
 
Students should note that during the course of their studies they would be required to have access
to a computer or laptop, printer and the internet.
",APS/AS:,,https://www.unisa.ac.za/sites/corporate/default/Register-to-study-through-Unisa/Undergraduate-&-honours-qualifications/Find-your-qualification-&-choose-your-modules/All-qualifications/Bachelor-of-Arts-Information-Science-and-Public-Administration-(99311-–-IPA)
Bachelor of Arts Information Science and Theology (99311 - IST),Information Science and Theology,360,,14352,Human Sciences,99311 - IST,7,"
Rules:
This qualification consists of 30 modules.
 
Students should note that during the course of their studies they would be required to have access
to a computer or laptop, printer and the internet.
",APS/AS:,,https://www.unisa.ac.za/sites/corporate/default/Register-to-study-through-Unisa/Undergraduate-&-honours-qualifications/Find-your-qualification-&-choose-your-modules/All-qualifications/Bachelor-of-Arts-Information-Science-and-Theology-(99311-–-IST)
Bachelor of Arts International Politics and Criminology (99311 - IPC),International Politics and Criminology,360,,14352,Human Sciences,99311 - IPC,7,"
Rules:
This qualification consists of 30 modules.
 
Students should note that during the course of their studies they would be required to have access
to a computer or laptop, printer and the internet.
",APS/AS:,,https://www.unisa.ac.za/sites/corporate/default/Register-to-study-through-Unisa/Undergraduate-&-honours-qualifications/Find-your-qualification-&-choose-your-modules/All-qualifications/Bachelor-of-Arts-International-Politics-and-Criminology-(99311-–-IPC)
Bachelor of Arts International Politics and Economics (99311 - IPE),International Politics and Economics,360,,14352,Human Sciences,99311 - IPE,7,"
Rules:
This qualification consists of 30 modules.
 
Students should note that during the course of their studies they would be required to have access
to a computer or laptop, printer and the internet.
",APS/AS:,,https://www.unisa.ac.za/sites/corporate/default/Register-to-study-through-Unisa/Undergraduate-&-honours-qualifications/Find-your-qualification-&-choose-your-modules/All-qualifications/Bachelor-of-Arts-International-Politics-and-Economics-(99311-–-IPE)
Bachelor of Arts International Politics and History (99311 - IPH),International Politics and History,360,,14352,Human Sciences,99311 - IPH,7,"
Rules:
This qualification consists of 30 modules.
 
Students should note that during the course of their studies they would be required to have access
to a computer or laptop, printer and the internet.
",APS/AS:,,https://www.unisa.ac.za/sites/corporate/default/Register-to-study-through-Unisa/Undergraduate-&-honours-qualifications/Find-your-qualification-&-choose-your-modules/All-qualifications/Bachelor-of-Arts-International-Politics-and-History-(99311-–-IPH)
Bachelor of Arts Linguistics and Archives and Records Management (99311 - LAR),Linguistics and Archives and Records Management,360,,14352,Human Sciences,99311 - LAR,7,"
Rules:
This qualification consists of 30 modules.
 
Students should note that during the course of their studies they would be required to have access
to a computer or laptop, printer and the internet.
",APS/AS:,,https://www.unisa.ac.za/sites/corporate/default/Register-to-study-through-Unisa/Undergraduate-&-honours-qualifications/Find-your-qualification-&-choose-your-modules/All-qualifications/Bachelor-of-Arts-Linguistics-and-Archives-and-Records-Management-(99311-–-LAR)
Bachelor of Arts Linguistics and Classical Culture (99311 - LCC),Linguistics and Classical Culture,360,,14352,Human Sciences,99311 - LCC,7,"
Rules:
This qualification consists of 30 modules.
 
Students should note that during the course of their studies they would be required to have access
to a computer or laptop, printer and the internet.
",APS/AS:,,https://www.unisa.ac.za/sites/corporate/default/Register-to-study-through-Unisa/Undergraduate-&-honours-qualifications/Find-your-qualification-&-choose-your-modules/All-qualifications/Bachelor-of-Arts-Linguistics-and-Classical-Culture-(99311-–-LCC)
Bachelor of Arts Linguistics and Communication Science (99311 - LCS),Linguistics and Communication Science,360,,14352,Human Sciences,99311 - LCS,7,"
Rules:
This qualification consists of 30 modules.
 
Students should note that during the course of their studies they would be required to have access
to a computer or laptop, printer and the internet.
",APS/AS:,,https://www.unisa.ac.za/sites/corporate/default/Register-to-study-through-Unisa/Undergraduate-&-honours-qualifications/Find-your-qualification-&-choose-your-modules/All-qualifications/Bachelor-of-Arts-Linguistics-and-Communication-Science-(99311-–-LCS)
Bachelor of Arts Linguistics and French (99311 - LFR),Linguistics and French,360,,14352,Human Sciences,99311 - LFR,7,"
Rules:
This qualification consists of 30 modules.
 
Students should note that during the course of their studies they would be required to have access
to a computer or laptop, printer and the internet.
",APS/AS:,,https://www.unisa.ac.za/sites/corporate/default/Register-to-study-through-Unisa/Undergraduate-&-honours-qualifications/Find-your-qualification-&-choose-your-modules/All-qualifications/Bachelor-of-Arts-Linguistics-and-French-(99311-–-LFR)
Bachelor of Arts Linguistics and Geography (99311 - LGE),Linguistics and Geography,360,,14352,Human Sciences,99311 - LGE,7,"
Rules:
This qualification consists of 30 modules.
 
Students should note that during the course of their studies they would be required to have access
to a computer or laptop, printer and the internet.
",APS/AS:,,https://www.unisa.ac.za/sites/corporate/default/Register-to-study-through-Unisa/Undergraduate-&-honours-qualifications/Find-your-qualification-&-choose-your-modules/All-qualifications/Bachelor-of-Arts-Linguistics-and-Geography-(99311-–-LGE)
Bachelor of Arts Linguistics and History (99311 - LHI),Linguistics and History,360,,14352,Human Sciences,99311 - LHI,7,"
Rules:
This qualification consists of 30 modules.
 
Students should note that during the course of their studies they would be required to have access
to a computer or laptop, printer and the internet.
",APS/AS:,,https://www.unisa.ac.za/sites/corporate/default/Register-to-study-through-Unisa/Undergraduate-&-honours-qualifications/Find-your-qualification-&-choose-your-modules/All-qualifications/Bachelor-of-Arts-Linguistics-and-History-(99311-–-LHI)
Bachelor of Arts Linguistics and Industrial and Organisational Psychology (99311 - LIO),Linguistics and Industrial and Organisational Psychology,360,,14352,Human Sciences,99311 - LIO,7,"
Rules:
This qualification consists of 30 modules.
 
Students should note that during the course of their studies they would be required to have access
to a computer or laptop, printer and the internet.
",APS/AS:,,https://www.unisa.ac.za/sites/corporate/default/Register-to-study-through-Unisa/Undergraduate-&-honours-qualifications/Find-your-qualification-&-choose-your-modules/All-qualifications/Bachelor-of-Arts-Linguistics-and-Industrial-and-Organisational-Psychology-(99311-–-LIO)
Bachelor of Arts Linguistics and International Politics (99311 - LIP),Linguistics and International Politics,360,,14352,Human Sciences,99311 - LIP,7,"
Rules:
This qualification consists of 30 modules.
 
Students should note that during the course of their studies they would be required to have access
to a computer or laptop, printer and the internet.
",APS/AS:,,https://www.unisa.ac.za/sites/corporate/default/Register-to-study-through-Unisa/Undergraduate-&-honours-qualifications/Find-your-qualification-&-choose-your-modules/All-qualifications/Bachelor-of-Arts-Linguistics-and-International-Politics-(99311-–-LIP)
Bachelor of Arts Linguistics and Psychology (99311 - LPS),Linguistics and Psychology,360,,14352,Human Sciences,99311 - LPS,7,"
Rules:
This qualification consists of 30 modules.
 
Students should note that during the course of their studies they would be required to have access
to a computer or laptop, printer and the internet.
",APS/AS:,,https://www.unisa.ac.za/sites/corporate/default/Register-to-study-through-Unisa/Undergraduate-&-honours-qualifications/Find-your-qualification-&-choose-your-modules/All-qualifications/Bachelor-of-Arts-Linguistics-and-Psychology-(99311-–-LPS)
Bachelor of Arts Linguistics and Public Administration (99311 - LPA),Linguistics and Public Administration,360,,14352,Human Sciences,99311 - LPA,7,"
Rules:
This qualification consists of 30 modules.
 
Students should note that during the course of their studies they would be required to have access
to a computer or laptop, printer and the internet.
",APS/AS:,,https://www.unisa.ac.za/sites/corporate/default/Register-to-study-through-Unisa/Undergraduate-&-honours-qualifications/Find-your-qualification-&-choose-your-modules/All-qualifications/Bachelor-of-Arts-Linguistics-and-Public-Administration-(99311-–-LPA)
Bachelor of Arts Linguistics and Theology (99311 - LTH),Linguistics and Theology,360,,14352,Human Sciences,99311 - LTH,7,"
Rules:
This qualification consists of 30 modules.
 
Students should note that during the course of their studies they would be required to have access
to a computer or laptop, printer and the internet.
",APS/AS:,,https://www.unisa.ac.za/sites/corporate/default/Register-to-study-through-Unisa/Undergraduate-&-honours-qualifications/Find-your-qualification-&-choose-your-modules/All-qualifications/Bachelor-of-Arts-Linguistics-and-Theology-(99311-–-LTH)
Bachelor of Arts Ministry and Music in History and Society (99311 - MHS),Ministry and Music in History and Society,360,,14352,Human Sciences,99311 - MHS,7,"
Rules:
This qualification consists of 30 modules.
 
Students should note that during the course of their studies they would be required to have access
to a computer or laptop, printer and the internet.
",APS/AS:,,https://www.unisa.ac.za/sites/corporate/default/Register-to-study-through-Unisa/Undergraduate-&-honours-qualifications/Find-your-qualification-&-choose-your-modules/All-qualifications/Bachelor-of-Arts-Ministry-and-Music-in-History-and-Society-(99311-–-MHS)
Bachelor of Arts Ministry and Private Law (99311 - MPL),Ministry and Private Law,360,,14352,Human Sciences,99311 - MPL,7,"
Rules:
This qualification consists of 30 modules.
 
Students should note that during the course of their studies they would be required to have access
to a computer or laptop, printer and the internet.
",APS/AS:,,https://www.unisa.ac.za/sites/corporate/default/Register-to-study-through-Unisa/Undergraduate-&-honours-qualifications/Find-your-qualification-&-choose-your-modules/All-qualifications/Bachelor-of-Arts-Ministry-and-Private-Law-(99311-–-MPL)
Bachelor of Arts Philosophy and Private Law (99311 - PHL),Philosophy and Private Law,360,,14352,Human Sciences,99311 - PHL,7,"
Rules:
This qualification consists of 30 modules.
 
Students should note that during the course of their studies they would be required to have access
to a computer or laptop, printer and the internet.
",APS/AS:,,https://www.unisa.ac.za/sites/corporate/default/Register-to-study-through-Unisa/Undergraduate-&-honours-qualifications/Find-your-qualification-&-choose-your-modules/All-qualifications/Bachelor-of-Arts-Philosophy-and-Private-Law-(99311-–-PHL)
Bachelor of Arts Philosophy and Theology (99311 - PHT),Philosophy and Theology,360,,14352,Human Sciences,99311 - PHT,7,"
Rules:
This qualification consists of 30 modules.
 
Students should note that during the course of their studies they would be required to have access
to a computer or laptop, printer and the internet.
",APS/AS:,,https://www.unisa.ac.za/sites/corporate/default/Register-to-study-through-Unisa/Undergraduate-&-honours-qualifications/Find-your-qualification-&-choose-your-modules/All-qualifications/Bachelor-of-Arts-Philosophy-and-Theology-(99311-–-PHT)
Bachelor of Arts Philosophy and Theory of Literature (99311 - PTL),Philosophy and Theory of Literature,360,,14352,Human Sciences,99311 - PTL,7,"
Rules:
This qualification consists of 30 modules.
 
Students should note that during the course of their studies they would be required to have access
to a computer or laptop, printer and the internet.
",APS/AS:,,https://www.unisa.ac.za/sites/corporate/default/Register-to-study-through-Unisa/Undergraduate-&-honours-qualifications/Find-your-qualification-&-choose-your-modules/All-qualifications/Bachelor-of-Arts-Philosophy-and-Theory-of-Literature-(99311-–-PTL)
Bachelor of Arts Politics and Economics (99311 - PEC),Politics and Economics,360,,14352,Human Sciences,99311 - PEC,7,"
Rules:
This qualification consists of 30 modules.
 
Students should note that during the course of their studies they would be required to have access
to a computer or laptop, printer and the internet.
",APS/AS:,,https://www.unisa.ac.za/sites/corporate/default/Register-to-study-through-Unisa/Undergraduate-&-honours-qualifications/Find-your-qualification-&-choose-your-modules/All-qualifications/Bachelor-of-Arts-Politics-and-Economics-(99311-–-PEC)
Bachelor of Arts Politics and History (99311 - PHI),Politics and History,360,,14352,Human Sciences,99311 - PHI,7,"
Rules:
This qualification consists of 30 modules.
 
Students should note that during the course of their studies they would be required to have access
to a computer or laptop, printer and the internet.
",APS/AS:,,https://www.unisa.ac.za/sites/corporate/default/Register-to-study-through-Unisa/Undergraduate-&-honours-qualifications/Find-your-qualification-&-choose-your-modules/All-qualifications/Bachelor-of-Arts-Politics-and-History-(99311-–-PHI)
Bachelor of Arts Politics and Philosophy (99311 - PPH),Politics and Philosophy,360,,14352,Human Sciences,99311 - PPH,7,"
Rules:
This qualification consists of 30 modules.
 
Students should note that during the course of their studies they would be required to have access
to a computer or laptop, printer and the internet.
",APS/AS:,,https://www.unisa.ac.za/sites/corporate/default/Register-to-study-through-Unisa/Undergraduate-&-honours-qualifications/Find-your-qualification-&-choose-your-modules/All-qualifications/Bachelor-of-Arts-Politics-and-Philosophy-(99311-–-PPH)
Bachelor of Arts Politics and Private Law (99311 - PPL),Politics and Private Law,360,,14352,Human Sciences,99311 - PPL,7,"
Rules:
This qualification consists of 30 modules.
 
Students should note that during the course of their studies they would be required to have access
to a computer or laptop, printer and the internet.
",APS/AS:,,https://www.unisa.ac.za/sites/corporate/default/Register-to-study-through-Unisa/Undergraduate-&-honours-qualifications/Find-your-qualification-&-choose-your-modules/All-qualifications/Bachelor-of-Arts-Politics-and-Private-Law-(99311-–-PPL)
Bachelor of Arts Politics and Theology (99311 - PTH),Politics and Theology,360,,14352,Human Sciences,99311 - PTH,7,"
Rules:
This qualification consists of 30 modules.
 
Students should note that during the course of their studies they would be required to have access
to a computer or laptop, printer and the internet.
",APS/AS:,,https://www.unisa.ac.za/sites/corporate/default/Register-to-study-through-Unisa/Undergraduate-&-honours-qualifications/Find-your-qualification-&-choose-your-modules/All-qualifications/Bachelor-of-Arts-Politics-and-Theology-(99311-–-PTH)
Bachelor of Arts Psychology and Afrikaans (99311 - PAF),Psychology and Afrikaans,360,,14352,Human Sciences,99311 - PAF,7,"
Rules:
This qualification consists of 30 modules.
 
Students should note that during the course of their studies they would be required to have access
to a computer or laptop, printer and the internet.
",APS/AS:,,https://www.unisa.ac.za/sites/corporate/default/Register-to-study-through-Unisa/Undergraduate-&-honours-qualifications/Find-your-qualification-&-choose-your-modules/All-qualifications/Bachelor-of-Arts-Psychology-and-Afrikaans-(99311-–-PAF)
Bachelor of Arts Psychology and Archives and Records Management (99311 - PAR),Psychology and Archives and Records Management,360,,14352,Human Sciences,99311 - PAR,7,"
Rules:
This qualification consists of 30 modules.
 
Students should note that during the course of their studies they would be required to have access
to a computer or laptop, printer and the internet.
",APS/AS:,,https://www.unisa.ac.za/sites/corporate/default/Register-to-study-through-Unisa/Undergraduate-&-honours-qualifications/Find-your-qualification-&-choose-your-modules/All-qualifications/Bachelor-of-Arts-Psychology-and-Archives-and-Records-Management-(99311-–-PAR)
Bachelor of Arts Psychology and Art History (99311 - PAH),Psychology and Art History,360,,14352,Human Sciences,99311 - PAH,7,"
Rules:
This qualification consists of 30 modules.
 
Students should note that during the course of their studies they would be required to have access
to a computer or laptop, printer and the internet.
",APS/AS:,,https://www.unisa.ac.za/sites/corporate/default/Register-to-study-through-Unisa/Undergraduate-&-honours-qualifications/Find-your-qualification-&-choose-your-modules/All-qualifications/Bachelor-of-Arts-Psychology-and-Art-History-(99311-–-PAH)
Bachelor of Arts Psychology and Communication Science (99311 - PCS),Psychology and Communication Science,360,,14352,Human Sciences,99311 - PCS,7,"
Rules:
This qualification consists of 30 modules.
 
Students should note that during the course of their studies they would be required to have access
to a computer or laptop, printer and the internet.
",APS/AS:,,https://www.unisa.ac.za/sites/corporate/default/Register-to-study-through-Unisa/Undergraduate-&-honours-qualifications/Find-your-qualification-&-choose-your-modules/All-qualifications/Bachelor-of-Arts-Psychology-and-Communication-Science-(99311-–-PCS)
Bachelor of Arts Psychology and Criminology (99311 - PCR),Psychology and Criminology,360,,14352,Human Sciences,99311 - PCR,7,"
Rules:
This qualification consists of 30 modules.
 
Students should note that during the course of their studies they would be required to have access
to a computer or laptop, printer and the internet.
",APS/AS:,,https://www.unisa.ac.za/sites/corporate/default/Register-to-study-through-Unisa/Undergraduate-&-honours-qualifications/Find-your-qualification-&-choose-your-modules/All-qualifications/Bachelor-of-Arts-Psychology-and-Criminology-(99311-–-PCR)
Bachelor of Arts Psychology and Economics (99311 - PSE),Psychology and Economics,360,,14352,Human Sciences,99311 - PSE,7,"
Rules:
This qualification consists of 30 modules.
 
Students should note that during the course of their studies they would be required to have access
to a computer or laptop, printer and the internet.
",APS/AS:,,https://www.unisa.ac.za/sites/corporate/default/Register-to-study-through-Unisa/Undergraduate-&-honours-qualifications/Find-your-qualification-&-choose-your-modules/All-qualifications/Bachelor-of-Arts-Psychology-and-Economics-(99311-–-PSE)
Bachelor of Arts Psychology and French (99311 - PFR),Psychology and French,360,,14352,Human Sciences,99311 - PFR,7,"
Rules:
This qualification consists of 30 modules.
 
Students should note that during the course of their studies they would be required to have access
to a computer or laptop, printer and the internet.
",APS/AS:,,https://www.unisa.ac.za/sites/corporate/default/Register-to-study-through-Unisa/Undergraduate-&-honours-qualifications/Find-your-qualification-&-choose-your-modules/All-qualifications/Bachelor-of-Arts-Psychology-and-French-(99311-–-PFR)
Bachelor of Arts Psychology and Geography (99311 - PGE),Psychology and Geography,360,,14352,Human Sciences,99311 - PGE,7,"
Rules:
This qualification consists of 30 modules.
 
Students should note that during the course of their studies they would be required to have access
to a computer or laptop, printer and the internet.
",APS/AS:,,https://www.unisa.ac.za/sites/corporate/default/Register-to-study-through-Unisa/Undergraduate-&-honours-qualifications/Find-your-qualification-&-choose-your-modules/All-qualifications/Bachelor-of-Arts-Psychology-and-Geography-(99311-–-PGE)
Bachelor of Arts Psychology and History (99311 - PSH),Psychology and History,360,,14352,Human Sciences,99311 - PSH,7,"
Rules:
This qualification consists of 30 modules.
 
Students should note that during the course of their studies they would be required to have access
to a computer or laptop, printer and the internet.
",APS/AS:,,https://www.unisa.ac.za/sites/corporate/default/Register-to-study-through-Unisa/Undergraduate-&-honours-qualifications/Find-your-qualification-&-choose-your-modules/All-qualifications/Bachelor-of-Arts-Psychology-and-History-(99311-–-PSH)
Bachelor of Arts Psychology and Industrial and Organisational Psychology (99311 - PIO),Psychology and Industrial and Organisational Psychology,360,,14352,Human Sciences,99311 - PIO,7,"
Rules:
This qualification consists of 30 modules.
 
Students should note that during the course of their studies they would be required to have access
to a computer or laptop, printer and the internet.
",APS/AS:,,https://www.unisa.ac.za/sites/corporate/default/Register-to-study-through-Unisa/Undergraduate-&-honours-qualifications/Find-your-qualification-&-choose-your-modules/All-qualifications/Bachelor-of-Arts-Psychology-and-Industrial-and-Organisational-Psychology-(99311-–-PIO)
Bachelor of Arts Psychology and Information Science (99311 - PSC),Psychology and Information Science,360,,14352,Human Sciences,99311 - PSC,7,"
Rules:
This qualification consists of 30 modules.
 
Students should note that during the course of their studies they would be required to have access
to a computer or laptop, printer and the internet.
",APS/AS:,,https://www.unisa.ac.za/sites/corporate/default/Register-to-study-through-Unisa/Undergraduate-&-honours-qualifications/Find-your-qualification-&-choose-your-modules/All-qualifications/Bachelor-of-Arts-Psychology-and-Information-Science-(99311-–-PSC)
Bachelor of Arts Psychology and International Politics (99311 - PIP),Psychology and International Politics,360,,14352,Human Sciences,99311 - PIP,7,"
Rules:
This qualification consists of 30 modules.
 
Students should note that during the course of their studies they would be required to have access
to a computer or laptop, printer and the internet.
",APS/AS:,,https://www.unisa.ac.za/sites/corporate/default/Register-to-study-through-Unisa/Undergraduate-&-honours-qualifications/Find-your-qualification-&-choose-your-modules/All-qualifications/Bachelor-of-Arts-Psychology-and-International-Politics-(99311-–-PIP)
Bachelor of Arts Psychology and Islamic Studies (99311 - PIS),Psychology and Islamic Studies,360,,14352,Human Sciences,99311 - PIS,7,"
Rules:
This qualification consists of 30 modules.
 
Students should note that during the course of their studies they would be required to have access
to a computer or laptop, printer and the internet.
",APS/AS:,,https://www.unisa.ac.za/sites/corporate/default/Register-to-study-through-Unisa/Undergraduate-&-honours-qualifications/Find-your-qualification-&-choose-your-modules/All-qualifications/Bachelor-of-Arts-Psychology-and-Islamic-Studies-(99311-–-PIS)
Bachelor of Arts Psychology and Ministry (99311 - PMI),Psychology and Ministry,360,,14352,Human Sciences,99311 - PMI,7,"
Rules:
This qualification consists of 30 modules.
 
Students should note that during the course of their studies they would be required to have access
to a computer or laptop, printer and the internet.
",APS/AS:,,https://www.unisa.ac.za/sites/corporate/default/Register-to-study-through-Unisa/Undergraduate-&-honours-qualifications/Find-your-qualification-&-choose-your-modules/All-qualifications/Bachelor-of-Arts-Psychology-and-Ministry-(99311-–-PMI)
Bachelor of Arts Psychology and Philosophy (99311 - PSP),Psychology and Philosophy,360,,14352,Human Sciences,99311 - PSP,7,"
Rules:
This qualification consists of 30 modules.
 
Students should note that during the course of their studies they would be required to have access
to a computer or laptop, printer and the internet.
",APS/AS:,,https://www.unisa.ac.za/sites/corporate/default/Register-to-study-through-Unisa/Undergraduate-&-honours-qualifications/Find-your-qualification-&-choose-your-modules/All-qualifications/Bachelor-of-Arts-Psychology-and-Philosophy-(99311-–-PSP)
Bachelor of Arts Psychology and Politics (99311 - PPO),Psychology and Politics,360,,14352,Human Sciences,99311 - PPO,7,"
Rules:
This qualification consists of 30 modules.
 
Students should note that during the course of their studies they would be required to have access
to a computer or laptop, printer and the internet.
",APS/AS:,,https://www.unisa.ac.za/sites/corporate/default/Register-to-study-through-Unisa/Undergraduate-&-honours-qualifications/Find-your-qualification-&-choose-your-modules/All-qualifications/Bachelor-of-Arts-Psychology-and-Politics-(99311-–-PPO)
Bachelor of Arts Psychology and Private Law (99311 - PSL),Psychology and Private Law,360,,14352,Human Sciences,99311 - PSL,7,"
Rules:
This qualification consists of 30 modules.
 
Students should note that during the course of their studies they would be required to have access
to a computer or laptop, printer and the internet.
",APS/AS:,,https://www.unisa.ac.za/sites/corporate/default/Register-to-study-through-Unisa/Undergraduate-&-honours-qualifications/Find-your-qualification-&-choose-your-modules/All-qualifications/Bachelor-of-Arts-Psychology-and-Private-Law-(99311-–-PSL)
Bachelor of Arts Psychology and Public Administration (99311 - PPA),Psychology and Public Administration,360,,14352,Human Sciences,99311 - PPA,7,"
Rules:
This qualification consists of 30 modules.
 
Students should note that during the course of their studies they would be required to have access
to a computer or laptop, printer and the internet.
",APS/AS:,,https://www.unisa.ac.za/sites/corporate/default/Register-to-study-through-Unisa/Undergraduate-&-honours-qualifications/Find-your-qualification-&-choose-your-modules/All-qualifications/Bachelor-of-Arts-Psychology-and-Public-Administration-(99311-–-PPA)
Bachelor of Arts Psychology and Scripture (99311 - PSS),Psychology and Scripture,360,,14352,Human Sciences,99311 - PSS,7,"
Rules:
This qualification consists of 30 modules.
 
Students should note that during the course of their studies they would be required to have access
to a computer or laptop, printer and the internet.
",APS/AS:,,https://www.unisa.ac.za/sites/corporate/default/Register-to-study-through-Unisa/Undergraduate-&-honours-qualifications/Find-your-qualification-&-choose-your-modules/All-qualifications/Bachelor-of-Arts-Psychology-and-Scripture-(99311-–-PSS)
Bachelor of Arts Psychology and Theology (99311 - PST),Psychology and Theology,360,,14352,Human Sciences,99311 - PST,7,"
Rules:
This qualification consists of 30 modules.
 
Students should note that during the course of their studies they would be required to have access
to a computer or laptop, printer and the internet.
",APS/AS:,,https://www.unisa.ac.za/sites/corporate/default/Register-to-study-through-Unisa/Undergraduate-&-honours-qualifications/Find-your-qualification-&-choose-your-modules/All-qualifications/Bachelor-of-Arts-Psychology-and-Theology-(99311-–-PST)
Bachelor of Arts Sociology and Anthropology (99311 - SAN),Sociology and Anthropology,360,,14352,Human Sciences,99311 - SAN,7,"
Rules:
This qualification consists of 30 modules.
 
Students should note that during the course of their studies they would be required to have access
to a computer or laptop, printer and the internet.
",APS/AS:,,https://www.unisa.ac.za/sites/corporate/default/Register-to-study-through-Unisa/Undergraduate-&-honours-qualifications/Find-your-qualification-&-choose-your-modules/All-qualifications/Bachelor-of-Arts-Sociology-and-Anthropology-(99311-–-SAN)
Bachelor of Arts Sociology and Communication Science (99311 - SCS),Sociology and Communication Science,360,,14352,Human Sciences,99311 - SCS,7,"
Rules:
This qualification consists of 30 modules.
 
Students should note that during the course of their studies they would be required to have access
to a computer or laptop, printer and the internet.
",APS/AS:,,https://www.unisa.ac.za/sites/corporate/default/Register-to-study-through-Unisa/Undergraduate-&-honours-qualifications/Find-your-qualification-&-choose-your-modules/All-qualifications/Bachelor-of-Arts-Sociology-and-Communication-Science-(99311-–-SCS)
Bachelor of Arts Sociology and Criminology (99311 - SCR),Sociology and Criminology,360,,14352,Human Sciences,99311 - SCR,7,"
Rules:
This qualification consists of 30 modules.
 
Students should note that during the course of their studies they would be required to have access
to a computer or laptop, printer and the internet.
",APS/AS:,,https://www.unisa.ac.za/sites/corporate/default/Register-to-study-through-Unisa/Undergraduate-&-honours-qualifications/Find-your-qualification-&-choose-your-modules/All-qualifications/Bachelor-of-Arts-Sociology-and-Criminology-(99311-–-SCR)
Bachelor of Arts Sociology and Economics (99311 - SEC),Sociology and Economics,360,,14352,Human Sciences,99311 - SEC,7,"
Rules:
This qualification consists of 30 modules.
 
Students should note that during the course of their studies they would be required to have access
to a computer or laptop, printer and the internet.
",APS/AS:,,https://www.unisa.ac.za/sites/corporate/default/Register-to-study-through-Unisa/Undergraduate-&-honours-qualifications/Find-your-qualification-&-choose-your-modules/All-qualifications/Bachelor-of-Arts-Sociology-and-Economics-(99311-–-SEC)
Bachelor of Arts Sociology and Geography (99311 - SGE),Sociology and Geography,360,,14352,Human Sciences,99311 - SGE,7,"
Rules:
This qualification consists of 30 modules.
 
Students should note that during the course of their studies they would be required to have access
to a computer or laptop, printer and the internet.
",APS/AS:,,https://www.unisa.ac.za/sites/corporate/default/Register-to-study-through-Unisa/Undergraduate-&-honours-qualifications/Find-your-qualification-&-choose-your-modules/All-qualifications/Bachelor-of-Arts-Sociology-and-Geography-(99311-–-SGE)
Bachelor of Arts Sociology and Industrial and Organisational Psychology (99311 - SIO),Sociology and Industrial and Organisational Psychology,360,,14352,Human Sciences,99311 - SIO,7,"
Rules:
This qualification consists of 30 modules.
 
Students should note that during the course of their studies they would be required to have access
to a computer or laptop, printer and the internet.
",APS/AS:,,https://www.unisa.ac.za/sites/corporate/default/Register-to-study-through-Unisa/Undergraduate-&-honours-qualifications/Find-your-qualification-&-choose-your-modules/All-qualifications/Bachelor-of-Arts-Sociology-and-Industrial-and-Organisational-Psychology-(99311-–-SIO)
Bachelor of Arts Sociology and Politics (99311 - SPO),Sociology and Politics,360,,14352,Human Sciences,99311 - SPO,7,"
Rules:
This qualification consists of 30 modules.
 
Students should note that during the course of their studies they would be required to have access
to a computer or laptop, printer and the internet.
",APS/AS:,,https://www.unisa.ac.za/sites/corporate/default/Register-to-study-through-Unisa/Undergraduate-&-honours-qualifications/Find-your-qualification-&-choose-your-modules/All-qualifications/Bachelor-of-Arts-Sociology-and-Politics-(99311-–-SPO)
Bachelor of Arts Sociology and Psychology (99311 - SPS),Sociology and Psychology,360,,14352,Human Sciences,99311 - SPS,7,"
Rules:
This qualification consists of 30 modules.
 
Students should note that during the course of their studies they would be required to have access
to a computer or laptop, printer and the internet.
",APS/AS:,,https://www.unisa.ac.za/sites/corporate/default/Register-to-study-through-Unisa/Undergraduate-&-honours-qualifications/Find-your-qualification-&-choose-your-modules/All-qualifications/Bachelor-of-Arts-Sociology-and-Psychology-(99311-–-SPS)
Bachelor of Arts Theory of Literature and Geography (99311 - TLG),Theory of Literature and Geography,360,,14352,Human Sciences,99311 - TLG,7,"
Rules:
This qualification consists of 30 modules.
 
Students should note that during the course of their studies they would be required to have access
to a computer or laptop, printer and the internet.
",APS/AS:,,https://www.unisa.ac.za/sites/corporate/default/Register-to-study-through-Unisa/Undergraduate-&-honours-qualifications/Find-your-qualification-&-choose-your-modules/All-qualifications/Bachelor-of-Arts-Theory-of-Literature-and-Geography-(99311-–-TLG)
Bachelor of Arts Theory of Literature and Private Law (99311 - TPL),Theory of Literature and Private Law,360,,14352,Human Sciences,99311 - TPL,7,"
Rules:
This qualification consists of 30 modules.
 
Students should note that during the course of their studies they would be required to have access
to a computer or laptop, printer and the internet.
",APS/AS:,,https://www.unisa.ac.za/sites/corporate/default/Register-to-study-through-Unisa/Undergraduate-&-honours-qualifications/Find-your-qualification-&-choose-your-modules/All-qualifications/Bachelor-of-Arts-Theory-of-Literature-and-Private-Law-(99311-–-TPL)
Bachelor of Arts in Communication Science (98051),98051,14169,,20,Human Sciences,7,360,"Purpose statement:The purpose of this qualification is to familiarise learners with the content and basic theories of a number of disciplines in the humanities and social sciences, at the basic and intermediate level, and to provide them with a deeper grasp of one or more of these disciplines taken at exit level (level 7), as well as to enable them to place new knowledge in context and to use appropriate methods for seeking resolution of problems; 
To provide learners with a variety of basic scholarly and intellectual competencies, including the ability to question critically the assumptions of a limited range of theories and authorities, and to develop an understanding of elementary research methods used within one or more disciplines; 
To equip learners with the ability to give an accurate account of scholarly positions and the competence to express their own opinions clearly and coherently, both in written and oral communication; 
To prepare learners for post learner study; 
To provide learners with a well-rounded and broad education across a number of disciplines, thus preparing them for a wide range of professions crucial to the welfare of society; 
To produce learners who are able to think laterally, critically and creatively; 
To produce learners who are prepared for life-long learning; 
To produce learners who understand the principles of, and are capable of critical citizenship. 
","
Rules:
This qualification consists of 30 modules.
 
Students should note that during the course of their studies they would be required to have access
to a computer or laptop, printer and the internet.
 
Some of the pre-requisites and/ or co-requisites outlined in this qualification may not apply as
they do not form part of the curriculum.
",,https://www.unisa.ac.za/sites/corporate/default/Register-to-study-through-Unisa/Undergraduate-&-honours-qualifications/Find-your-qualification-&-choose-your-modules/All-qualifications/Bachelor-of-Arts-in-Communication-Science-(98051)
Bachelor of Arts in Communication Studies (90186),90186,120077,,20,Human Sciences,7,360,"Purpose statement:The Bachelor of Arts in Communication provides a depth of knowledge of communication to enable learners to apply their learning in the contexts of a decolonising Africa and its communication industries, as well as of the fragmentation, convergence, transformation, and disruption of communications. The qualification contains universal principles, quality academic and career-focused learning, and theory, as well as research opportunities to prepare learners for employment.

The qualification incorporates a creative, critical, problem-posing approach to communication that embraces multiple perspectives of communication, its historical development and context, and personal, community, industrial and professional manifestations. Qualifying learners will develop analytical, interpretative, and argumentative skills which will empower them to critique the received knowledge of the discipline and its manifestations in African society and to formulate and maintain coherent positions on the relationship between communication and its social structures, justice, economic contexts, ethics, and the moral sphere.

This qualification allows for the development of various competencies and capabilities in the digital age as qualifying learners must engage with emerging technologies in the analysis and application of communication. Computer and communication technologies necessitate digital practices because the semiotic practices of reading, writing, listening, and speaking are constantly adapted to represent the experiences of the global village through the integration of multi-modalities with multiple media and contexts. Content is re-created through the integration of digital technology and related skills. Learners must demonstrate the application of appropriate technologies to communicate effectively using different media, and critically reflect upon, and understand operations of the changing media environment, media products and media consumption by audiences.

The completed qualification provides an opportunity for career advancement across the spectrum of media and the discipline, as well as for further studies in the disciplines of communication.
","
Rules:
This qualification consists of 29 modules.
 
Students should note that during the course of their studies they would be required to have access
to a computer or laptop, printer and the internet.
 
Some of the pre-requisites and/ or co-requisites outlined in this qualification may not apply as
they do not form part of the curriculum.
",,https://www.unisa.ac.za/sites/corporate/default/Register-to-study-through-Unisa/Undergraduate-&-honours-qualifications/Find-your-qualification-&-choose-your-modules/All-qualifications/Bachelor-of-Arts-in-Communication-Studies-(90186)
Bachelor of Arts in Community Development (98618),98618,101251,,20,Human Sciences,7,360,"Purpose statement:The purpose of this qualification includes: to familiarise learners with the content and basic theories of a number of disciplines in the humanities and social sciences, at the basic and intermediate level, and to provide them with a deeper grasp of one or more of these disciplines taken at exit level (level 6), as well as to enable them to place new knowledge in context and to use appropriate methods for seeking resolution of problems; 
To provide learners with a variety of basic scholarly and intellectual competencies, including the ability to question critically the assumptions of a limited range of theories and authorities, and to develop an understanding of elementary research methods used within one or more disciplines; To equip learners with the ability to give an accurate account of scholarly positions and the competence to express their own opinions clearly and coherently, both in written and oral communication; To prepare learners for post learner study; To provide learners with a well-rounded and broad education across a number of disciplines, thus preparing them for a wide range of professions crucial to the welfare of society; 
To produce learners who are able to think laterally, critically and creatively; 
To produce learners who are prepared for life-long learning; 
To produce learners who understand the principles of, and are capable of critical citizenship. 
","
Rules:
This qualification consists of 25 modules with Development Studies (DVA) indicated as the MAJOR.
 
Students should note that during the course of their studies they would be required to have access
to a computer or laptop, printer and the internet.
",,https://www.unisa.ac.za/sites/corporate/default/Register-to-study-through-Unisa/Undergraduate-&-honours-qualifications/Find-your-qualification-&-choose-your-modules/All-qualifications/Bachelor-of-Arts-in-Community-Development-(98618)
Bachelor of Arts in Creative Writing (99313),99313,101246,,20,Human Sciences,7,360,"Purpose statement:Purpose of this qualification include: 
To familiarise learners with the content and basic theories of a number of disciplines in the humanities and social sciences, at the basic and intermediate level, and to provide them with a deeper grasp of one or more of these disciplines taken at exit level (level 6), as well as to enable them to place new knowledge in context and to use appropriate methods for seeking resolution of problems; 
To provide learners with a variety of basic scholarly and intellectual competencies, including the ability to question critically the assumptions of a limited range of theories and authorities, and to develop an understanding of elementary research methods used within one or more disciplines; 
To equip learners with the ability to give an accurate account of scholarly positions and the competence to express their own opinions clearly and coherently, both in written and oral communication; 
To prepare learners for post learner study; 
To provide learners with a well-rounded and broad education across a number of disciplines, thus preparing them for a wide range of professions crucial to the welfare of society; 
To produce learners who are able to think laterally, critically and creatively; 
To produce learners who are prepared for life-long learning; 
To produce learners who understand the principles of, and are capable of critical citizenship.","
Rules:
This qualification consists of 30 modules.
 
Students should note that during the course of their studies they would be required to have access
to a computer or laptop, printer and the internet.
",,https://www.unisa.ac.za/sites/corporate/default/Register-to-study-through-Unisa/Undergraduate-&-honours-qualifications/Find-your-qualification-&-choose-your-modules/All-qualifications/Bachelor-of-Arts-in-Creative-Writing-(99313)
Bachelor of Arts in Development Studies (99312),99312,101247,,20,Human Sciences,7,360,"Purpose statement:The purpose of this qualification is to familiarise learners with the content and basic theories of a number of disciplines in the humanities and social sciences, at the basic and intermediate level, and to provide them with a deeper grasp of one or more of these disciplines taken at exit level (level 6), as well as to enable them to place new knowledge in context and to use appropriate methods for seeking resolution of problems; 
To provide learners with a variety of basic scholarly and intellectual competencies, including the ability to question critically the assumptions of a limited range of theories and authorities, and to develop an understanding of elementary research methods used within one or more disciplines; 
To equip learners with the ability to give an accurate account of scholarly positions and the competence to express their own opinions clearly and coherently, both in written and oral communication; To prepare learners for post learner study; To provide learners with a well-rounded and broad education across a number of disciplines, thus preparing them for a wide range of professions crucial to the welfare of society; 
To produce learners who are able to think laterally, critically and creatively; 
To produce learners who are prepared for life-long learning; 
To produce learners who understand the principles of, and are capable of critical citizenship. 
","
Rules:
This qualification consists of 30 modules with Development Studies as the MAJOR.
 
Students should note that during the course of their studies they would be required to have access
to a computer or laptop, printer and the internet.
",,https://www.unisa.ac.za/sites/corporate/default/Register-to-study-through-Unisa/Undergraduate-&-honours-qualifications/Find-your-qualification-&-choose-your-modules/All-qualifications/Bachelor-of-Arts-in-Development-Studies-(99312)
"Bachelor of Arts in Government, Administration and Development (99301)",99301,101235,,20,Human Sciences,7,360,"Purpose statement:The purpose of this qualification include: to familiarise learners with the content and basic theories of a number of disciplines in the humanities and social sciences, at the basic and intermediate level, and to provide them with a deeper grasp of one or more of these disciplines taken at exit level (level 7), as well as to enable them to place new knowledge in context and to use appropriate methods for seeking resolution of problems;  To provide learners with a variety of basic scholarly and intellectual competencies, including the ability to question critically the assumptions of a limited range of theories and authorities, and to develop an understanding of elementary research methods used within one or more disciplines;  To equip learners with the ability to give an accurate account of scholarly positions and the competence to express their own opinions clearly and coherently, both in written and oral communication; To prepare learners for post learner study; To provide learners with a well-rounded and broad education across a number of disciplines, thus preparing them for a wide range of professions crucial to the welfare of society;  To produce learners who are able to think laterally, critically and creatively;  To produce learners who are prepared for life-long learning;  To produce learners who understand the principles of, and are capable of critical citizenship.","
Rules:
This qualification consists of 30 modules and TWO majors selected from the following disciplines:
Developmental Studies, Politics and Public Administration.
 
Students should note that during the course of their studies they would be required to have access
to a computer or laptop, printer and the internet.
 
Some of the pre-requisites and/ or co-requisites outlined in this qualification may not apply as
they do not form part of the curriculum.
",,"https://www.unisa.ac.za/sites/corporate/default/Register-to-study-through-Unisa/Undergraduate-&-honours-qualifications/Find-your-qualification-&-choose-your-modules/All-qualifications/Bachelor-of-Arts-in-Government,-Administration-and-Development-(99301)"
Bachelor of Arts in International Relations (99302),99302,101232,,20,Human Sciences,7,360,"Purpose statement:The purpose of this qualification include: to familiarise learners with the content and basic theories of a number of disciplines in the humanities and social sciences, at the basic and intermediate level, and to provide them with a deeper grasp of one or more of these disciplines taken at exit level (level 7), as well as to enable them to place new knowledge in context and to use appropriate methods for seeking resolution of problems; 
To provide learners with a variety of basic scholarly and intellectual competencies, including the ability to question critically the assumptions of a limited range of theories and authorities, and to develop an understanding of elementary research methods used within one or more disciplines; 
To equip learners with the ability to give an accurate account of scholarly positions and the competence to express their own opinions clearly and coherently, both in written and oral communication; To prepare learners for post learner study; To provide learners with a well-rounded and broad education across a number of disciplines, thus preparing them for a wide range of professions crucial to the welfare of society; 
To produce learners who are able to think laterally, critically and creatively; 
To produce learners who are prepared for life-long learning; 
To produce learners who understand the principles of, and are capable of critical citizenship.","
Rules:
This qualification consists of 30 modules with International Politics (IPC) must be indicated as the
MAJOR.
 
Students should note that during the course of their studies they would be required to have access
to a computer or laptop, printer and the internet.
 
Some of the pre-requisites and/ or co-requisites outlined in this qualification may not apply as
they do not form part of the curriculum.
",,https://www.unisa.ac.za/sites/corporate/default/Register-to-study-through-Unisa/Undergraduate-&-honours-qualifications/Find-your-qualification-&-choose-your-modules/All-qualifications/Bachelor-of-Arts-in-International-Relations-(99302)
Bachelor of Arts in Nursing Science Health Services Management and Education (0216X - HHS),Health Services Management and Education,360,,5365,Human Sciences,0216X - HHS,6,"
Rules:
This qualification consists of 30 modules with Health Services Management and Education indicated as
the MAJOR.
 
Students must, with every registration for the BA (CUR), submit their Annual Practising Certificate
(issued by the South African Nursing Council (SANC) or Nursing Authority in the relevant country),
indicating registration as a general nurse. Neither an enrolled nurse, nor an auxiliary nurse may
register for this qualification.
 
Students should note that during the course of their studies they would be required to have access
to a computer or laptop, printer and the internet.
",APS/AS:,,https://www.unisa.ac.za/sites/corporate/default/Register-to-study-through-Unisa/Undergraduate-&-honours-qualifications/Find-your-qualification-&-choose-your-modules/All-qualifications/Bachelor-of-Arts-in-Nursing-Science-Health-Services-Management-and-Education-(0216X-–-HHS)
"Bachelor of Arts in Nursing Science Health Services Management, Education and Community Health (0216X - HSM)","Health Services Management, Education and Community Health",360,,5365,Human Sciences,0216X - HSM,6,"
Rules:
This qualification consists of 30 modules with Health Services Management, Education and Community
Health indicated as the MAJOR.
 
Students must, with every registration for the BA (CUR), submit their Annual Practising Certificate
(issued by the South African Nursing Council (SANC) or Nursing Authority in the relevant country),
indicating registration as a general nurse and a midwife. Students who are not registered as a
midwife may only register for BA (CUR)-HHS.  Neither and enrolled nurse, nor an auxiliary nurse may
register for this qualification.
 
Some of the pre-requisites and/ or co-requisites outlined in this qualification may not apply as
they do not form part of the curriculum.
 
Students should note that during the course of their studies they would be required to have access
to a computer or laptop, printer and the internet.
",APS/AS:,,"https://www.unisa.ac.za/sites/corporate/default/Register-to-study-through-Unisa/Undergraduate-&-honours-qualifications/Find-your-qualification-&-choose-your-modules/All-qualifications/Bachelor-of-Arts-in-Nursing-Science-Health-Services-Management,-Education-and-Community-Health-(0216X-–-HSM)"
Bachelor of Arts in Policy Studies (99303),99303,101236,,20,Human Sciences,7,360,"Purpose statement:The purpose of this qualification is to familiarise learners with the content and basic theories of a number of disciplines in the humanities and social sciences, at the basic and intermediate level, and to provide them with a deeper grasp of one or more of these disciplines taken at exit level (level 7), as well as to enable them to place new knowledge in context and to use appropriate methods for seeking resolution of problems; 
To provide learners with a variety of basic scholarly and intellectual competencies, including the ability to question critically the assumptions of a limited range of theories and authorities, and to develop an understanding of elementary research methods used within one or more disciplines; To equip learners with the ability to give an accurate account of scholarly positions and the competence to express their own opinions clearly and coherently, both in written and oral communication; To prepare learners for post learner study; To provide learners with a well-rounded and broad education across a number of disciplines, thus preparing them for a wide range of professions crucial to the welfare of society; 
To produce learners who are able to think laterally, critically and creatively; 
To produce learners who are prepared for life-long learning; 
To produce learners who understand the principles of, and are capable of critical citizenship. 
","
Rules:
This qualification consists of 25 modules and Politics as the MAJOR.
 
Students should note that during the course of their studies they would be required to have access
to a computer or laptop, printer and the internet.
 
Some of the pre-requisites and/ or co-requisites outlined in this qualification may not apply as
they do not form part of the curriculum.
",,https://www.unisa.ac.za/sites/corporate/default/Register-to-study-through-Unisa/Undergraduate-&-honours-qualifications/Find-your-qualification-&-choose-your-modules/All-qualifications/Bachelor-of-Arts-in-Policy-Studies-(99303)
Bachelor of Arts in Political Leadership and Citizenship (99304),99304,101237,,20,Human Sciences,7,360,"Purpose statement:The purpose of this qualification include: to familiarise learners with the content and basic theories of a number of disciplines in the humanities and social sciences, at the basic and intermediate level, and to provide them with a deeper grasp of one or more of these disciplines taken at exit level (level 7), as well as to enable them to place new knowledge in context and to use appropriate methods for seeking resolution of problems; 
To provide learners with a variety of basic scholarly and intellectual competencies, including the ability to question critically the assumptions of a limited range of theories and authorities, and to develop an understanding of elementary research methods used within one or more disciplines; To equip learners with the ability to give an accurate account of scholarly positions and the competence to express their own opinions clearly and coherently, both in written and oral communication; To prepare learners for post learner study; To provide learners with a well-rounded and broad education across a number of disciplines, thus preparing them for a wide range of professions crucial to the welfare of society; 
To produce learners who are able to think laterally, critically and creatively; 
To produce learners who are prepared for life-long learning; 
To produce learners who understand the principles of, and are capable of critical citizenship. 
","
Rules:
This qualification consists of 30 modules and Politics as the MAJOR.
 
Students should note that during the course of their studies they would be required to have access
to a computer or laptop, printer and the internet.
 
Some of the pre-requisites and/ or co-requisites outlined in this qualification may not apply as
they do not form part of the curriculum.
",,https://www.unisa.ac.za/sites/corporate/default/Register-to-study-through-Unisa/Undergraduate-&-honours-qualifications/Find-your-qualification-&-choose-your-modules/All-qualifications/Bachelor-of-Arts-in-Political-Leadership-and-Citizenship-(99304)
"Bachelor of Arts in Politics, Philosophy and Economics (90079)",90079,101252,,20,Human Sciences,7,360,"Purpose statement:The purpose of this qualification is to familiarise learners with the content and basic theories of a number of disciplines in the humanities and social sciences, at the basic and intermediate level, and to provide them with a deeper grasp of one or more of these disciplines taken at exit level (level 7), as well as to enable them to place new knowledge in context and to use appropriate methods for seeking resolution of problems; 
To provide learners with a variety of basic scholarly and intellectual competencies, including the ability to question critically the assumptions of a limited range of theories and authorities, and to develop an understanding of elementary research methods used within one or more disciplines; 
To equip learners with the ability to give an accurate account of scholarly positions and the competence to express their own opinions clearly and coherently, both in written and oral communication; To prepare learners for post learner study; 
To provide learners with a well-rounded and broad education across a number of disciplines, thus preparing them for a wide range of professions crucial to the welfare of society; 
To produce learners who are able to think laterally, critically and creatively; 
To produce learners who are prepared for life-long learning; 
To produce learners who understand the principles of, and are capable of critical citizenship. 
","
Rules:
This qualification consists of 30 modules
 
Students should note that during the course of their studies they would be required to have access
to a computer or laptop, printer and the internet.
 
Some of the pre-requisites and/ or co-requisites outlined in this qualification may not apply as
they do not form part of the curriculum.
",,"https://www.unisa.ac.za/sites/corporate/default/Register-to-study-through-Unisa/Undergraduate-&-honours-qualifications/Find-your-qualification-&-choose-your-modules/All-qualifications/Bachelor-of-Arts-in-Politics,-Philosophy-and-Economics-(90079)"
Bachelor of Arts in Psychology (90180),90180,118636,,20,Human Sciences,7,360,"Purpose statement:The purpose of this qualification is to enable prospective mental health professionals and researchers in Psychology to prepare for a career in psychological services and/or psychological knowledge generation. The qualification aims to develop students' understanding of the basic principles of Psychology, knowledge of community functioning, understanding mental health well-being, development of psychometric assessments, the procedures for diagnosing mental health disorders, knowledge of social and societal functioning, critical understanding of the principles of scientific research related to human behaviour, emotion, development, ageing and cognition. Furthermore, the qualification emphasises the development of counselling skills within the South African context. The qualification further aims to make students aware of the political history of Psychology and how it has contributed to the power structures that legitimised inequalities in societies. Students are encouraged to critically consider the shift from Psychology in Africa to African Psychology and to claim Psychology as an African endeavour.

The Bachelor of Arts in Psychology consists of a minimum of 50% Psychology modules which form the core of the degree and are combined with a choice (electives) from other Humanities and Social Science disciplines. The aim of the multidisciplinary and transdisciplinary teaching approach applied within this qualification is to develop well-rounded psychological professionals who are capable of drawing on multidisciplinary and transdisciplinary knowledge in studying human development and behaviour and providing mental health services. 

","
Rules:
This qualification consists of 30 modules.
 
Students should note that during the course of their studies they would be required to have access
to a computer or laptop, printer and the internet.
 
Some of the pre-requisites and/ or co-requisites outlined in this qualification may not apply as
they do not form part of the curriculum.
",,https://www.unisa.ac.za/sites/corporate/default/Register-to-study-through-Unisa/Undergraduate-&-honours-qualifications/Find-your-qualification-&-choose-your-modules/All-qualifications/Bachelor-of-Arts-in-Psychology-(90180)
Bachelor of Arts in Visual Multimedia Arts (90091),90091,101935,,20,Human Sciences,7,372,"Purpose statement:This qualification prepares qualifying students with opportunities to function as creative artists in either traditional fine arts, design and new media and or multi-media. On completion of their studies students can take careers as professional artists either in self-employment working individually from private studios as painters, sculptors, ceramists, printmakers software art or in collaboration with other artists producing work of exhibition standard for galleries and art collectors, or work within the educational sector or design fields and in other industries as gallery/museum assistants, curators, illustrators, , digital video editing, web design, graphic design, games, programming, etc.","
Rules:
This qualification consists of 22 modules.
 
Students should note that during the course of their studies they would be required to have access
to a computer or laptop, printer and the internet.
",,https://www.unisa.ac.za/sites/corporate/default/Register-to-study-through-Unisa/Undergraduate-&-honours-qualifications/Find-your-qualification-&-choose-your-modules/All-qualifications/Bachelor-of-Arts-in-Visual-Multimedia-Arts-(90091)
Bachelor of Information Science (99310),99310,96463,,20,Human Sciences,7,360,"Purpose statement:The purpose of this qualification will enable learners to be trained in the use, organisation and management of information, which are essential skills in the information era. Such learners will also serve a valuable function in helping to develop and support a reading culture (recently identified as a problem area by the Ministry of Arts and Culture), and make information accessible and available for the community. 
","
Rules:
This qualification consists of 30 modules with Information Science as the MAJOR.
 
Students should note that during the course of their studies they would be required to have access
to a computer or laptop, printer and the internet.
",,https://www.unisa.ac.za/sites/corporate/default/Register-to-study-through-Unisa/Undergraduate-&-honours-qualifications/Find-your-qualification-&-choose-your-modules/All-qualifications/Bachelor-of-Information-Science-(99310)
Bachelor of Music (90089),90089,101510,,20,Human Sciences,7,360,"Purpose statement:This qualification prepares qualifying students to function as professional musicians, composers, music industry specialists, and music scholars. Qualifying students will have specialist knowledge and skills in African music, composition studies, music technology, musicology, ethnomusicology, music theory, and the music business. They will be able to interpret music from historical and oral sources, compose music in a range of popular, jazz, and art music styles, and orchestrate combinations of African and Western musical instruments. On completion of their studies students are qualified for careers as professional musicians as composers, producers, and researchers, or in collaboration with other musicians in recording, editing, and mastering professional work for the recording industry. Graduates will be qualified to work in the music business and the creative arts industries in general. Graduates will also be qualified to work  in the educational sector,  as music critics and writers, and as composers and producers for film, television, radio, and broadcast media. Graduates will be qualified to conduct basic research, and for admission to postgraduate studies in musicology, ethnomusicology, music theory, and composition studies.","
Rules:
This qualification consists of 27 modules.
 
The current BMus programme, known as the Bachelor of Music in Musicology, will be phased out from
2019 onwards, and replaced with the new BMus, Bachelor of Music degree. All incoming students will
register for the new programme. Students currently in the old programme will have until 2023 to
finish this programme, with 1st level subjects offered until the end of 2018, 2nd level until the
end of 2019, and 3rd level until the end of 2020. Opportunities to re-register for failed subjects
will be offered for four years after the end of each level, with an additional year to take
supplementary and special exams, i.e., until the end of 2021 for 1st level, 2022 for 2nd level and
2023 for 3rd level. Thereafter, students will be transitioned into the new programme.
 
Students who have completed less than 50% of the old programme will be transitioned into the new
programme in 2019 (1st level) and 2020 (2nd level). Students who have completed more than 50% of the
old programme will have until 2023 to complete their degrees and will be permitted to finish this
qualification, uninterrupted, as per the policies and rules of the University. There are certain
special cases for particular modules, as shown below: BA electives: Students, who have completed up
to 24 credits of BA modules in terms of the electives for the Bachelor of Music in Musicology at 1st
level, or 36 credits at 2nd level, will be exempt from a similar number of credits for specific
modules in the new Bachelor of Music degree.
 
Some of the pre-requisites and/ or co-requisites outlined in this qualification may not apply as
they do not form part of the curriculum.
 
Students should note that during the course of their studies they would be required to have access
to a computer or laptop, printer and the internet.
",,https://www.unisa.ac.za/sites/corporate/default/Register-to-study-through-Unisa/Undergraduate-&-honours-qualifications/Find-your-qualification-&-choose-your-modules/All-qualifications/Bachelor-of-Music-(90089)
Bachelor of Social Work (90088),90088,101834,,21,Human Sciences,8,552,"Purpose statement:The purpose of this qualification is to ensure that all graduates will be able to contribute meaningfully to enhance the quality of life for all by means of social development and transformation through acquired knowledge, skills and values. The BSW will equip its graduates to address many of the consequences of social inequality, exclusion, poverty and marginalisation through evidence-based interventions.  The overarching values that guide social work education and training are: social justice, Ubuntu, human rights and respect for indigenous knowledge systems and the environment.","
Rules:
This qualification consists of 37 modules.
 
Students must choose either Psychology or Sociology as a second major and must complete three
modules (NQF level 6) from either Psychology or Sociology.
 
BSW2605 includes a maximum of 140 hours' work-integrated learning in a practical setting at an
approved organisation and under supervision of a registered social worker.
 
Full-time students in the BSW may register for up to 144 credits per annum to account for the
practical work.
 
BSW3705 includes a maximum of 200 hours' work-integrated learning in a practical setting at approved
organisation and under supervision of a registered social worker.
 
Students must register with the South African Council for Social Service Profession (SACSSP) as
student social workers before registering for the following practical modules: BSW2605, BSW3705 or
BSW4805.
 
STUDENTS WILL NOT BE ABLE TO REGISTER WITHOUT THE POLICE CLEARANCE AND THE TWO TESTIMONIALS.
 
Students should note that during the course of their studies they would be required to have access
to a computer or laptop, printer and the internet.
",,https://www.unisa.ac.za/sites/corporate/default/Register-to-study-through-Unisa/Undergraduate-&-honours-qualifications/Find-your-qualification-&-choose-your-modules/All-qualifications/Bachelor-of-Social-Work-(90088)
Bachelor of Theology (90160),90160,112113,,20,Human Sciences,7,360,"Purpose statement:The purpose of this qualification is to deliver learners who can critically apply focused analysis, knowledge and skills in the service and leadership - both lay and ordained - of Christian communities, community organisations and society. This interdisciplinary Qualification produces life-long theological learners who are equipped to raise and debate current issues in African and international contexts. The Qualification also seeks to enable learners develop, clarify and articulate a value system from a Christian perspective. This Qualification is intended for consciousness-raising of learners with respect to issues of justice such as gender, social disparity, disability and the environment, and enable them to develop transformative communities, and contribute to the development of the society as a whole. 
","
Rules:This qualification consists of 30 modules. Students should note that during the course of their studies they would be required to have access to a computer or laptop, printer and the internet.",,https://www.unisa.ac.za/sites/corporate/default/Register-to-study-through-Unisa/Undergraduate-&-honours-qualifications/Find-your-qualification-&-choose-your-modules/All-qualifications/Bachelor-of-Theology-(90160)
Bachelor of Visual Arts (02224),02224,20924,,20,Human Sciences,7,480,"Purpose statement:The purpose of this qualification is designed to provide BVA graduates with professional training in the visual arts in order to practice as professional artists or in art-related professions.

Secondary purposes: 

The BVA degree provides the local and global communities with leaders in the field of the visual arts who understand the crucial role they have to play in society and who can make a significant contribution to the cultural life of local and global communities through skills and strategies of facilitation, administration and partnerships in the visual arts. 

Since the BVA enables students to continue with post-graduate studies in Art History and Visual Arts as well as in other art-related fields, its base of scholarly activity is wide. 

The BVA degree provides the South African, African and global communities with graduates who will meet the requirements to register for a variety of professional qualifications with a relevant statutory body.","
Rules:
This qualification consists of 29 modules with Visual Arts indicated as the MAJOR.
 
Students must obtain prior permission from the Department of Art and Music on 0124296798
before registering for the degree.
 
In addition to the normal study fees, a studio fee is payable for each module in Drawing, Painting,
Sculpture and Visual Arts. Students are expected to attend two workshops at one of the university's
approved centres.  Workshops are normally conducted at least twice a year, for a period of
approximately three to five days each, in Cape Town, Durban and Pretoria.
Further details are sent to students early in the year.  Students are strongly advised to attend all
the days of each workshop presented for their particular modules as these are important modes of
tuition.
 
Please note: these practical subjects demand much of a student's time and the equipment and
materials required are expensive. The university will not be responsible for any loss or damage to a
student's work. The Department reserves the right to retain the student's practical and written work
for study material, teaching purposes and/or for exhibitions.
 
Students should note that during the course of their studies they would be required to have access
to a computer or laptop, printer and the internet.
",,https://www.unisa.ac.za/sites/corporate/default/Register-to-study-through-Unisa/Undergraduate-&-honours-qualifications/Find-your-qualification-&-choose-your-modules/All-qualifications/Bachelor-of-Visual-Arts-(02224)
Bachelor of Arts Honours in African Languages (99306),99306,101066,,60,Human Sciences,8,120,"Purpose statement:The purpose of this qualification is aimed at broadening the students' knowledge of linguistics and literary studies as academic subjects in African languages. Included are opportunities to gain insight into word, sentence and meaning construction in the African languages, to develop writing skills and creative abilities. It will enhance knowledge of effective communication in all spheres of life and open up a world of literary and cultural knowledge. Students will be equipped for more effective performance in careers such as media researchers and presenters, journalists, editors, publishers, librarians, teachers, educationalists, academic researchers, lexicographers, advertising agents, prospective authors and theatre artists.","
Rules:
This qualification consists of 5 modules.
 
This qualification can be completed in one year. Students choosing to do it over more than one year
are advised to register for the Research Report in their final year of study.
 
TRANSITIONAL ARRANGEMENTS:
 
Students retain credits for all papers completed under the old curriculum.
 
HALSSSN has been replaced by AFL4801, students who have already passed HALSSSN may not register
AFL4801.
HALLSMQ has been replaced by AFL4802, students who have already passed HALLSMQ may not register
AFL4802.
HALTRA4 has been replaced by AFL4803, students who have already passed HALTRA4 may not register
AFL4803.
HALMOLJ has been replaced by AFL4804, students who have already passed HALMOLJ may not register
AFL4804.
ENN103F has been replaced by ENG1503, students who have already passed ENN103F may not register
ENG1503.
 
Students who by the end of 2011 academic year were left with a deficit of 12 credits for the
completion of their degree (in other words students who passed only one of the 12 credit modules
(MSLFNDL or MSLPLPV), must enrol for the following 12 credit module: HAPL484 (Language planning in
education).
 
Students should note that during the course of their studies they would be required to have access
to a computer or laptop, printer and the internet.
",,https://www.unisa.ac.za/sites/corporate/default/Register-to-study-through-Unisa/Undergraduate-&-honours-qualifications/Find-your-qualification-&-choose-your-modules/All-qualifications/Bachelor-of-Arts-Honours-in-African-Languages-(99306)
Bachelor of Arts Honours in African Politics (99307),99307,101067,,60,Human Sciences,8,120,"Purpose statement:The primary purpose of the qualification is to provide Honours BA graduates with systematic knowledge, specialized skills and theoretical competence focusing on or within a particular discipline or within an interdisciplinary framework to prepare them for specialist training at an advanced level. 

A second purpose of the qualification is to provide South Africa (and other countries) with graduates who have in-depth knowledge and the confidence to identify and define complex problems and to apply their skills in finding solutions to those problems, especially within unfamiliar contexts. 

A third purpose of the qualification is to provide South Africa (and other countries) with people who can demonstrate thorough familiarity with a particular discipline or interdisciplinary framework and have the ability to perform independently as intellectual leaders in their society.","
Rules:
This qualification consists of 5 modules.
 
This qualification can be completed in one year. Students choosing to do it over more than one year
are advised to register for the Research Report in their final year of study.
 
Students should note that during the course of their studies they would be required to have access
to a computer or laptop, printer and the internet.
",,https://www.unisa.ac.za/sites/corporate/default/Register-to-study-through-Unisa/Undergraduate-&-honours-qualifications/Find-your-qualification-&-choose-your-modules/All-qualifications/Bachelor-of-Arts-Honours-in-African-Politics-(99307)
Bachelor of Arts Honours in Afrikaans Language Stream (99435 - LAN),Language Stream,120,,101105,Human Sciences,99435 - LAN,8,"
Rules:
This qualification consists of 5 modules.
 
This qualification can be completed in one year. Students choosing to do it over more than one year
are advised to register for the Research Report in their final year of study.
 
TRANSITIONAL ARRANGEMENTS:
 
SB70073 has been replaced by SBH4802, students who have already passed SB70073 may not register
SBH4802.
 
Students should note that during the course of their studies they would be required to have access
to a computer or laptop, printer and the internet.
",APS/AS:,,https://www.unisa.ac.za/sites/corporate/default/Register-to-study-through-Unisa/Undergraduate-&-honours-qualifications/Find-your-qualification-&-choose-your-modules/All-qualifications/Bachelor-of-Arts-Honours-in-Afrikaans-Language-Stream-(99435-–-LAN)
Bachelor of Arts Honours in Afrikaans Literature Stream (99435 - LIT),Literature Stream,120,,101105,Human Sciences,99435 - LIT,8,"
Rules:
This qualification consists of 5 modules.
 
This qualification can be completed in one year. Students choosing to do it over more than one year
are advised to register for the Research Report in their final year of study.
 
Students should note that during the course of their studies they would be required to have access
to a computer or laptop, printer and the internet.
",APS/AS:,,https://www.unisa.ac.za/sites/corporate/default/Register-to-study-through-Unisa/Undergraduate-&-honours-qualifications/Find-your-qualification-&-choose-your-modules/All-qualifications/Bachelor-of-Arts-Honours-in-Afrikaans-Literature-Stream-(99435-–-LIT)
Bachelor of Arts Honours in Ancient Near Eastern Studies (99402),99402,101068,,60,Human Sciences,8,120,"Purpose statement:The primary purpose of the qualification is to provide Honours BA graduates with systematic knowledge, specialized skills and theoretical competence focusing on or within a particular discipline or within an interdisciplinary framework to prepare them for specialist training at an advanced level. 

A second purpose of the qualification is to provide South Africa (and other countries) with graduates who have in-depth knowledge and the confidence to identify and define complex problems and to apply their skills in finding solutions to those problems, especially within unfamiliar contexts. 

A third purpose of the qualification is to provide South Africa (and other countries) with people who can demonstrate thorough familiarity with a particular discipline or interdisciplinary framework and have the ability to perform independently as intellectual leaders in their society.","
Rules:
This qualification consists of 5 modules.
 
This qualification can be completed in one year. Students choosing to do it over more than one year
are advised to register for the Research Report in their final year of study.
 
Students should note that during the course of their studies they would be required to have access
to a computer or laptop, printer and the internet.
",,https://www.unisa.ac.za/sites/corporate/default/Register-to-study-through-Unisa/Undergraduate-&-honours-qualifications/Find-your-qualification-&-choose-your-modules/All-qualifications/Bachelor-of-Arts-Honours-in-Ancient-Near-Eastern-Studies-(99402)
Bachelor of Arts Honours in Anthropology (99403),99403,101069,,60,Human Sciences,8,120,"Purpose statement:The purpose of the BA (Hons.) in Anthropology degree is to assist graduates with cultivating an attitude of critical thinking and to assist with building a base of analytical, communication, data management, planning, problem-solving, writing and other research methodology skills which is in conversation with discipline-specific sensitivities as well as being useful for gainful employment in a variety of roles outside of the academy. In particular, this degree is decolonial in intent and the facilitation of learning associated with it seeks to place students at the centre so that graduates will have been stimulated to begin the process of self-actualising production of knowledge which is epistemically just for the contexts within which they find themselves in.","
Rules:
This qualification consists of 5 modules.
 
This qualification can be completed in one year. Students choosing to do it over more than one year
are advised to register for the Research Report in their final year of study.
 
APY4801 and APY4813 is offered ONLY in Semester 1 of each year, and APY4802 and APY4804 is offered
ONLY in Semester 2 of
each year. Students must adhere to undergraduate enrolment dates.
 
Students should note that during the course of their studies they would be required to have access
to a computer or laptop, printer and the internet.
",,https://www.unisa.ac.za/sites/corporate/default/Register-to-study-through-Unisa/Undergraduate-&-honours-qualifications/Find-your-qualification-&-choose-your-modules/All-qualifications/Bachelor-of-Arts-Honours-in-Anthropology-(99403)
Bachelor of Arts Honours in Applied Linguistics (99405),99405,101071,,60,Human Sciences,8,120,"Purpose statement:The purpose of this qualification is to provide teachers of an additional language (i.e. a second- or foreign language) and others who are involved in language education with postgraduate-level knowledge, insight and skill in a variety of areas of applied linguistics. Graduates will be able to apply the insights and skills acquired to the particular problems and opportunities associated with the discipline of applied linguistics and its key area of application: language education.","
Rules:
This qualification consists of 5 modules.
 
This qualification can be completed in one year. Students choosing to do it over more than one year
are advised to register for the Research Report in their final year of study.
 
Students should note that during the course of their studies they would be required to have access
to a computer or laptop, printer and the internet.
",,https://www.unisa.ac.za/sites/corporate/default/Register-to-study-through-Unisa/Undergraduate-&-honours-qualifications/Find-your-qualification-&-choose-your-modules/All-qualifications/Bachelor-of-Arts-Honours-in-Applied-Linguistics-(99405)
Bachelor of Arts Honours in Arabic (99404),99404,101070,,60,Human Sciences,8,120,"Purpose statement:The purpose of this qualification is to provide learners with postgraduate level skills for the acquisition, analysis and interpretation of Quranic Arabic, Arabic grammar and philology and the Arabic found in various specialized literary texts.","
Rules:
This qualification consists of 5 modules.
 
This qualification can be completed in one year. Students choosing to do it over more than one year
are advised to register for the Research Report in their final year of study.
 
Students should note that during the course of their studies they would be required to have access
to a computer or laptop, printer and the internet.
",,https://www.unisa.ac.za/sites/corporate/default/Register-to-study-through-Unisa/Undergraduate-&-honours-qualifications/Find-your-qualification-&-choose-your-modules/All-qualifications/Bachelor-of-Arts-Honours-in-Arabic-(99404)
Bachelor of Arts Honours in Archaeology (99406),99406,101072,,60,Human Sciences,8,120,"Purpose statement:The primary purpose of the qualification is to provide Honours BA graduates with systematic knowledge, specialized skills and theoretical competence focusing on or within a particular discipline or within an interdisciplinary framework to prepare them for specialist training at an advanced level. 

A second purpose of the qualification is to provide South Africa (and other countries) with graduates who have in-depth knowledge and the confidence to identify and define complex problems and to apply their skills in finding solutions to those problems, especially within unfamiliar contexts. 

A third purpose of the qualification is to provide South Africa (and other countries) with people who can demonstrate thorough familiarity with a particular discipline or interdisciplinary framework and have the ability to perform independently as intellectual leaders in their society.","
Rules:
This qualification consists of 5 modules.
 
This qualification can be completed in one year. Students choosing to do it over more than one year
are advised to register for the Research Report in their final year of study.
 
Students should note that during the course of their studies they would be required to have access
to a computer or laptop, printer and the internet.
",,https://www.unisa.ac.za/sites/corporate/default/Register-to-study-through-Unisa/Undergraduate-&-honours-qualifications/Find-your-qualification-&-choose-your-modules/All-qualifications/Bachelor-of-Arts-Honours-in-Archaeology-(99406)
Bachelor of Arts Honours in Archives and Records Management (90168),90168,112524,,60,Human Sciences,8,120,"Purpose statement:The current global information and knowledge economy calls for effective, efficient and innovative archives and records management practices. Therefore South Africa is in need of archival practitioners who will go the extra mile in ensuring proper digital preservation, sound archival repository management, information security and become guardians of authenticity. This qualification will have a significant impact on the competency of practitioners in archives and records management in South Africa and beyond. It will also strengthen the capacity of academic staff specialising in archives and records management in higher education to train and educate more archivists and records managers. Students completing this advanced specialisation will be able to conduct research in order to solve problems in their vocation and integrate issues such as transformation, globalisation, new technologies and other archiving and records concerns in their workplace and field. These include trending issues in the archives and records management field that cover data curatorship, governance, archival diplomatics and digital records forensics as dynamics in the growing discipline of Archives and Records Management (not previously fully integrated into curricula in South African tertiary institutions). Specialised professionals in the field of archives and records management will have relevant knowledge, skills and values to remain relevant in spite of rapid technological advances and be able to write research report. It is for such reasons that the teaching and assessment mode of this qualification will include e- learning to a great extent. Well-educated practitioners in this field will provide much needed leadership and guidance as managers in the companies, government institutions, and academic institutions within South Africa, Africa and internationally where many job opportunities exist, such as archivists, record managers, data curators, information security, knowledge managers, and others. The Honours qualification allows students to vertically articulate to the Masters, which is a qualification on NQF level 9.","
Rules:
This qualification consists of 5 modules.
 
Students should note that during the course of their studies they would be required to have access
to a computer or laptop, printer and the internet.
",,https://www.unisa.ac.za/sites/corporate/default/Register-to-study-through-Unisa/Undergraduate-&-honours-qualifications/Find-your-qualification-&-choose-your-modules/All-qualifications/Bachelor-of-Arts-Honours-in-Archives-and-Records-Management-(90168)
Bachelor of Arts Honours in Art History (99407),99407,101073,,60,Human Sciences,8,120,"Purpose statement:The primary purpose of the qualification is to provide Honours Bachelor of Arts (BA) graduates with systematic knowledge, specialised skills and theoretical competence focusing on or within a particular discipline or within an interdisciplinary framework to prepare them for specialist training at an advanced level.

A second purpose of the qualification is to provide South Africa (and other countries) with graduates who have in-depth knowledge and the confidence to identify and define complex problems and to apply their skills in finding solutions to those problems, especially within unfamiliar contexts.

A third purpose of the qualification is to provide South Africa (and other countries) with people who can demonstrate thorough familiarity with a particular discipline or interdisciplinary framework and have the ability to perform independently as intellectual leaders in their society.
","
Rules:
This qualification consists of 5 modules.
 
This qualification can be completed in one year. Students choosing to do it over more than one year
are advised to register for the Research Report in their final year of study.
 
Students should note that during the course of their studies they would be required to have access
to a computer or laptop, printer and the internet.
",,https://www.unisa.ac.za/sites/corporate/default/Register-to-study-through-Unisa/Undergraduate-&-honours-qualifications/Find-your-qualification-&-choose-your-modules/All-qualifications/Bachelor-of-Arts-Honours-in-Art-History-(99407)
Bachelor of Arts Honours in Biblical Archaeology Old Testament Period (99408 - OTP),Old Testament Period,120,,101074,Human Sciences,99408 - OTP,8,"
Rules:
This qualification consists of 5 modules.
 
This qualification can be completed in one year. Students choosing to do it over more than one year
are advised to register for the Research Report in their final year of study.
 
Students should note that during the course of their studies they would be required to have access
to a computer or laptop, printer and the internet.
",APS/AS:,,https://www.unisa.ac.za/sites/corporate/default/Register-to-study-through-Unisa/Undergraduate-&-honours-qualifications/Find-your-qualification-&-choose-your-modules/All-qualifications/Bachelor-of-Arts-Honours-in-Biblical-Archaeology-Old-Testament-Period-(99408-–-OTP)
Bachelor of Arts Honours in Biblical Studies New Testament Period (99409 - NTP),New Testament Period,120,,101106,Human Sciences,99409 - NTP,8,"
Rules:
This qualification consists of 5 modules.
 
This qualification can be completed in one year. Students choosing to do it over more than one year
are advised to register for the Research Report in their final year of study.
 
Students should note that during the course of their studies they would be required to have access
to a computer or laptop, printer and the internet.
",APS/AS:,,https://www.unisa.ac.za/sites/corporate/default/Register-to-study-through-Unisa/Undergraduate-&-honours-qualifications/Find-your-qualification-&-choose-your-modules/All-qualifications/Bachelor-of-Arts-Honours-in-Biblical-Studies-New-Testament-Period-(99409-–-NTP)
Bachelor of Arts Honours in Biblical Studies Old Testament Period (99409 - OTP),Old Testament Period,120,,101106,Human Sciences,99409 - OTP,8,"
Rules:
This qualification consists of 5 modules.
 
This qualification can be completed in one year. Students choosing to do it over more than one year
are advised to register for the Research Report in their final year of study.
 
Students should note that during the course of their studies they would be required to have access
to a computer or laptop, printer and the internet.
",APS/AS:,,https://www.unisa.ac.za/sites/corporate/default/Register-to-study-through-Unisa/Undergraduate-&-honours-qualifications/Find-your-qualification-&-choose-your-modules/All-qualifications/Bachelor-of-Arts-Honours-in-Biblical-Studies-Old-Testament-Period-(99409-–-OTP)
Bachelor of Arts Honours in Classical Studies (99410),99410,101076,,60,Human Sciences,8,120,"Purpose statement:The primary purpose of the qualification is to provide Honours BA graduates with systematic knowledge, specialized skills and theoretical competence focusing on or within a particular discipline or within an interdisciplinary framework to prepare them for specialist training at an advanced level. 

A second purpose of the qualification is to provide South Africa (and other countries) with graduates who have in-depth knowledge and the confidence to identify and define complex problems and to apply their skills in finding solutions to those problems, especially within unfamiliar contexts. 

A third purpose of the qualification is to provide South Africa (and other countries) with people who can demonstrate thorough familiarity with a particular discipline or interdisciplinary framework and have the ability to perform independently as intellectual leaders in their society.","
Rules:
This qualification consists of 5 modules.
 
This qualification can be completed in one year. Students choosing to do it over more than one year
are advised to register for the Research Report in their final year of study.
 
Students should note that during the course of their studies they would be required to have access
to a computer or laptop, printer and the internet.
",,https://www.unisa.ac.za/sites/corporate/default/Register-to-study-through-Unisa/Undergraduate-&-honours-qualifications/Find-your-qualification-&-choose-your-modules/All-qualifications/Bachelor-of-Arts-Honours-in-Classical-Studies-(99410)
Bachelor of Arts Honours in Development Studies (99438),99438,101107,,60,Human Sciences,8,120,"Purpose statement:The primary purpose of the qualification is to provide Honours BA graduates with systematic knowledge, specialized skills and theoretical competence focusing on or within a particular discipline or within an interdisciplinary framework to prepare them for specialist training at an advanced level. 

","
Rules:
This qualification consists of 5 modules.
 
This qualification can be completed in one year. Students choosing to do it over more than one year
are advised to register for the Research Report in their final year of study.
 
Students should note that during the course of their studies they would be required to have access
to a computer or laptop, printer and the internet.
",,https://www.unisa.ac.za/sites/corporate/default/Register-to-study-through-Unisa/Undergraduate-&-honours-qualifications/Find-your-qualification-&-choose-your-modules/All-qualifications/Bachelor-of-Arts-Honours-in-Development-Studies-(99438)
Bachelor of Arts Honours in English Studies (99411),99411,101077,,60,Human Sciences,8,120,"Purpose statement:The primary purpose of the qualification is to provide Honours BA graduates with systematic knowledge, specialized skills and theoretical competence focusing on or within a particular discipline or within an interdisciplinary framework to prepare them for specialist training at an advanced level. 

A second purpose of the qualification is to provide South Africa (and other countries) with graduates who have in-depth knowledge and the confidence to identify and define complex problems and to apply their skills in finding solutions to those problems, especially within unfamiliar contexts. 

A third purpose of the qualification is to provide South Africa (and other countries) with people who can demonstrate thorough familiarity with a particular discipline or interdisciplinary framework and have the ability to perform independently as intellectual leaders in their society.","
Rules:
This qualification consists of 5 modules.
 
This qualification can be completed in one year. Students choosing to do it over more than one year
are advised to register for the Research Report in their final year of study.
 
Students should note that during the course of their studies they would be required to have access
to a computer or laptop, printer and the internet.
",,https://www.unisa.ac.za/sites/corporate/default/Register-to-study-through-Unisa/Undergraduate-&-honours-qualifications/Find-your-qualification-&-choose-your-modules/All-qualifications/Bachelor-of-Arts-Honours-in-English-Studies-(99411)
Bachelor of Arts Honours in Gender Studies (99439),99439,101108,,60,Human Sciences,8,120,"Purpose statement:The primary purpose of the qualification is to provide Honours BA graduates with systematic knowledge, specialized skills and theoretical competence focusing on or within a particular discipline or within an interdisciplinary framework to prepare them for specialist training at an advanced level. 

A second purpose of the qualification is to provide South Africa (and other countries) with graduates who have in-depth knowledge and the confidence to identify and define complex problems and to apply their skills in finding solutions to those problems, especially within unfamiliar contexts. 

A third purpose of the qualification is to provide South Africa (and other countries) with people who can demonstrate thorough familiarity with a particular discipline or interdisciplinary framework and have the ability to perform independently as intellectual leaders in their society. 
","
Rules:
This qualification consists of 5 modules.
 
This qualification can be completed in one year. Students choosing to do it over more than one year
are advised to register for the Research Report in their final year of study.
 
Students should note that during the course of their studies they would be required to have access
to a computer or laptop, printer and the internet.
",,https://www.unisa.ac.za/sites/corporate/default/Register-to-study-through-Unisa/Undergraduate-&-honours-qualifications/Find-your-qualification-&-choose-your-modules/All-qualifications/Bachelor-of-Arts-Honours-in-Gender-Studies-(99439)
Bachelor of Arts Honours in History (99412),99412,101078,,60,Human Sciences,8,120,"Purpose statement:The primary purpose of the qualification is to provide Honours BA graduates with systematic knowledge, specialized skills and theoretical competence focusing on or within a particular discipline or within an interdisciplinary framework to prepare them for specialist training at an advanced level. 

A second purpose of the qualification is to provide South Africa (and other countries) with graduates who have in-depth knowledge and the confidence to identify and define complex problems and to apply their skills in finding solutions to those problems, especially within unfamiliar contexts. 

A third purpose of the qualification is to provide South Africa (and other countries) with people who can demonstrate thorough familiarity with a particular discipline or interdisciplinary framework and have the ability to perform independently as intellectual leaders in their society.","
Rules:
This qualification consists of 5 modules.
 
This qualification can be completed in one year. Students choosing to do it over more than one year
are advised to register for the Research Report in their final year of study.
 
Students should note that during the course of their studies they would be required to have access
to a computer or laptop, printer and the internet.
",,https://www.unisa.ac.za/sites/corporate/default/Register-to-study-through-Unisa/Undergraduate-&-honours-qualifications/Find-your-qualification-&-choose-your-modules/All-qualifications/Bachelor-of-Arts-Honours-in-History-(99412)
Bachelor of Arts Honours in Integrated Organisational Communication (98619),98619,101109,,60,Human Sciences,8,120,"Purpose statement:The primary purpose of the qualification is to provide Honours BA graduates with systematic knowledge, specialized skills and theoretical competence focusing on or within a particular discipline or within an interdisciplinary framework to prepare them for specialist training at an advanced level. 

A second purpose of the qualification is to provide South Africa (and other countries) with graduates who have in-depth knowledge and the confidence to identify and define complex problems and to apply their skills in finding solutions to those problems, especially within unfamiliar contexts. 

A third purpose of the qualification is to provide South Africa (and other countries) with people who can demonstrate thorough familiarity with a particular discipline or interdisciplinary framework and have the ability to perform independently as intellectual leaders in their society.","
Rules:
This qualification consists of 5 modules.
 
This qualification can be completed in one year. Students choosing to do it over more than one year
are advised to register for the Research Report in their final year of study.
 
Students should note that during the course of their studies they would be required to have access
to a computer or laptop, printer and the internet.
",,https://www.unisa.ac.za/sites/corporate/default/Register-to-study-through-Unisa/Undergraduate-&-honours-qualifications/Find-your-qualification-&-choose-your-modules/All-qualifications/Bachelor-of-Arts-Honours-in-Integrated-Organisational-Communication-(98619)
Bachelor of Arts Honours in International Politics (99414),99414,101080,,60,Human Sciences,8,120,"Purpose statement:The primary purpose of the qualification is to provide Honours BA graduates with systematic knowledge, specialized skills and theoretical competence focusing on or within a particular discipline or within an interdisciplinary framework to prepare them for specialist training at an advanced level. 

A second purpose of the qualification is to provide South Africa (and other countries) with graduates who have in-depth knowledge and the confidence to identify and define complex problems and to apply their skills in finding solutions to those problems, especially within unfamiliar contexts. 

A third purpose of the qualification is to provide South Africa (and other countries) with people who can demonstrate thorough familiarity with a particular discipline or interdisciplinary framework and have the ability to perform independently as intellectual leaders in their society.","
Rules:
This qualification consists of 5 modules.
 
This qualification can be completed in one year. Students choosing to do it over more than one year
are advised to register for the Research Report in their final year of study.
 
Students should note that during the course of their studies they would be required to have access
to a computer or laptop, printer and the internet.
",,https://www.unisa.ac.za/sites/corporate/default/Register-to-study-through-Unisa/Undergraduate-&-honours-qualifications/Find-your-qualification-&-choose-your-modules/All-qualifications/Bachelor-of-Arts-Honours-in-International-Politics-(99414)
Bachelor of Arts Honours in Islamic Studies (99415),99415,101081,,60,Human Sciences,8,120,"Purpose statement:The purpose of this qualification is to provide the learner with the requisite level skills to pursue advanced topics in Quran and Hadith studies, analytically explore aspects of contemporary Islam and to hone their skills in research gathering and research writing.","
Rules:
This qualification consists of 5 modules.
 
This qualification can be completed in one year. Students choosing to do it over more than one year
are advised to register for the Research Report in their final year of study.
 
Students should note that during the course of their studies they would be required to have access
to a computer or laptop, printer and the internet.
",,https://www.unisa.ac.za/sites/corporate/default/Register-to-study-through-Unisa/Undergraduate-&-honours-qualifications/Find-your-qualification-&-choose-your-modules/All-qualifications/Bachelor-of-Arts-Honours-in-Islamic-Studies-(99415)
Bachelor of Arts Honours in Linguistics (99417),99417,101083,,60,Human Sciences,8,120,"Purpose statement:The primary purpose of the qualification is to provide Honours BA graduates with systematic knowledge, specialized skills and theoretical competence focusing on or within a particular discipline or within an interdisciplinary framework to prepare them for specialist training at an advanced level. 

A second purpose of the qualification is to provide South Africa (and other countries) with graduates who have in-depth knowledge and the confidence to identify and define complex problems and to apply their skills in finding solutions to those problems, especially within unfamiliar contexts. 

A third purpose of the qualification is to provide South Africa (and other countries) with people who can demonstrate thorough familiarity with a particular discipline or interdisciplinary framework and have the ability to perform independently as intellectual leaders in their society.","
Rules:
This qualification consists of 5 modules.
 
This qualification can be completed in one year. Students choosing to do it over more than one year
are advised to register for the Research Report in their final year of study.
 
Students should note that during the course of their studies they would be required to have access
to a computer or laptop, printer and the internet.
",,https://www.unisa.ac.za/sites/corporate/default/Register-to-study-through-Unisa/Undergraduate-&-honours-qualifications/Find-your-qualification-&-choose-your-modules/All-qualifications/Bachelor-of-Arts-Honours-in-Linguistics-(99417)
Bachelor of Arts Honours in Media Studies (99418),99418,101084,,60,Human Sciences,8,120,"Purpose statement:The primary purpose of the qualification is to provide Honours BA graduates with Systematic knowledge, specialized skills and theoretical competence focusing on or within a particular discipline or within an interdisciplinary framework to prepare them for specialist training at an advanced level. 

A second purpose of the qualification is to provide South Africa (and other countries) with graduates who have in-depth knowledge and the confidence to identify and define complex problems and to apply their skills in finding solutions to those problems, especially within unfamiliar contexts. 

A third purpose of the qualification is to provide South Africa (and other countries) with people who can demonstrate thorough familiarity with a particular discipline or interdisciplinary framework and have the ability to perform independently as intellectual leaders in their society.","
Rules:
This qualification consists of 5 modules.
 
This qualification can be completed in one year. Students choosing to do it over more than one year
are advised to register for the Research Report in their final year of study.
 
Students should note that during the course of their studies they would be required to have access
to a computer or laptop, printer and the internet.
",,https://www.unisa.ac.za/sites/corporate/default/Register-to-study-through-Unisa/Undergraduate-&-honours-qualifications/Find-your-qualification-&-choose-your-modules/All-qualifications/Bachelor-of-Arts-Honours-in-Media-Studies-(99418)
Bachelor of Arts Honours in Modern European Languages and Literature (99419),99419,101085,,60,Human Sciences,8,120,"Purpose statement:The primary purpose of the qualification is to provide Honours BA graduates with systematic knowledge, specialized skills and theoretical competence focusing on or within a particular discipline or within an interdisciplinary framework to prepare them for specialist training at an advanced level. 

A second purpose of the qualification is to provide South Africa (and other countries) with graduates who have in-depth knowledge and the confidence to identify and define complex problems and to apply their skills in finding solutions to those problems, especially within unfamiliar contexts. 

A third purpose of the qualification is to provide South Africa (and other countries) with people who can demonstrate thorough familiarity with a particular discipline or interdisciplinary framework and have the ability to perform independently as intellectual leaders in their society.","
Rules:
This qualification consists of 5 modules.
 
This qualification can be completed in one year. Students choosing to do it over more than one year
are advised to register for the Research Report in their final year of study. Students may
specialise in either French or Portuguese according to the MAJOR in the undergraduate qualification.
 
Students should note that during the course of their studies they would be required to have access
to a computer or laptop, printer and the internet.
",,https://www.unisa.ac.za/sites/corporate/default/Register-to-study-through-Unisa/Undergraduate-&-honours-qualifications/Find-your-qualification-&-choose-your-modules/All-qualifications/Bachelor-of-Arts-Honours-in-Modern-European-Languages-and-Literature-(99419)
Bachelor of Arts Honours in Philosophy (99420),99420,101086,,60,Human Sciences,8,120,"Purpose statement:The primary purpose of the qualification is to provide Honours BA graduates with systematic knowledge, specialized skills and theoretical competence focusing on or within a particular discipline or within an interdisciplinary framework to prepare them for specialist training at an advanced level. 

A second purpose of the qualification is to provide South Africa (and other countries) with graduates who have in-depth knowledge and the confidence to identify and define complex problems and to apply their skills in finding solutions to those problems, especially within unfamiliar contexts. 

A third purpose of the qualification is to provide South Africa (and other countries) with people who can demonstrate thorough familiarity with a particular discipline or interdisciplinary framework and have the ability to perform independently as intellectual leaders in their society.","
Rules:
This qualification consists of 5 modules.
 
This qualification can be completed in one year. Students choosing to do it over more than one year
are advised to register for the Research Report in their final year of study.
 
Students should note that during the course of their studies they would be required to have access
to a computer or laptop, printer and the internet.
",,https://www.unisa.ac.za/sites/corporate/default/Register-to-study-through-Unisa/Undergraduate-&-honours-qualifications/Find-your-qualification-&-choose-your-modules/All-qualifications/Bachelor-of-Arts-Honours-in-Philosophy-(99420)
Bachelor of Arts Honours in Politics (99421),99421,101087,,60,Human Sciences,8,120,"Purpose statement:The primary purpose of the qualification is to provide Honours BA graduates with systematic knowledge, specialized skills and theoretical competence focusing on or within a particular discipline or within an interdisciplinary framework to prepare them for specialist training at an advanced level. 

A second purpose of the qualification is to provide South Africa (and other countries) with graduates who have in-depth knowledge and the confidence to identify and define complex problems and to apply their skills in finding solutions to those problems, especially within unfamiliar contexts. 

A third purpose of the qualification is to provide South Africa (and other countries) with people who can demonstrate thorough familiarity with a particular discipline or interdisciplinary framework and have the ability to perform independently as intellectual leaders in their society.","
Rules:
This qualification consists of 5 modules.
 
This qualification can be completed in one year. Students choosing to do it over more than one year
are advised to register for the Research Report in their final year of study.
 
Students should note that during the course of their studies they would be required to have access
to a computer or laptop, printer and the internet.
",,https://www.unisa.ac.za/sites/corporate/default/Register-to-study-through-Unisa/Undergraduate-&-honours-qualifications/Find-your-qualification-&-choose-your-modules/All-qualifications/Bachelor-of-Arts-Honours-in-Politics-(99421)
Bachelor of Arts Honours in Psychology Applied Psychology for Professional Contexts (99422 - APP),Applied Psychology for Professional Contexts,120,,101088,Human Sciences,99422 - APP,8,"
Rules:
This qualification consists of 8 modules.
 
This qualification can be completed in one year. Students choosing to do it over more than one year
are advised to register for the Research Report in their final year of study.
 
Students should note that during the course of their studies they would be required to have access
to a computer or laptop, printer and the internet.
",APS/AS:,,https://www.unisa.ac.za/sites/corporate/default/Register-to-study-through-Unisa/Undergraduate-&-honours-qualifications/Find-your-qualification-&-choose-your-modules/All-qualifications/Bachelor-of-Arts-Honours-in-Psychology-Applied-Psychology-for-Professional-Contexts-(99422-–-APP)
Bachelor of Arts Honours in Psychology Community and Health Psychology (99422 - CHP),Community and Health Psychology,120,,101088,Human Sciences,99422 - CHP,8,"
Rules:
This qualification consists of 8 modules.
 
This qualification can be completed in one year. Students choosing to do it over more than one year
are advised to register for the Research Report in their final year of study.
 
Students should note that during the course of their studies they would be required to have access
to a computer or laptop, printer and the internet.
",APS/AS:,,https://www.unisa.ac.za/sites/corporate/default/Register-to-study-through-Unisa/Undergraduate-&-honours-qualifications/Find-your-qualification-&-choose-your-modules/All-qualifications/Bachelor-of-Arts-Honours-in-Psychology-Community-and-Health-Psychology-(99422-–-CHP)
Bachelor of Arts Honours in Psychology Psychological Counselling (99422 - COU),Psychological Counselling,120,,101088,Human Sciences,99422 - COU,8,"
Rules:
This qualification consists of 8 modules.
 
This qualification can be completed in one year. Students choosing to do it over more than one year
are advised to register for the Research Report in their final year of study.
 
Students should note that during the course of their studies they would be required to have access
to a computer or laptop, printer and the internet.
",APS/AS:,,https://www.unisa.ac.za/sites/corporate/default/Register-to-study-through-Unisa/Undergraduate-&-honours-qualifications/Find-your-qualification-&-choose-your-modules/All-qualifications/Bachelor-of-Arts-Honours-in-Psychology-Psychological-Counselling-(99422-–-COU)
Bachelor of Arts Honours in Religious Studies (99423),99423,101089,,60,Human Sciences,8,120,"Purpose statement:The primary purpose of the qualification is to provide Honours BA graduates with systematic knowledge, specialized skills and theoretical competence focusing on or within a particular discipline or within an interdisciplinary framework to prepare them for specialist training at an advanced level. 

A second purpose of the qualification is to provide South Africa (and other countries) with graduates who have in-depth knowledge and the confidence to identify and define complex problems and to apply their skills in finding solutions to those problems, especially within unfamiliar contexts. 

A third purpose of the qualification is to provide South Africa (and other countries) with people who can demonstrate thorough familiarity with a particular discipline or interdisciplinary framework and have the ability to perform independently as intellectual leaders in their society.","
Rules:
This qualification consists of 5 modules.
 
This qualification can be completed in one year. Students choosing to do it over more than one year
are advised to register for the Research Report in their final year of study.
 
HRS4801 has been replaced by RST4801, students who have already passed HRS4801 may not register
RST4801.
HRS4803 has been replaced by RST4804, students who have already passed HRS4803 may not register
RST4804.
HRS4802 has been replaced by RST4802, students who have already passed HRS4802 may not register
RST4802.
HRS4805 has been replaced by RST4805, students who have already passed HRS4805 may not register
RST4805.
HRS4804 has been replaced by RST4803, students who have already passed HRS4804 may not register
RST4803.
 
Students should note that during the course of their studies they would be required to have access
to a computer or laptop, printer and the internet.
",,https://www.unisa.ac.za/sites/corporate/default/Register-to-study-through-Unisa/Undergraduate-&-honours-qualifications/Find-your-qualification-&-choose-your-modules/All-qualifications/Bachelor-of-Arts-Honours-in-Religious-Studies-(99423)
Bachelor of Arts Honours in Social Behavioural Studies (HIV-AIDS) (99425 - HIV),99425,101090,,60,Human Sciences,8,120,"Purpose statement:The primary purpose of the qualification is to provide Honours BA graduates with systematic knowledge, specialized skills and theoretical competence focusing on or within a particular discipline or within an interdisciplinary framework to prepare them for specialist training at an advanced level. 

A second purpose of the qualification is to provide South Africa (and other countries) with graduates who have in-depth knowledge and the confidence to identify and define complex problems and to apply their skills in finding solutions to those problems, especially within unfamiliar contexts. 

A third purpose of the qualification is to provide South Africa (and other countries) with people who can demonstrate thorough familiarity with a particular discipline or interdisciplinary framework and have the ability to perform independently as intellectual leaders in their society.","
Rules:
This qualification consists of 5 modules.
 
This qualification can be completed in one year. Students choosing to do it over more than one year
are advised to register for the Research Report in their final year of study.
 
TRANSITIONAL ARRANGEMENTS:
 
Students who were registered for qualification code: 03298 were transferred to an aligned
qualification code: 99425.
 
SB7002U has been replaced by SBH4801, students who have already passed SB7002U may not register
SBH4801.
SB70073 has been replaced by SBH4802, students who have already passed SB70073 may not register
SBH4802.
SOSNAVN has been replaced by HMSOC82, students who have already passed SOSNAVN may not register
HMSOC82.
 
Students should note that during the course of their studies they would be required to have access
to a computer or laptop, printer and the internet.
",,https://www.unisa.ac.za/sites/corporate/default/Register-to-study-through-Unisa/Undergraduate-&-honours-qualifications/Find-your-qualification-&-choose-your-modules/All-qualifications/Bachelor-of-Arts-Honours-in-Social-Behavioural-Studies-(HIV–AIDS)-(99425-–-HIV)
Bachelor of Arts Honours in Sociology (99426),99426,101091,,60,Human Sciences,8,120,"Purpose statement:The primary purpose of the qualification is to provide Honours BA graduates with systematic knowledge, specialized skills and theoretical competence focusing on or within a particular discipline or within an interdisciplinary framework to prepare them for specialist training at an advanced level. 

A second purpose of the qualification is to provide South Africa (and other countries) with graduates who have in-depth knowledge and the confidence to identify and define complex problems and to apply their skills in finding solutions to those problems, especially within unfamiliar contexts. 

A third purpose of the qualification is to provide South Africa (and other countries) with people who can demonstrate thorough familiarity with a particular discipline or interdisciplinary framework and have the ability to perform independently as intellectual leaders in their society.","
Rules:
This qualification consists of 5 modules.
 
This qualification can be completed in one year. Students choosing to do it over more than one year
are advised to register for the Research Report in their final year of study.
 
TRANSITIONAL ARRANGEMENTS:
 
Students who were registered for qualification code: 04340 were transferred to an aligned
qualification code: 99426.
 
SB7003V has been replaced by SBH4803, students who have already passed SB7003V may not register
SBH4803.
HMSOC80 has been replaced by HMSOC82, students who have already passed HMSOC80 may not register
HMSOC82.
SOSNAVN has been replaced by HMSOC82, students who have already passed SOSNAVN may not register
HMSOC82.
 
The following modules have no replacement: SOSTH1X and SOSTH2Y.
 
Students should note that during the course of their studies they would be required to have access
to a computer or laptop, printer and the internet.
",,https://www.unisa.ac.za/sites/corporate/default/Register-to-study-through-Unisa/Undergraduate-&-honours-qualifications/Find-your-qualification-&-choose-your-modules/All-qualifications/Bachelor-of-Arts-Honours-in-Sociology-(99426)
Bachelor of Arts Honours in Theory of Literature (99427),99427,101092,,60,Human Sciences,8,120,"Purpose statement:The primary purpose of the qualification is to provide Honours BA graduates with systematic knowledge, specialized skills and theoretical competence focusing on or within a particular discipline or within an interdisciplinary framework to prepare them for specialist training at an advanced level. 

A second purpose of the qualification is to provide South Africa (and other countries) with graduates who have in-depth knowledge and the confidence to identify and define complex problems and to apply their skills in finding solutions to those problems, especially within unfamiliar contexts. 

A third purpose of the qualification is to provide South Africa (and other countries) with people who can demonstrate thorough familiarity with a particular discipline or interdisciplinary framework and have the ability to perform independently as intellectual leaders in their society.","
Rules:
This qualification consists of 5 modules.
 
This qualification can be completed in one year. Students choosing to do it over more than one year
are advised to register for the Research Report in their final year of study.
 
Students should note that during the course of their studies they would be required to have access
to a computer or laptop, printer and the internet.
",,https://www.unisa.ac.za/sites/corporate/default/Register-to-study-through-Unisa/Undergraduate-&-honours-qualifications/Find-your-qualification-&-choose-your-modules/All-qualifications/Bachelor-of-Arts-Honours-in-Theory-of-Literature-(99427)
Bachelor of Arts Honours in Translation Studies (99428),99428,101093,,60,Human Sciences,8,120,"Purpose statement:This programme has a dual purpose: Firstly, to develop and enhance students' practical translation and interpreting skills; Secondly, to develop students' understanding and insight into the theory of translation/interpreting; and their research skills. Graduates will be able to apply the insights and skills acquired to the particular problems and opportunities associated with the discipline of translation studies and its key area of application: language consultancy/practice.","
Rules:
This qualification consists of 5 modules.
 
This qualification can be completed in one year. Students choosing to do it over more than one year
are advised to register for the Research Report in their final year of study.
 
A high proficiency in the two languages chosen is required. Students who do not have a language
major are required to pass a language proficiency test with 65% before they can be accepted. From
2011 new students are advised to register for HTR4801 which is the theoretical foundation module on
translation before they can register for HTR4804 and HRLIN81.
 
Students should note that during the course of their studies they would be required to have access
to a computer or laptop, printer and the internet.
",,https://www.unisa.ac.za/sites/corporate/default/Register-to-study-through-Unisa/Undergraduate-&-honours-qualifications/Find-your-qualification-&-choose-your-modules/All-qualifications/Bachelor-of-Arts-Honours-in-Translation-Studies-(99428)
Bachelor of Arts Honours in Visual Multimedia Arts (90090),90090,101958,,60,Human Sciences,8,120,"Purpose statement:The purpose of this qualification is to enable graduates to become academically and professionally qualified to practice in any career which requires competency in visual arts and or multimedia including Software artists. Secondly the qualification is aimed at ensuring that qualifying graduates become highly specialised professionals that have the potential of becoming leading practitioners in the contemporary art world both nationally and internationally.  In addition this qualification is intended to equip student artists and practicing artists in the visual arts field with a set of skills and knowledge that provide a point of access to professional training and advanced post graduate qualifications in the visual arts and multimedia.

On achieving the qualification, qualified graduates will be able to generate a body of artwork, drawing on their own ideas and research, supported by intensive engagement with a specialist range of media technologies and techniques. Qualified graduates should also be able to set up an exhibition of a body of their own artwork and critically analyse their own practice and the work of other artists drawing on key concepts from art-critical writings. They will also be able to coordinate work on projects involving teams of artists, and plan for the development of their careers as artists based on an assessment of their skills, interests, external constraints and opportunities.  Entrepreneurship is developed to empower students to initiate and run their own studios and community projects.
","
Rules:
This qualification consists of 5 modules.
 
Students should note that during the course of their studies they would be required to have access
to a computer or laptop, printer and the internet.
",,https://www.unisa.ac.za/sites/corporate/default/Register-to-study-through-Unisa/Undergraduate-&-honours-qualifications/Find-your-qualification-&-choose-your-modules/All-qualifications/Bachelor-of-Arts-Honours-in-Visual-Multimedia-Arts-(90090)
Bachelor of Information Science Honours (90072),90072,109046,,50,Human Sciences,8,120,"Purpose statement:The purpose of this qualification is to provide students with a balanced, integrated overview of the discipline and to enhance their understanding of the fundamental, broad conceptual framework of Information Science and Applied Information Science. The purpose of the programme is further to provide the foundation for lifelong learning, independent study and research aimed at providing solutions to African problems. Aligned to the strategic plan of UNISA to become the African University by shaping futures in the service of humanity, graduates from the programme should ideally be critical thinkers, problem-solvers and game-changers in facing current and future challenges and opportunities pertaining to Information Science in Africa and the world at large. To this end, the main expected outcome of this programme is for students to become fully acquainted with the latest conceptual frameworks, approaches to and models in Information Science, as well as with key research areas in the subject field. Students should develop a holistic awareness of the current state of affairs, explore areas of advanced research and recognise new directions. They should also respond critically to texts and apply substantiated viewpoints related to the individual modules and to the subject field of Information Science in general.","
Rules:
This qualification consists of 5 modules.
 
This qualification can be completed in one year. Students choosing to do it over more than one year
are advised to register for the Research Report in their final year of study.
 
Students should note that during the course of their studies they would be required to have access
to a computer or laptop, printer and the internet.
",,https://www.unisa.ac.za/sites/corporate/default/Register-to-study-through-Unisa/Undergraduate-&-honours-qualifications/Find-your-qualification-&-choose-your-modules/All-qualifications/Bachelor-of-Information-Science-Honours-(90072)
Bachelor of Musicology Honours (98578),98578,109145,,60,Human Sciences,8,120,"Purpose statement:The purpose of this qualification is to provide (Hons BMus) graduates with the knowledge, specific skills and applied competence relating to musical scholarship, teaching and/or performance in such a way as to provide opportunities for continued personal intellectual growth, gainful economic activity and valuable contributions to society. 

A second purpose of the qualification is to provide South Africa (and other countries) with graduates in a number of learning fields in order to ensure that the musicological leadership base of innovative and knowledge-based economic and scholarly activity is widened. 

A third purpose of the qualification is to provide South Africa (and other countries) with people who can understand the constructive role they need to play as intellectual leaders in their society and who are empowered to play that role. 
","
Rules:
This qualification consists of 5 modules.
 
This qualification can be completed in one year. Students choosing to do it over more than one year
are advised to register for the Research Report in their final year of study.
 
TRANSITIONAL ARRANGEMENTS:
 
MUS4801 has been replaced by CST4801, students who have already passed MUS4801 may not register
CST4801.
 
MUS4801 is available for repeaters ONLY from 2024 till 2025.
 
Students should note that during the course of their studies they would be required to have access
to a computer or laptop, printer and the internet.
",,https://www.unisa.ac.za/sites/corporate/default/Register-to-study-through-Unisa/Undergraduate-&-honours-qualifications/Find-your-qualification-&-choose-your-modules/All-qualifications/Bachelor-of-Musicology-Honours-(98578)
Bachelor of Theology Honours in Christian Leadership (98627),98627,101248,,60,Human Sciences,8,120,"Purpose statement:The purpose of this qualification is to enable learners to acquire a comprehensive, critical and systematic knowledge of Christian Theology, and/or a particular theological discipline, and to become conversant with contemporary theological discourse. Furthermore learners will be enabled to develop a foundational understanding and use of the research methodologies relevant to theological disciplines and to provide learners with the necessary applied and theoretical competencies to carry out a limited research project and communicate their new insights creatively (e.g. a mini-dissertation of approximately 10 000 words), thus playing a constructive role within church and society.","
Rules:
This qualification consists of 5 modules.
 
This qualification can be completed in one year. Students choosing to do it over more than one year
are advised to register for the Research Report in their final year of study.
 
Students should note that during the course of their studies they would be required to have access
to a computer or laptop, printer and the internet.
",,https://www.unisa.ac.za/sites/corporate/default/Register-to-study-through-Unisa/Undergraduate-&-honours-qualifications/Find-your-qualification-&-choose-your-modules/All-qualifications/Bachelor-of-Theology-Honours-in-Christian-Leadership-(98627)
Bachelor of Theology Honours in Christian Spirituality (98626),98626,101249,,60,Human Sciences,8,120,"Purpose statement:The purpose of this qualification is to enable learners to acquire a comprehensive, critical and systematic knowledge of Christian Theology, and/or a particular theological discipline, and to become conversant with contemporary theological discourse. Furthermore learners will be enabled to develop a foundational understanding and use of the research methodologies relevant to theological disciplines and to provide learners with the necessary applied and theoretical competencies to carry out a limited research project and communicate their new insights creatively (e.g. a mini-dissertation of approximately 10 000 words), thus playing a constructive role within church and society.","
Rules:
This qualification consists of 5 modules.
 
This qualification can be completed in one year. Students choosing to do it over more than one year
are advised to register for the Research Report in their final year of study.
 
Students should note that during the course of their studies they would be required to have access
to a computer or laptop, printer and the internet.
",,https://www.unisa.ac.za/sites/corporate/default/Register-to-study-through-Unisa/Undergraduate-&-honours-qualifications/Find-your-qualification-&-choose-your-modules/All-qualifications/Bachelor-of-Theology-Honours-in-Christian-Spirituality-(98626)
Bachelor of Theology Honours in Church History (98620),98620,101250,,60,Human Sciences,8,120,"Purpose statement:The purpose of this qualification is to enable learners to acquire a comprehensive, critical and systematic knowledge of Christian Theology, and/or a particular theological discipline, and to become conversant with contemporary theological discourse. Furthermore learners will be enabled to develop a foundational understanding and use of the research methodologies relevant to theological disciplines and to provide learners with the necessary applied and theoretical competencies to carry out a limited research project and communicate their new insights creatively (e.g. a mini-dissertation of approximately 10 000 words), thus playing a constructive role within church and society. 
","
Rules:
This qualification consists of 5 modules.
 
This qualification can be completed in one year. Students choosing to do it over more than one year
are advised to register for the Research Report in their final year of study.
 
Students should note that during the course of their studies they would be required to have access
to a computer or laptop, printer and the internet.
",,https://www.unisa.ac.za/sites/corporate/default/Register-to-study-through-Unisa/Undergraduate-&-honours-qualifications/Find-your-qualification-&-choose-your-modules/All-qualifications/Bachelor-of-Theology-Honours-in-Church-History-(98620)
Bachelor of Theology Honours in Missiology (98579),98579,101238,,60,Human Sciences,8,120,"Purpose statement:The purpose of this qualification is to enable learners to acquire a comprehensive, critical and systematic knowledge of Christian Theology, and/or a particular theological discipline, and to become conversant with contemporary theological discourse. Furthermore learners will be enabled to develop a foundational understanding and use of the research methodologies relevant to theological disciplines and to provide learners with the necessary applied and theoretical competencies to carry out a limited research project and communicate their new insights creatively (e.g. a mini-dissertation of approximately 10 000 words), thus playing a constructive role within church and society.
","
Rules:
This qualification consists of 5 modules.
 
This qualification can be completed in one year. Students choosing to do it over more than one year
are advised to register for the Research Report in their final year of study.
 
Students should note that during the course of their studies they would be required to have access
to a computer or laptop, printer and the internet.
",,https://www.unisa.ac.za/sites/corporate/default/Register-to-study-through-Unisa/Undergraduate-&-honours-qualifications/Find-your-qualification-&-choose-your-modules/All-qualifications/Bachelor-of-Theology-Honours-in-Missiology-(98579)
Bachelor of Theology Honours in New Testament (99429),99429,101239,,60,Human Sciences,8,120,"Purpose statement:The purpose of this qualification is to enable learners to acquire a comprehensive, critical and systematic knowledge of Christian Theology, and/or a particular theological discipline, and to become conversant with contemporary theological discourse. Furthermore learners will be enabled to develop a foundational understanding and use of the research methodologies relevant to theological disciplines and to provide learners with the necessary applied and theoretical competencies to carry out a limited research project and communicate their new insights creatively (e.g. a mini-dissertation of approximately 10 000 words), thus playing a constructive role within church and society.","
Rules:
This qualification consists of 5 modules.
 
This qualification can be completed in one year. Students choosing to do it over more than one year
are advised to register for the Research Report in their final year of study.
 
Students should note that during the course of their studies they would be required to have access
to a computer or laptop, printer and the internet.
",,https://www.unisa.ac.za/sites/corporate/default/Register-to-study-through-Unisa/Undergraduate-&-honours-qualifications/Find-your-qualification-&-choose-your-modules/All-qualifications/Bachelor-of-Theology-Honours-in-New-Testament-(99429)
Bachelor of Theology Honours in Old Testament (99430),99430,101240,,60,Human Sciences,8,120,"Purpose statement:The purpose of this qualification is to enable learners to acquire a comprehensive, critical and systematic knowledge of Christian Theology, and/or a particular theological discipline, and to become conversant with contemporary theological discourse. Furthermore learners will be enabled to develop a foundational understanding and use of the research methodologies relevant to theological disciplines and to provide learners with the necessary applied and theoretical competencies to carry out a limited research project and communicate their new insights creatively (e.g. a mini-dissertation of approximately 10 000 words), thus playing a constructive role within church and society.","
Rules:
This qualification consists of 5 modules.
 
This qualification can be completed in one year. Students choosing to do it over more than one year
are advised to register for the Research Report in their final year of study.
 
Students should note that during the course of their studies they would be required to have access
to a computer or laptop, printer and the internet.
",,https://www.unisa.ac.za/sites/corporate/default/Register-to-study-through-Unisa/Undergraduate-&-honours-qualifications/Find-your-qualification-&-choose-your-modules/All-qualifications/Bachelor-of-Theology-Honours-in-Old-Testament-(99430)
Bachelor of Theology Honours in Practical Theology (99431),99431,101241,,60,Human Sciences,8,120,"Purpose statement:The purpose of this qualification is to enable learners to acquire a comprehensive, critical and systematic knowledge of Christian Theology, and/or a particular theological discipline, and to become conversant with contemporary theological discourse. Furthermore learners will be enabled to develop a foundational understanding and use of the research methodologies relevant to theological disciplines and is to provide learners with the necessary applied and theoretical competencies to carry out a limited research project and communicate their new insights creatively (e.g. a mini-dissertation of approximately 10 000 words), thus playing a constructive role within church and society. 
","
Rules:
This qualification consists of 5 modules.
 
This qualification can be completed in one year. Students choosing to do it over more than one year
are advised to register for the Research Report in their final year of study.
 
Students should note that during the course of their studies they would be required to have access
to a computer or laptop, printer and the internet.
",,https://www.unisa.ac.za/sites/corporate/default/Register-to-study-through-Unisa/Undergraduate-&-honours-qualifications/Find-your-qualification-&-choose-your-modules/All-qualifications/Bachelor-of-Theology-Honours-in-Practical-Theology-(99431)
Bachelor of Theology Honours in Systematic Theology (99433),99433,101242,,60,Human Sciences,8,120,"Purpose statement:The purpose of this qualification is to enable learners to acquire a comprehensive, critical and systematic knowledge of Christian Theology, and/or a particular theological discipline, and to become conversant with contemporary theological discourse. Furthermore learners will be enabled to develop a foundational understanding and use of the research methodologies relevant to theological disciplines and is to provide learners with the necessary applied and theoretical competencies to carry out a limited research project and communicate their new insights creatively (e.g. a mini-dissertation of approximately 10 000 words), thus playing a constructive role within church and society.","
Rules:
This qualification consists of 5 modules.
 
This qualification can be completed in one year. Students choosing to do it over more than one year
are advised to register for the Research Report in their final year of study.
 
Students should note that during the course of their studies they would be required to have access
to a computer or laptop, printer and the internet.
",,https://www.unisa.ac.za/sites/corporate/default/Register-to-study-through-Unisa/Undergraduate-&-honours-qualifications/Find-your-qualification-&-choose-your-modules/All-qualifications/Bachelor-of-Theology-Honours-in-Systematic-Theology-(99433)
Bachelor of Theology Honours in Theological Ethics (99434),99434,101243,,60,Human Sciences,8,120,"Purpose statement:The purpose of this qualification is to enable learners to acquire a comprehensive, critical and systematic knowledge of Christian Theology, and/or a particular theological discipline, and to become conversant with contemporary theological discourse. Furthermore learners will be enabled to develop a foundational understanding and use of the research methodologies relevant to theological disciplines and is to provide learners with the necessary applied and theoretical competencies to carry out a limited research project and communicate their new insights creatively (e.g. a mini-dissertation of approximately 10 000 words), thus playing a constructive role within church and society.","
Rules:
This qualification consists of 5 modules.
 
This qualification can be completed in one year. Students choosing to do it over more than one year
are advised to register for the Research Report in their final year of study.
 
TRANSITIONAL ARRANGEMENTS:
 
THE427T has been replaced by HPTHE81, students who have already passed THE427T may not register
HPTHE81.
THE429V has been replaced by THE4801, students who have already passed THE429V may not register
THE4801.
THE426S has been replaced by THE4802, students who have already passed THE426S may not register
THE4802.
THE425R has been replaced by THE4803, students who have already passed THE425R may not register
THE4803.
THE428U has been replaced by HRTHE85, students who have already passed THE428U may not register
HRTHE85.
 
Students should note that during the course of their studies they would be required to have access
to a computer or laptop, printer and the internet.
",,https://www.unisa.ac.za/sites/corporate/default/Register-to-study-through-Unisa/Undergraduate-&-honours-qualifications/Find-your-qualification-&-choose-your-modules/All-qualifications/Bachelor-of-Theology-Honours-in-Theological-Ethics-(99434)
Postgraduate Diploma in Library and Information Science (90003),90003,93878,,60,Human Sciences,8,120,"Purpose statement:The purpose of this qualification is to enable learners to undertake advanced reflection and development by means of a systematic review of current thinking, practice and research methods in the area of Library and Information Science. It also presents graduates from other disciplines with an opportunity to obtain a postgraduate specialised qualification in Library and Information Science.","
Rules:
This qualification consists of 6 modules.
 
Students should note that during the course of their studies they would be required to have access
to a computer or laptop, printer and the internet.
",,https://www.unisa.ac.za/sites/corporate/default/Register-to-study-through-Unisa/Undergraduate-&-honours-qualifications/Find-your-qualification-&-choose-your-modules/All-qualifications/Postgraduate-Diploma-in-Library-and-Information-Science-(90003)
Postgraduate Diploma in Public Health (90161),90161,111554,,60,Human Sciences,8,120,"Purpose statement:The purpose of this qualification is to enhance the capacity of people working in the health field to practice Public Health in order to improve the health status of the people of South Africa and other developing countries.  Successful candidates will provide the skills and expertise to assess, plan, monitor, implement, and manage relevant health programmes at district, regional and provincial levels.

The focus of the qualification is on health measurement to enable students to assess the health status of populations, plan appropriate interventions and monitor the outcomes of intervention strategies. Important determinants such as infectious disease, including HIV and Aids and populations trends will be an integral part of the programme. A module on the principles and theory of health research will ensure that students will obtain the skills to provide evidence-based solutions to health priorities.","
Rules:
This qualification consists of 5 modules.
 
Students should note that during the course of their studies they would be required to have access
to a computer or laptop, printer and the internet.
",,https://www.unisa.ac.za/sites/corporate/default/Register-to-study-through-Unisa/Undergraduate-&-honours-qualifications/Find-your-qualification-&-choose-your-modules/All-qualifications/Postgraduate-Diploma-in-Public-Health-(90161)
Postgraduate Diploma in Public Health (98574),98574,111554,,60,Human Sciences,8,120,"Purpose statement:The purpose of this qualification is to enhance the capacity of people working in the health field to practice Public Health in order to improve the health status of the people of South Africa and other developing countries.  Successful candidates will provide the skills and expertise to assess, plan, monitor, implement, and manage relevant health programmes at district, regional and provincial levels.

The focus of the qualification is on health measurement to enable students to assess the health status of populations, plan appropriate interventions and monitor the outcomes of intervention strategies. Important determinants such as infectious disease, including HIV and Aids and populations trends will be an integral part of the programme. A module on the principles and theory of health research will ensure that students will obtain the skills to provide evidence-based solutions to health priorities.","
Rules:
This qualification consists of 5 modules.
 
Students should note that during the course of their studies they would be required to have access
to a computer or laptop, printer and the internet.
",,https://www.unisa.ac.za/sites/corporate/default/Register-to-study-through-Unisa/Undergraduate-&-honours-qualifications/Find-your-qualification-&-choose-your-modules/All-qualifications/Postgraduate-Diploma-in-Public-Health-(98574)
Postgraduate Diploma in Social and Behavioural Studies (HIV-AIDS) (90008),90008,94623,,60,Human Sciences,8,120,"Purpose statement:The purpose of this qualification is to provide a specialised Multi, Inter and Trans-disciplinary (MIT) qualification on the social and behavioural perspectives to HIV and AIDS for practitioners and professionals with a formal Degree qualification on NQF Level 8. 

The qualification will also give learners the opportunity to undertake critical reflection on current social and behavioural interventions towards HIV-prevention and healthy lifestyles within an African and global context to draw upon good practices, lessons learned and to make practical recommendations on how to enhance these interventions to mitigate and reduce the impact of HIV and AIDS on sustainable development and quality of life. The qualification will draw also on the experiences of the students to encourage a more practice-orientated learning environment.","
Rules:
This qualification consists of 5 modules.
 
Students should note that during the course of their studies they would be required to have access
to a computer or laptop, printer and the internet.
",,https://www.unisa.ac.za/sites/corporate/default/Register-to-study-through-Unisa/Undergraduate-&-honours-qualifications/Find-your-qualification-&-choose-your-modules/All-qualifications/Postgraduate-Diploma-in-Social-and-Behavioural-Studies-(HIV–AIDS)-(90008)
Higher Certificate in Criminal Justice (90006),90006,93594,,15,Law,5,120,"Purpose statement:The purpose of this qualification is to prepare students, who do not comply with the minimum institutional admission requirements for access to diploma or degree studies in the College of Law, especially in the various fields in Criminal Justice.
The qualification is intended to introduce students to the main fields of criminal justice theory and practice by imparting systematic knowledge, skills, and theoretical competence within the field to prepare them for more specialised training at an advanced level.  It is furthermore, the intention of the higher certificate programme to deliver graduates who have sound knowledge and the confidence to apply their skills in contemporary society and to enable further study in the College of Law, especially in the various fields in Criminal Justice, or even in other colleges who do not set specific subject requirements, like Mathematics.","
Rules:
Students should note that during the course of their studies they would be required to have access
to a computer, printer and the internet.
 
Students who have passed phased out modules will retain the credit and do not need to pass the
replacement modules. However, phased out modules must have been passed for this specific
qualification and it does not necessarily mean the modules are equivalent.
 
EUP1501 Students do not need to register for ILW1501.
ENN103F Students do not need to register for ENG1503.
",,https://www.unisa.ac.za/sites/corporate/default/Register-to-study-through-Unisa/Undergraduate-&-honours-qualifications/Find-your-qualification-&-choose-your-modules/All-qualifications/Higher-Certificate-in-Criminal-Justice-(90006)
Higher Certificate in Law (98751),98751,90851,,15,Law,5,120,"Purpose statement:The purpose of this qualification is to prepare students, who do not comply with the minimum institutional admission requirements for access to diploma or degree studies in the College of Law.
The qualification is intended to introduce students to some of the foundational legal principles and legal practice by imparting systematic knowledge, skills, and theoretical competence within the field to prepare them for more specialised training at an advanced level.  It is furthermore the intention of the higher certificate programme to deliver graduates who have sound knowledge and the confidence to apply their skills in contemporary society and to enable further study in the College of Law, or even in other colleges who do not set specific subject requirements, like Mathematics.
In this respect, the specific purpose is to: - prepare candidates for studies in the world of law;
- improve candidates basic proficiency in the English language in order to study in the fields of law; - improve candidates general computer skills, especially for business purposes; and
- prepare candidates for higher education in an open and distance learning environment.","
Rules:
Students should note that during the course of their studies they would be required to have access
to a computer, printer and the internet.
 
Students who have passed phased out modules will retain the credit and do not need to pass the
replacement modules. However, phased out modules must have been passed for this specific
qualification and it does not necessarily mean the modules are equivalent.
 
EUP1501 Students do not need to register for IRM1501.
SCL1502 Students do not need to register for IRM1501.
ENN103F Students do not need to register for ENG1503.
",,https://www.unisa.ac.za/sites/corporate/default/Register-to-study-through-Unisa/Undergraduate-&-honours-qualifications/Find-your-qualification-&-choose-your-modules/All-qualifications/Higher-Certificate-in-Law-(98751)
Diploma in Corrections Management (98218),98218,101101,,18,Law,6,360,"Purpose statement:This qualification is intended for persons who mainly function on the tactical level within the Correctional Services environment. The qualifying learner will be competent in applying selected integrated legal, administrative and managerial principles and techniques within the context of Correctional Services Management in supporting and implementing strategies, policies and procedures and will be able to deal effectively with contemporary issues on a tactical level.","
Rules:
Students should note that during the course of their studies they would be required to have access
to a computer, printer and the internet.
 
Students must follow the same stream from level one throughout to level three.
 
Some of the pre-requisites and/ or co-requisites outlined in this qualification may not apply as
they do not form part of the curriculum.
 
Students who have passed phased out modules will retain the credit and do not need to pass the
replacement modules. However, phased out modules must have been passed for this specific
qualification and it does not necessarily mean the modules are equivalent.
 
EUP1501 Students do not need to register for CMY1501.
SCK1501 Students do not need to register for BSW1501.
SCK1502 Students do not need to register for BSW1502.
ENN103F Students do not need to register for ENG1503.
SCK2601 Students do not need to register for BSW2601.
SCK2604 Students do not need to register for BSW2602.
SCK3701 Students do not need to register for BSW3702.
SCK3702 Students do not need to register for BSW3703.
SCK3703 Students do not need to register for BSW3704.
",,https://www.unisa.ac.za/sites/corporate/default/Register-to-study-through-Unisa/Undergraduate-&-honours-qualifications/Find-your-qualification-&-choose-your-modules/All-qualifications/Diploma-in-Corrections-Management-(98218)
Diploma in Law (98750),98750,79446,,18,Law,6,360,"Purpose statement:The purpose of this qualification is for students to gain knowledge, skills and experience in general areas of the law and the application and social context of the law so as to enable the student to provide primary legal services to the public and support to legal professionals.  A student acquiring this qualification will have skills, knowledge and experience to: Apply advanced paralegal knowledge and understanding of law to a specific problem within the South African legal context; Conduct and evaluate legal research and make recommendations based on the findings of the research; Communicate, in writing or orally with internal and external clients in a paralegal or legal workplace; Advise, counsel and represent clients in a variety of settings;  Draft legal documents in a paralegal context; Solve problems in a paralegal context by working in a team and individually; Manage administration, including financial administration, and provide organisational support in an office environment; Exercise ethical conduct, values and professionalism when dealing with clients.","
Rules:
Students should note that during the course of their studies they would be required to have access
to a computer, printer and the internet.
 
Some of the pre-requisites and/or co-requisites outlined in this qualification may not apply as they
do not form part of the curriculum.
 
Students who have passed phased out modules will retain the credit and do not need to pass the
replacement modules. However, phased out modules must have been passed for this specific
qualification and it does not necessarily mean the modules are equivalent.
 
EUP1501 Students do not need to register for IRM1501.
SCL1502 Students do not need to register for IRM1501.
EVI3701 Students do not need to register for LEV3701.
",,https://www.unisa.ac.za/sites/corporate/default/Register-to-study-through-Unisa/Undergraduate-&-honours-qualifications/Find-your-qualification-&-choose-your-modules/All-qualifications/Diploma-in-Law-(98750)
Diploma in Policing (98220),98220,101102,,18,Law,6,360,"Purpose statement:The qualifying learner will be able to apply composite policing, legal and management principles in the field of safety and security in an integrated fashion to secure safety in society.","
Rules:
Students should note that during the course of their studies they would be required to have access
to a computer, printer and the internet.
 
PLEASE NOTE: Exemption for the subjects that were passed more than ten years ago in pursuance of a
qualification that has not been completed yet is not granted automatically. A curriculum vitae
setting out to what extent the applicant has remained in touch with policing should accompany the
Recognition of Prior Learning (RPL) application for such exemptions.
 
Some of the pre-requisites and/or co-requisites outlined in this qualification may not apply as they
do not form part of the curriculum.
 
Students who have passed phased out modules will retain the credit and do not need to pass the
replacement modules. However, phased out modules must have been passed for this specific
qualification and it does not necessarily mean the modules are equivalent.
 
ENN103F Students do not need to register for ENG1503.
EPP1501 Students do not need to register for ENG1503.
EPP1502 Students do not need to register for INS1502.
EUP1501 Students do not need to register for ILW1501.
CRW1501 Students do not need to register for HFL1501.
CMP2601 Students do not need to register for FUR2601.
MND2601 Students do not need to register for MNG2601.
EVI3701 Students do not need to register for LEV3701.
",,https://www.unisa.ac.za/sites/corporate/default/Register-to-study-through-Unisa/Undergraduate-&-honours-qualifications/Find-your-qualification-&-choose-your-modules/All-qualifications/Diploma-in-Policing-(98220)
Diploma in Security Management (98221),98221,101103,,18,Law,6,360,Purpose statement:This qualification is designed for Security Managers. The qualified Security Manager (learner) will have the competence to demonstrate his/her ability to manage the security function cost-effectively within an organisation at managerial level.,"
Rules:
Students should note that during the course of their studies they would be required to have access
to a computer, printer and the internet.
 
Some of the pre-requisites and/ or co-requisites outlined in this qualification may not apply as
they do not form part of the curriculum.
 
Students who have passed phased out modules will retain the credit and do not need to pass the
replacement modules. However, phased out modules must have been passed for this specific
qualification and it does not necessarily mean the modules are equivalent.
 
ENN1504 Students do not need to register for ENG1503.
ENN103F Students do not need to register for ENG1503.
EUP1501 Students do not need to register for CMY1501.
MND2601 Students do not need to register for MNG2601.
MND2602 Students do not need to register for MNG2602.
SEP2604 Students do not need to register for SEP3714.
MND3701 Students do not need to register for MNG3701.
MND3702 Students do not need to register for MNG3702.
",,https://www.unisa.ac.za/sites/corporate/default/Register-to-study-through-Unisa/Undergraduate-&-honours-qualifications/Find-your-qualification-&-choose-your-modules/All-qualifications/Diploma-in-Security-Management-(98221)
Advanced Diploma in Security Management (98235),98235,90624,,50,Law,7,120,"Purpose statement:The qualification will provide a career-focused opportunity to all learners across the board and will uphold the spirit of learner centeredness. It will contribute to good and responsible security service providers who will be able to cater for the needs of quality security service to communities, private and public organisations. The qualification will provide for lifelong learning and flexibility. This qualification is aimed at learners who wish to pursue careers as security supervisors and security managers and who seek recognition for essential skills needed at the level of middle management. A qualifying learner will be able to demonstrate the knowledge and skills required of competent security managers in the private and public security industry. The emphasis, besides additional advanced specialised knowledge and information, will be on the practical application of already acquired knowledge. This qualification will also assist in promoting good governance, professionalism and expertise within this sector of the South African economy.","
Rules:
Students with the following qualifications: Diploma in Policing, Police Administration or
Corrections Management, can access the Advanced Diploma in Security Management by means
of RPL (rpl@unisa.ac.za).
",,https://www.unisa.ac.za/sites/corporate/default/Register-to-study-through-Unisa/Undergraduate-&-honours-qualifications/Find-your-qualification-&-choose-your-modules/All-qualifications/Advanced-Diploma-in-Security-Management-(98235)
Bachelor of Arts in Criminology (98681),98681,101244,,20,Law,7,360,"Purpose statement:The purposes of this qualification include: 
- To familiarise learners with the content and basic theories of a number of disciplines in the humanities and social sciences, at the basic and intermediate level, and to provide them with a deeper grasp of one or more of these disciplines taken at exit level (level 7), as well as to enable them to place new knowledge in context and to use appropriate methods for seeking resolution of problems; 
- To provide learners with a variety of basic scholarly and intellectual competencies, including the ability to question critically the assumptions of a limited range of theories and authorities, and to develop an understanding of elementary research methods used within one or more disciplines;
- To equip learners with the ability to give an accurate account of scholarly positions and the competence to express their own opinions clearly and coherently, both in written and oral communication; 
- To prepare learners for post learner study; 
- To provide learners with a well-rounded and broad education across a number of disciplines, thus preparing them for a wide range of professions crucial to the welfare of society; 
- To produce learners who are able to think laterally, critically and creatively; 
- To produce learners who are prepared for life-long learning; 
- To produce learners who understand the principles of, and are capable of critical citizenship.","
Rules:
Students should note that during the course of their studies, they would be required to have access
to a computer, printer and the internet.
 
Students must follow the same stream from level one throughout to level three.
 
Some of the pre-requisites and/or co-requisites outlined in this qualification may not apply as they
do not form part of the curriculum.
 
Students who have passed phased out modules will retain the credit and do not need to pass the
replacement modules. However, phased out modules must have been passed for this specific
qualification and it does not necessarily mean the modules are equivalent.
 
EUP1501 Students do not need to register for SJD1501.
PYC1501 Students do not need to register for IOP1501.
IOP209Y Students do not need to register for IOP2605.
CMP2601 Students do not need to register for CRW2601.
CMP3701 Students do not need to register for CPR3701.
EVI3701 Students do not need to register for LEV3701.
EVI3702 Students do not need to register for MRL3702.
",,https://www.unisa.ac.za/sites/corporate/default/Register-to-study-through-Unisa/Undergraduate-&-honours-qualifications/Find-your-qualification-&-choose-your-modules/All-qualifications/Bachelor-of-Arts-in-Criminology-(98681)
Bachelor of Arts in Forensic Science and Technology (90002),90002,91932,,20,Law,7,360,"Purpose statement:The main purpose of the qualification is to enhance the investigation knowledge and skills of investigators This qualification is aimed at students who work within the field of Forensic Investigation and who seek recognition for essential knowledge, skills and values needed up to the level of middle management. This qualification is also aimed at students aspiring to become Forensic Investigators up to the level of middle management. Furthermore, this qualification has been developed to promote efficiency with regard to:
- Forensic methods and techniques.
- Investigation of selected crimes and transgressions.
- Litigation processes, interviewing and statement taking.
- Scene of incident.
- Information gathering.
- Investigative resources.
- Forensic crime intelligence.
This qualification lays a foundation for career advancement and further studies in Forensic Investigation.","
Rules:
Students should note that during the course of their studies they would be required to have access
to a computer, printer and the internet.
 
Students must follow the same stream from level one throughout to level three.
 
Some of the pre-requisites and/or co-requisites outlined in this qualification may not apply as they
do not form part of the curriculum.
 
Students who have passed phased out modules will retain the credit and do not need to pass the
replacement modules. However, phased out modules must have been passed for this specific
qualification and it does not necessarily mean the modules are equivalent.
 
CRW1501 Students do not need to register for HFL1501.
CMP3701 Students do not need to register for CPR3701.
EVI3701 Students do not need to register for LEV3701.
EVI3702 Students do not need to register for MRL3702.
",,https://www.unisa.ac.za/sites/corporate/default/Register-to-study-through-Unisa/Undergraduate-&-honours-qualifications/Find-your-qualification-&-choose-your-modules/All-qualifications/Bachelor-of-Arts-in-Forensic-Science-and-Technology-(90002)
Bachelor of Arts in Police Science (98683),98683,14288,,20,Law,7,360,"Purpose statement:The purposes of this qualification include: 
- To familiarise learners with the content and basic theories of a number of disciplines in the humanities and social sciences, at the basic and intermediate level, and to provide them with a deeper grasp of one or more of these disciplines taken at exit level (level 7), as well as to enable them to place new knowledge in context and to use appropriate methods for seeking resolution of problems; 
- To provide learners with a variety of basic scholarly and intellectual competencies, including the ability to question critically the assumptions of a limited range of theories and authorities, and to develop an understanding of elementary research methods used within one or more disciplines;
- To equip learners with the ability to give an accurate account of scholarly positions and the competence to express their own opinions clearly and coherently, both in written and oral communication; 
- To prepare learners for post learner study; 
- To provide learners with a well-rounded and broad education across a number of disciplines, thus preparing them for a wide range of professions crucial to the welfare of society; 
- To produce learners who are able to think laterally, critically and creatively; 
- To produce learners who are prepared for life-long learning; 
- To produce learners who understand the principles of, and are capable of critical citizenship.","
Rules:
Students should note that during the course of their studies, they would be required to have access
to a computer, printer and the internet.
 
Students must follow the same stream from level one throughout to level three.
 
Some of the pre-requisites and/or co-requisites outlined in this qualification may not apply as
they do not form part of the curriculum.
 
Students who have passed phased out modules will retain the credit and do not need to pass the
replacement modules. However, phased out modules must have been passed for this specific
qualification and it does not necessarily mean the modules are equivalent.
 
EUP1501 Students do not need to register for SJD1501.
HRM2605 Students do not need to register for HRM2604.
MNP2602 Students do not need to register for MNP2601.
CIP2601 Students do not need to register for IOS2601.
CSL2601 Students do not need to register for ADL2601.
Students who have previously completed any GROUP of 5 electives on the second level for this
qualification, do not need to complete SOC2604.
BSM3701 Students do not need to register for MNP3703.
MNP3702 Students do not need to register for MNP3701.
CIP3701 Students do not need to register for CIV3701.
CMP3701 Students do not need to register for CPR3701.
EVI3702 Students do not need to register for LEV3701.
PVL3702 Students do not need to register for MRL3701.
PVL3701 Students do not need to register for MRL3702.
",,https://www.unisa.ac.za/sites/corporate/default/Register-to-study-through-Unisa/Undergraduate-&-honours-qualifications/Find-your-qualification-&-choose-your-modules/All-qualifications/Bachelor-of-Arts-in-Police-Science-(98683)
Bachelor of Commerce in Law (90123 - LAW),90123,101041,,21,Law,7,360,"Purpose statement:The purpose of the qualification is to provide learners with integrated knowledge of the central areas of law and commerce, including the disciplines economics, business management, and accounting sciences. This includes an understanding of and ability to apply and evaluate the key terms, concepts, facts, principles, rules and theories in the law and commercial fields.
The qualification prepares learners as potential commercial role players with a solid background in law, who can be trained further to the exact needs of the business and corporate world, and are able to start and manage their own enterprises. Moreover, the qualification provides qualifying learners with the theoretical knowledge and practical skills to gain entry into the formal legal profession (e.g. attorneys/advocates) and other careers in law and related fields. The qualification also sets the foundation for advanced studies in law and/or commerce.","
Rules:
Students who wish to take Financial Accounting as a stream MUST also register for TAX2601.
Students who wish to take Taxation as a stream MUST also register for FAC2601 and FAC1601.
Students who wish to take Economics as a stream MUST also register for RSK2601.
",,https://www.unisa.ac.za/sites/corporate/default/Register-to-study-through-Unisa/Undergraduate-&-honours-qualifications/Find-your-qualification-&-choose-your-modules/All-qualifications/Bachelor-of-Commerce-in-Law-(90123-–-LAW)
Bachelor of Laws (98680 - NEW),98680,6009,,20,Law,8,480,"Purpose statement:The purpose of this generic LLB qualification is to assist employers, professional associations, curriculum developers and learning-programme providers, education and training bodies, accrediting bodies and moderators, and students and their families, to understand factors determining the level and nature of the LLB qualification. 
The term 'generic' is not synonymous with 'general'. The term generic means that the essential minimum-required outcomes and their assessment criteria have been identified in an abstract way, and are not linked to a preconceived curriculum (content). The qualification, therefore, sets a minimum standard of outcomes with which all LLB qualifications of at least 480 credits within the 'career-focused track' of the NQF would have to comply for accreditation. This qualification does not seek to make all LLB degrees identical but rather to provide a framework within which providers can be innovative and stakeholder-driven in a liberated way. Further aims of the qualification are: To produce law graduates who have a systematic and coherent body of knowledge and an understanding of relevant concepts and principles; a high level of cognitive and other generic skills including problem-solving and the practical application of principles; written and spoken communication, numeracy and computer literacy; and competence in applying knowledge through basic research methods and practice. To provide law graduates with sufficient depth of knowledge and skills for continued and lifelong personal intellectual growth, including postgraduate study. To provide suitably qualified law graduates having initiative, responsibility, and the requisite ethical standards to participate in promoting the administration of justice and the development of legal institutions in South African society. To provide the South African community with lawyers who are empowered to accept their responsibility towards the realisation of a just society based on a constitutional democracy and the rule of law within an international legal order.","
Rules:
The LLB degree comprises of 40 modules: 37 compulsory modules and 3 optional modules.
In order to complete, the qualification students must comply with the 480 (40 modules) credit
requirement. The minimum duration is 4 years.
 
PLEASE NOTE: Exemption for the subjects that were passed more than ten years ago in pursuance of a
qualification that has not been completed yet is not granted automatically. A curriculum vitae
setting out to what extent the applicant has remained in touch with relevant legal rules should
accompany the Recognition of Prior Learning (RPL) application for such exemptions.
 
Students who have passed phased out modules will retain the credit and do not need to pass the
replacement modules. However, phased out modules must have been passed for this specific
qualification and it does not necessarily mean the modules are equivalent.
 
Students MUST consider the implications of pre-requisites when registering.
",,https://www.unisa.ac.za/sites/corporate/default/Register-to-study-through-Unisa/Undergraduate-&-honours-qualifications/Find-your-qualification-&-choose-your-modules/All-qualifications/Bachelor-of-Laws-(98680-–-NEW)
Bachelor of Arts Honours in Corrections Management (98655),98655,101060,,60,Law,8,120,"Purpose statement:The primary purpose of the qualification is to provide Honours BA graduates with systematic knowledge, specialized skills and theoretical competence focusing on or within a particular discipline or within an interdisciplinary framework to prepare them for specialist training at an advanced level.  A second purpose of the qualification is to provide South Africa (and other countries) with graduates who have in-depth knowledge and the confidence to identify and define complex problems and to apply their skills in finding solutions to those problems, especially within unfamiliar contexts. A third purpose of the qualification is to provide South Africa (and other countries) with people who can demonstrate thorough familiarity with a particular discipline or interdisciplinary framework and have the ability to perform independently as intellectual leaders in their society.","
Rules:
To ensure compliance with HEQSF alignment of the Honours Degree, PEN4802 and PEN4803 will be
replaced with HMPEN80 & HRPEN81 from 2017.
Students should note that as from January 2017 the two modules, PEN4802 &
PEN4803 will be replaced by a 12 and 36 credit module, HMPEN80 & HRPEN81 respectively.
Therefore, if you have completed PEN4802 you will retain your credits and must then register for
HRPEN81 from 2017 onwards.
If you have failed PEN4802 in 2016, you need to register for HMPEN80 from 2017 onwards.
 If you have failed or not register for PEN4803 yet, you must register for the HRPEN81.
",,https://www.unisa.ac.za/sites/corporate/default/Register-to-study-through-Unisa/Undergraduate-&-honours-qualifications/Find-your-qualification-&-choose-your-modules/All-qualifications/Bachelor-of-Arts-Honours-in-Corrections-Management-(98655)
Bachelor of Arts Honours in Criminology (98682),98682,101046,,60,Law,8,120,"Purpose statement:The primary purpose of the qualification is to provide Honours BA graduates with systematic knowledge, specialized skills and theoretical competence focusing on or within a particular discipline or within an interdisciplinary framework to prepare them for specialist training at an advanced level.  A second purpose of the qualification is to provide South Africa (and other countries) with graduates who have in-depth knowledge and the confidence to identify and define complex problems and to apply their skills in finding solutions to those problems, especially within unfamiliar contexts. A third purpose of the qualification is to provide South Africa (and other countries) with people who can demonstrate thorough familiarity with a particular discipline or interdisciplinary framework and have the ability to perform independently as intellectual leaders in their society.","
Rules:
To ensure compliance with HEQSF alignment of the Honours Degree, CMY4802 and CMY4805 will be
replaced with HMCMY80 & HRCMY81 from 2017. Students should note that as from January 2017 the two
modules, CMY4802 & CMY4805 will be replaced by a 12 and 36 credit module, HMCMY80 &
HRCMY81 respectively. Therefore, if you have completed CMY4802, you will retain your credits and
must then register for HRCMY81 from 2017 onwards. If you have failed CMY4802 in 2016, you need to
register for HMCMY80 from 2017 onwards. If you have failed or not register for CMY4805 yet,
you must register for HRCMY81.
",,https://www.unisa.ac.za/sites/corporate/default/Register-to-study-through-Unisa/Undergraduate-&-honours-qualifications/Find-your-qualification-&-choose-your-modules/All-qualifications/Bachelor-of-Arts-Honours-in-Criminology-(98682)
Bachelor of Arts Honours in Forensic Science and Technology (90109),90109,103081,,60,Law,8,120,This qualification will be presented using both online and distance learning modes.,"Purpose statement:The main purpose of the qualification is to enhance the investigation knowledge and skills of investigators to an advanced level. This qualification is aimed at students who work within the field of forensic investigation and who seek recognition for essential knowledge, skills and values needed up to the level of senior managers. Furthermore, this qualification has been developed to enhance the following areas of proficiency:

- Forensic Methods and Techniques.
- Selected Crimes and Transgressions.
- Advanced Forensic Crime Intelligence.
- To conduct research within the field of Forensic Investigation by drafting a
research proposal and a research report.
",,https://www.unisa.ac.za/sites/corporate/default/Register-to-study-through-Unisa/Undergraduate-&-honours-qualifications/Find-your-qualification-&-choose-your-modules/All-qualifications/Bachelor-of-Arts-Honours-in-Forensic-Science-and-Technology-(90109)
Bachelor of Arts Honours in Police Science (90074),90074,97680,,60,Law,8,120,This qualification will be presented using both online and distance learning modes.,"Purpose statement:The purpose of this qualification is to provide learners with managerial skills and enhance their expertise as professionals in the law enforcement sector. On the completion of this qualification, learners will be able to: 
- Develop a strategic management plan to optimise use of resources in a law enforcement environment. 
- Critically assess the impact of leadership and strategic management of a law enforcement environment. 
- Analyse and enhance service excellence of law enforcement processes. 
- Develop an integrated plan to optimise policing. 
- Conduct research in the realm of law enforcement.",,https://www.unisa.ac.za/sites/corporate/default/Register-to-study-through-Unisa/Undergraduate-&-honours-qualifications/Find-your-qualification-&-choose-your-modules/All-qualifications/Bachelor-of-Arts-Honours-in-Police-Science-(90074)
Postgraduate Diploma in Intellectual Property Law and Management (90172),90172,109282,,60,Law,8,120,This qualification will be presented using both online and distance learning modes.,"Purpose statement:The discipline of intellectual property law and management is experiencing strong growth in information collection and the development of specialisation streams internationally. The Postgraduate Diploma will provide a foundational understanding of intellectual property law and management, which integrates perspectives and skills from several disciplines including business, management, law, and innovation. The emphasis, besides additional advanced specialised knowledge and information will be on the practical application of already acquired knowledge related to asset protection, asset commercialisation, and asset management. 

A key objective of the Postgraduate Diploma (Intellectual Property Law and Management) is to establish a core of South African intellectual property law and management professionals (at a specialised level) who will serve the interests of all sectors of the economy and the community in South Africa. This Postgraduate Diploma is aimed at participants pursuing careers inter alia as IP managers, technology transfer agents, and public and private sector participants. The Postgraduate Diploma also lays a foundation for higher career advancement and further postgraduate studies in intellectual property law and management and technology transfer. The successful Postgraduate Diploma participant, building on all the acquired knowledge and skills obtained in the Postgraduate Diploma, will then have the competencies to apply his/her acquired intellectual property law and management knowledge and skills at an advanced specialised level. 

The Postgraduate Diploma (Intellectual Property Law and Management) is intensive in nature, because of the year duration of the Postgraduate Diploma and the composition of five intensive study modules in intellectual property law and management. Attractively, this Postgraduate Diploma will afford participants the opportunity to obtain a nationally and internationally recognised qualification in intellectual property law and management.
",,https://www.unisa.ac.za/sites/corporate/default/Register-to-study-through-Unisa/Undergraduate-&-honours-qualifications/Find-your-qualification-&-choose-your-modules/All-qualifications/Postgraduate-Diploma-in-Intellectual-Property-Law-and-Management-(90172)
Postgraduate Diploma in Security Management (90080),90080,97954,,60,Law,8,120,This qualification will be presented using both online and distance learning modes.,"Purpose statement:This qualification is aimed at learners who wish to pursue careers as security supervisors and security managers and who seek to develop and receive recognition for the essential skills needed, by senior management in the security sector. Qualifying learners will have the competencies to apply their acquired security management, security risk management and corporate investigation knowledge and skills at an advanced specialised level. The emphasis, besides additional advanced specialised knowledge and information is on the practical application of already acquired knowledge. The qualification targets learners who work in the public and private sector security industry and related fields of asset protection, loss prevention, security risk management and corporate investigation. A qualifying learner will be able to demonstrate knowledge and skills of competent security managers in the private and public security industry. This qualification will also assist in promoting good governance, professionalism and expertise in this specific sector of the South African economy. It further lays a foundation for higher career advancement and further post-graduate studies in Security Management.",,https://www.unisa.ac.za/sites/corporate/default/Register-to-study-through-Unisa/Undergraduate-&-honours-qualifications/Find-your-qualification-&-choose-your-modules/All-qualifications/Postgraduate-Diploma-in-Security-Management-(90080)
Higher Certificate in Mathematics and Statistics (90129),90129,111954,,15,"Science, Engineering and Technology",5,120,"Purpose statement:The Higher Certificate in Mathematics and Statistics will enable learners with a NQF Level 4 Mathematics to improve their reading and writing in academic, business and Standard English language, their computational skills mathematical skills and statistical skills, with an introduction to scientific field knowledge in higher education. Upon qualifying learners will be able to register for higher qualifications within South Africa and throughout the world. Qualifying learners will be employable in appropriate statistical and mathematical environments as support staff to specialists in the field.

The Higher Certificate will enable the qualifying learners to acquire knowledge of statistics as well as practical skills in data management and data exploration.","
Rules:
Some of the pre-requisites and/ or co-requisites outlined in this qualification may not apply as
they do not form part of the curriculum.
",,https://www.unisa.ac.za/sites/corporate/default/Register-to-study-through-Unisa/Undergraduate-&-honours-qualifications/Find-your-qualification-&-choose-your-modules/All-qualifications/Higher-Certificate-in-Mathematics-and-Statistics-(90129)
Higher Certificate in Physical Sciences (90101),90101,102039,,15,"Science, Engineering and Technology",5,120,This qualification will be presented using both online and distance learning modes.,"Purpose statement:First-time entering students (with an NQF Level 4 in Mathematics and some background in Physical Sciences)  need to further improve their reading and writing in academic, business and standard English language, their computational skills mathematical skills and statistical skills, with a basic introduction to scientific field knowledge in higher education. Completing students will be able to register for higher qualifications within South Africa and throughout the world. Qualifying students will be employable in laboratories in institutions of higher learning as well as in industry as support staff to specialists in the field The Higher Certificate will give the qualifying learners a basic knowledge of the physical sciences as well as practical skills in laboratories equipping them to operate as entry-level future laboratory assistants in the academic, government or industry sectors.",,https://www.unisa.ac.za/sites/corporate/default/Register-to-study-through-Unisa/Undergraduate-&-honours-qualifications/Find-your-qualification-&-choose-your-modules/All-qualifications/Higher-Certificate-in-Physical-Sciences-(90101)
Diploma in Chemical Engineering (90130),90130,112178,,18,"Science, Engineering and Technology",6,360,"Purpose statement:The specific purpose of the Diploma in Chemical Engineering is to build the necessary knowledge, understanding, abilities and skills required for further learning towards becoming a competent practising professional engineering technician. This qualification provides:
Preparation for careers in engineering and areas that potentially benefit from engineering skills, for achieving technical proficiency and competency to contribute to the economy and national development.
The educational base required for registration as a candidate or a professional engineering technician with ECSA (Refer to qualification rules).
Possible admission to an appropriate Advanced Diploma NQF Level 7 qualification, or equivalent.
The qualification reflects the new standard for engineering technologists as required by the Engineering Council of South Africa based on the new HEQF (ECSA document E-02-PN rev.3, 26 November 2015: Qualification Standard for Diploma in Engineering: NQF Level 6).

This qualification is primarily vocational, or industry-oriented, characterised by the knowledge emphasis, general principles and application or technology transfer. The qualification provides learners with a sound knowledge base in a particular field or discipline and the ability to apply their knowledge and skills to specific career or professional contexts while equipping them to undertake more specialised and intensive learning. Programmes leading to this qualification tend to have a strong vocational, professional, or career focus and holders of this qualification are usually prepared to enter a specific niche in the labour market.

Engineering learners completing this qualification will demonstrate competence in all the Exit Level Outcomes contained in this standard.","
Rules:
Please note that all practicals will be conducted at Unisa Science campus, in Johannesburg, Gauteng
Province. Further note that this is compulsory to all students and for all the engineering modules
that require practical work in the laboratories.
 
Compilation of curriculum: A student may register for a maximum of 60 NQF credits per semester
(consequently 120 NQF credits for an academic year); Students should take cognizance of prerequisite
modules when selecting modules for registration.
 
From 2024, Engineering modules will be offered as year modules only. Please click on the
modules to see further information.
",,https://www.unisa.ac.za/sites/corporate/default/Register-to-study-through-Unisa/Undergraduate-&-honours-qualifications/Find-your-qualification-&-choose-your-modules/All-qualifications/Diploma-in-Chemical-Engineering-(90130)
Diploma in Civil Engineering (90137),90137,111282,,18,"Science, Engineering and Technology",6,360,"Purpose statement:The specific purpose of educational qualifications designed to meet this qualification are to build the necessary knowledge, understanding, abilities and skills required for further learning towards becoming a competent practicing Professional Engineering Technician.

Engineering learners completing this qualification will demonstrate competence in all eleven graduate attributes contained in ECSA generic document. Qualification Standard for Diploma in Engineering: NQF Level 6).The qualification design reflects the new standard for engineering technicians as required by the Engineering Council of South Africa (referred to as the ECSA hereafter) based on the new Higher Education Qualifications Framework (HEQF (ECSA document E-02-PN revision 3 from 26 November 2015: Qualification Standard for Diploma in Engineering: NQF Level 6). This qualification was endorsed by constituents from industry via advisory committee meetings for civil engineering.

The qualification is expected to be viable in terms of learner numbers as the current National Diploma in Civil Engineering Technology qualification has shown significant learner numbers (average of 1655 enrolments per year for the past two years). Furthermore, this new Diploma in Civil Engineering will be the only one that is offered via an open and distance learning institute. As such, it will be accessible to learners countrywide, and is more likely to be taken up by employed learners who would not be able to attend full-time courses offered by residential institutions.
","
Rules:
Please note that all practicals will be conducted at Unisa Science campus, in Johannesburg, Gauteng
Province. Further note that this is compulsory to all students and for all the engineering modules
that require practical work in the laboratories.
 
Compilation of curriculum: A student may register for a maximum of 60 NQF credits per semester
(consequently 120 NQF credits for an academic year); Students should take cognizance of prerequisite
modules when selecting modules for registration.
 
From 2024, Engineering modules will be offered as year modules only. Please click on the
modules to see further information.
",,https://www.unisa.ac.za/sites/corporate/default/Register-to-study-through-Unisa/Undergraduate-&-honours-qualifications/Find-your-qualification-&-choose-your-modules/All-qualifications/Diploma-in-Civil-Engineering-(90137)
Diploma in Electrical Engineering (90138),90138,111285,,18,"Science, Engineering and Technology",6,360,"Purpose statement:The purpose of this qualification is to build the necessary knowledge, understanding, abilities and skills required for further learning towards becoming a competent practicing professional engineering technician. This qualification provides:
Preparation for careers in engineering and areas that potentially benefit from engineering skills, for achieving technical proficiency and competency to make a contribution to the economy and national development.
The educational base required for registration as a candidate and/or a professional engineering technician with Engineering Council of South Africa (ECSA) (Refer to qualification rules).

The qualification reflects the new standard for engineering technicians as required by the Engineering Council of South Africa (referred to as the ECSA hereafter) based on the new Higher Education Qualifications Framework (HEQF) (ECSA document E-02-PN; February 2015: Qualification Standard for Diploma in Engineering: NQF Level 6). This qualification was endorsed by constituents from industry via advisory committee meetings for mechanical engineering.

The qualification is part of a group of new qualifications in Engineering focused on de-colonialisation and curriculum transformation. The new qualifications will increase of the institutional reputation; will attract more international students, especially from Africa, leading to an improved international scholarly output. Professional Engineering Technicians apply established and newly developed engineering technology to solve well-defined problems and develop components, systems, services and processes.

The qualification will be the only one that is offered by an open and distance learning institute. As such, it will be accessible to students countrywide, and is more likely to be taken up by employed students who would not be able to attend full-time courses offered by residential institutions.

This qualification plans to address the current engineering skill shortage allowing workers in the field to upgrade their qualifications via self-study, facility not available through contact universities.

This qualification is designed to meet the educational requirement towards registration as a Candidate or Professional Engineering Technician with the Engineering Council of South Africa","
Rules:
Please note that all practicals will be conducted at Unisa Science campus, in Johannesburg, Gauteng
Province. Further note that this is compulsory to all students and for all the engineering modules
that require practical work in the laboratories.
 
Compilation of curriculum: A student may register for a maximum of 60 NQF credits per semester
(consequently 120 NQF credits for an academic year); Students should take cognizance of prerequisite
modules when selecting modules for registration.
 
From 2024, Engineering modules will be offered as year modules only. Please click on the
modules to see further information.
",,https://www.unisa.ac.za/sites/corporate/default/Register-to-study-through-Unisa/Undergraduate-&-honours-qualifications/Find-your-qualification-&-choose-your-modules/All-qualifications/Diploma-in-Electrical-Engineering-(90138)
Diploma in Industrial Engineering (90136),90136,112692,,18,"Science, Engineering and Technology",6,360,"Purpose statement:The purpose of the qualification is to build the necessary knowledge, understanding, abilities and skills required for further learning towards becoming a competent practising professional engineering technician. This qualification provides preparation for careers in engineering and areas that potentially benefit from engineering skills, for achieving technical proficiency and competency to contribute to the economy and national development. Constituents from industry endorsed the qualification via advisory committee meetings for Industrial Engineering. The qualification will increase the institutional reputation; and attract more international learners, especially from Africa, leading to an improved global scholarly output.","
Rules:
Please note that all practicals will be conducted at Unisa Science campus, in Johannesburg, Gauteng
Province. Further note that this is compulsory to all students and for all the engineering modules
that require practical work in the laboratories.
 
Compilation of curriculum: A student may register for a maximum of 60 NQF credits per semester
(consequently 120 NQF credits for an academic year); Students should take cognizance of prerequisite
modules when selecting modules for registration.
 
From 2024, Engineering modules will be offered as year modules only. Please click on the
modules to see further information.
",,https://www.unisa.ac.za/sites/corporate/default/Register-to-study-through-Unisa/Undergraduate-&-honours-qualifications/Find-your-qualification-&-choose-your-modules/All-qualifications/Diploma-in-Industrial-Engineering-(90136)
Diploma in Information Technology (98806 - ITE),98806,62396,,18,"Science, Engineering and Technology",6,360,"Purpose statement:A Qualifying learner at this level is competent in the development of IT systems in a distributed computing environment, after specializing in one of the following fields:  
1. Business Applications.  
The creation and customization of total integrated IT solutions to business problems and management of those systems. This also includes the analysis of business systems to provide decision support on appropriate technology for acquiring and processing knowledge essential for innovation, and for betterment of organisational responsiveness, effectiveness and / or efficiency.  
2. Software Development  
Designing and producing software products and systems to meet specified needs so that they work reliably and their production and maintenance is cost effective.  
3. Communication Networks  
Design, development, implementation and management of networks by integrating knowledge of modern network topologies and protocols to create an appropriate and adequate environment of communication and information sharing.  
4. Web and Application Development  
To equip Web professionals with the necessary skills to pursue a career in IT using the Internet to create, build and maintain Web sites. This professional will also manage Web related functions of the organisation.  
5. Information Systems and Technology Management  
Manage people and technology for creating, modifying and sustaining organisational information systems.  
6. Intelligent Industrial Systems  
Design, development and maintenance of systems that have embedded logic. This includes artificial intelligence and servers that can do remotely control a process environment.  
7. Support Services  
Identifies the various types of end users and explore their possible needs. These needs include support in the use of existing software packages, basic maintenance of computers and equipment, and support for the development of end users' own computer applications.","
Rules:
As from 2019 the semester modules ICT3713 and ICT3714 are not available and replaced with the year
module ICT3715. Student who have not registered or passed both ICT3713 and ICT3714 before 2018 will
have to register for the new module ICT3715 from the 2019 academic year onwards. Where a student has
already passed and obtained credits for ICT3713, the student will be given a final chance to
register and pass ICT3714 in the first or second semester of 2018. In the second semester of 2018,
students who fail ICT3713 or has a supplementary will have to register the single capstone year
module ICT3715 from the 2019 academic year onwards.
",,https://www.unisa.ac.za/sites/corporate/default/Register-to-study-through-Unisa/Undergraduate-&-honours-qualifications/Find-your-qualification-&-choose-your-modules/All-qualifications/Diploma-in-Information-Technology-(98806-–-ITE)
Diploma in Mechanical Engineering (90132),90132,111175,,18,"Science, Engineering and Technology",6,360,"Purpose statement:This qualification is primarily vocational, or industry oriented, characterised by the knowledge emphasis, general principles and application or technology transfer. The qualification provides students with a sound knowledge base in a particular field or discipline and the ability to apply their knowledge and skills to particular career or professional contexts, while equipping them to undertake more specialised and intensive learning. Programmes leading to this qualification tend to have a strong vocational, professional or career focus and holders of this qualification are usually prepared to enter a specific niche in the labour market.
The specific purpose of educational programmes designed to meet this qualification are to build the necessary knowledge, understanding, abilities and skills required for further learning towards becoming a competent practicing Professional Engineering Technician.
This qualification provides:
(a) Preparation for careers in engineering and areas that potentially benefit from engineering skills, for achieving technical proficiency and competency to make a contribution to the economy and national development;
(b) The educational base required for registration as a Candidate and/or a Professional Engineering Technician with ECSA (Refer to qualification rules).
(c) Entry to programmes e.g. Advanced Certificate programmes.
(d) Entry to an Advanced Diploma upon successful completion of a work-integrated learning component, or a combination of work-integrated learning and coursework, equivalent to at least 30 credits but not to exceed 120 credits.
Engineering students completing this qualification will demonstrate competence in all the Exit Level Outcomes contained in this standard.","
Rules:
Please note that all practicals will be conducted at Unisa Science campus, in Johannesburg, Gauteng
Province. Further note that this is compulsory to all students and for all the engineering modules
that require practical work in the laboratories.
 
Compilation of curriculum: A student may register for a maximum of 60 NQF credits per semester
(consequently 120 NQF credits for an academic year); Students should take cognizance of prerequisite
and corequisite modules when selecting modules for registration.
 
From 2024, Engineering modules will be offered as year modules only. Please click on the
modules to see further information.
",,https://www.unisa.ac.za/sites/corporate/default/Register-to-study-through-Unisa/Undergraduate-&-honours-qualifications/Find-your-qualification-&-choose-your-modules/All-qualifications/Diploma-in-Mechanical-Engineering-(90132)
Diploma in Mining Engineering (90140),90140,115928,,18,"Science, Engineering and Technology",6,360,"Purpose statement:The specific purpose of educational programme designed to meet this qualification is to build the necessary knowledge, understanding, abilities and skills required for further learning towards becoming a competent practicing professional engineering technician. This qualification provides:

a. Preparation for careers in engineering and areas that potentially benefit from engineering skills, for achieving technical proficiency and competency to make a contribution to the economy and national development; b. The educational base required for registration as a candidate and/or a Professional Engineering Technician with Engineering Council of South Africa. c. Possible admission to an appropriate Advanced Diploma NQF level 7 qualification, or equivalent.
","
Rules:
Please note that all practicals will be conducted at Unisa Science campus, in Johannesburg, Gauteng
Province. Further note that this is compulsory to all students and for all the engineering modules
that require practical work in the laboratories.
 
Compilation of curriculum: A student may register for a maximum of 60 NQF credits per semester
(consequently 120 NQF credits for an academic year); Students should take cognizance of prerequisite
modules when selecting modules for registration.
 
From 2024, Engineering modules will be offered as year modules only. Please click on the
modules to see further information.
",,https://www.unisa.ac.za/sites/corporate/default/Register-to-study-through-Unisa/Undergraduate-&-honours-qualifications/Find-your-qualification-&-choose-your-modules/All-qualifications/Diploma-in-Mining-Engineering-(90140)
Diploma in Pulp and Paper Technology (90141),90141,112567,,18,"Science, Engineering and Technology",6,360,"Purpose statement:The specific purpose of educational programmes designed to meet this qualification are to build the necessary knowledge, understanding, abilities and skills required for further learning towards becoming a competent practicing Professional Engineering Technician. This qualification provides: a. Preparation for careers in engineering and areas that potentially benefit from engineering skills, for achieving technical proficiency and competency to make a contribution to the economy and national development; b. The educational base required for registration as a Candidate and/or a Professional Engineering Technician with Engineering Council of South Africa; c. Entry to an Advanced Diploma or a combination of work-integrated learning equivalent to at least 30 credits but not to exceed 120 credits and coursework.
","
Rules:
Please note that all practicals will be conducted at Unisa Science campus, in Johannesburg, Gauteng
Province. Further note that this is compulsory to all students and for all the engineering modules
that require practical work in the laboratories.
 
Compilation of curriculum: A student may register for a maximum of 60 NQF credits per semester
(consequently 120 NQF credits for an academic year); Students should take cognizance of prerequisite
modules when selecting modules for registration.
 
From 2024, Engineering modules will be offered as year modules only. Please click on the
modules to see further information.
",,https://www.unisa.ac.za/sites/corporate/default/Register-to-study-through-Unisa/Undergraduate-&-honours-qualifications/Find-your-qualification-&-choose-your-modules/All-qualifications/Diploma-in-Pulp-and-Paper-Technology-(90141)
Advanced Diploma in Chemical Engineering (90128),90128,112054,,60,"Science, Engineering and Technology",7,144,"Purpose statement:The specific purpose of the Advanced Diploma in Chemical Engineering is designed to build the necessary knowledge, understanding, abilities and skills required for further learning towards becoming a competent practicing Professional Engineering Technologist.

The qualification design is aligned to the Standard for Engineering Technologists as required by the Engineering Council of South Africa (ECSA). Therefore, learners will have the ability to apply established and newly developed engineering technology to solve broadly defined problems, develop components, systems, services and processes. They will be able to provide leadership in the application of technology in safety, health, engineering and commercially effective operations and have well-developed interpersonal skills. They will also have the ability to work independently and responsibly, applying judgment to decisions arising in the application of technology and health and safety considerations to problems and associated risks. Therefore, Professional Engineering Technologists learners will have a specialised understanding of the engineering science that underpins specific technologies together with financial, commercial, legal, social and economic, health, safety and environmental matters.

The qualification serves to provide learners with knowledge in chemical engineering. The knowledge emphasises chemical engineering principles and application. Also, the qualification provides learners with an in-depth knowledge base in a particular field or discipline and the ability to apply their knowledge and skills to a particular career or professional contexts, while equipping them to undertake more specialised and intensive learning.
","
Rules:
Some of the pre-requisites and/ or co-requisites outlined in this qualification may not apply as
they do not form part of the curriculum.
 
From 2024, Engineering modules will be offered as year modules only. Please click on the
modules to see further information.
",,https://www.unisa.ac.za/sites/corporate/default/Register-to-study-through-Unisa/Undergraduate-&-honours-qualifications/Find-your-qualification-&-choose-your-modules/All-qualifications/Advanced-Diploma-in-Chemical-Engineering-(90128)
Advanced Diploma in Electrical Engineering in Power Engineering (90126),90126,112179,,60,"Science, Engineering and Technology",7,144,"Purpose statement:The qualification serves to provide learners with the advanced knowledge in fundamental engineering. It emphasises electrical engineering principles and application. Also, the qualification provides learners with an in-depth knowledge base in a particular field or discipline and the ability to apply their knowledge and skills to particular career or professional contexts, while equipping them to undertake more specialised and intensive learning. Programmes leading to this qualification tend to have a strong vocational, professional or career focus and holders of this qualification are usually prepared to enter a specific niche in the labour market.
The specific purpose of educational programmes designed to meet this qualification are to build the necessary knowledge, understanding, abilities and skills required for further learning towards becoming a competent practising Professional Engineering Technologist. This qualification provides: a. preparation for careers in engineering and areas that potentially benefit from engineering skills, for achieving technical proficiency and competency to make a contribution to the economy and national development; b. the educational base required for registration as a Candidate and/or a Professional Engineering Technologist with Engineering Council of South Africa and c. Possible entry to a Bachelor's qualification.

Engineering learners completing this qualification will demonstrate competence in all the Exit Level Outcomes contained in this standard.","
Rules:
From 2024, Engineering modules will be offered as year modules only. Please click on the
modules to see further information.
",,https://www.unisa.ac.za/sites/corporate/default/Register-to-study-through-Unisa/Undergraduate-&-honours-qualifications/Find-your-qualification-&-choose-your-modules/All-qualifications/Advanced-Diploma-in-Electrical-Engineering-in-Power-Engineering-(90126)
Advanced Diploma in Electrical Engineering in Telecommunications (90127),90127,112182,,60,"Science, Engineering and Technology",7,144,"Purpose statement:The Advanced Diploma in Electrical Engineering in Power Engineering serves to provide learners with advanced knowledge in fundamental engineering. It emphasises electrical engineering principles and application. Also, the qualification provides learners with an in-depth knowledge base in a particular field or discipline and the ability to apply their knowledge and skills to specific career or professional contexts while equipping them to undertake more specialised and intensive learning. Programmes leading to this qualification tend to have a strong vocational, professional or career focus and holders of this qualification are usually prepared to enter a specific niche in the labour market.

The specific purpose of this qualification is to build the necessary knowledge, understanding, abilities, and skills required for further learning towards becoming a competent practising Professional Engineering Technologist. This qualification provides:
Preparation for careers in engineering and areas that potentially benefit from engineering skills, for achieving technical proficiency and competency to contribute to the economy and national development;
The educational base required for registration as a Candidate or a Professional Engineering Technologist with Engineering Council of South Africa and;
Possible entry to a Bachelor's qualification.
Engineering learners completing this qualification will demonstrate competence in all the Exit Level Outcomes contained in this standard.

","
Rules:
From 2024, Engineering modules will be offered as year modules only. Please click on the
modules to see further information.
",,https://www.unisa.ac.za/sites/corporate/default/Register-to-study-through-Unisa/Undergraduate-&-honours-qualifications/Find-your-qualification-&-choose-your-modules/All-qualifications/Advanced-Diploma-in-Electrical-Engineering-in-Telecommunications-(90127)
Advanced Diploma in Engineering Technology in Civil Engineering (90142),90142,115862,,60,"Science, Engineering and Technology",7,144,"Purpose statement:The qualification reflects the need and demand within the civil engineering environment for everyday engineering technologists who are/will be able to perform and solve medium complexity broadly defined civil engineering problems. They would be able to function within a more complex environment after acquiring the knowledge, skills and attributes of the processes and procedure operation in civil engineering. This qualification will provide engineering technologists with the knowledge and applied competencies in a number of civil  engineering fields. The specific purpose of educational programme designed to meet this qualification is to build the necessary knowledge, understanding, abilities and skills required for further learning towards becoming a competent practicing Professional Engineering Technologist. This qualification provides: a. Preparation for careers in engineering and areas that potentially benefit from engineering skills, for achieving technical proficiency and competency to make a contribution to the economy and national development. b. The educational base required for registration as a Candidate and/or a Professional Engineering Technologist with Engineering Council of South Africa. c. Possible admission to an appropriate BEng. Technology Honours or a BEng. NQF level 8 qualification, or equivalent.
","
Rules:
Some of the pre-requisites and/ or co-requisites outlined in this qualification may not apply as
they do not form part of the curriculum.
 
From 2024, Engineering modules will be offered as year modules only. Please click on the
modules to see further information.
",,https://www.unisa.ac.za/sites/corporate/default/Register-to-study-through-Unisa/Undergraduate-&-honours-qualifications/Find-your-qualification-&-choose-your-modules/All-qualifications/Advanced-Diploma-in-Engineering-Technology-in-Civil-Engineering-(90142)
Advanced Diploma in Industrial Engineering (90134),90134,111267,,60,"Science, Engineering and Technology",7,144,"Purpose statement:The qualification serves to provide students with the advanced knowledge in fundamental engineering. The knowledge emphasizes Industrial engineering principles and application. Also, the qualification provides students with an in-depth knowledge base in a particular field or discipline and the ability to apply their knowledge and skills to particular career or professional contexts, while equipping them to undertake more specialised and intensive learning. Programmes leading to this qualification tend to have a strong vocational, professional or career focus and holders of this qualification are usually prepared to enter a specific niche in the labour market.
The specific purpose of educational programmes designed to meet this qualification are to build the necessary knowledge, understanding, abilities and skills required for further learning towards becoming a competent practicing Professional Engineering Technologist. This qualification provides:
a. Preparation for careers in engineering and areas that potentially benefit from engineering skills, for achieving technical proficiency and competency to make a contribution to the economy and national development. b. The educational base required for registration as a Candidate and/or a Professional Engineering Technologist with Engineering Council of South Africa. c. Possible entry to a Bachelor's qualification.
","
Rules:
From 2024, Engineering modules will be offered as year modules only. Please click on the
modules to see further information.
",,https://www.unisa.ac.za/sites/corporate/default/Register-to-study-through-Unisa/Undergraduate-&-honours-qualifications/Find-your-qualification-&-choose-your-modules/All-qualifications/Advanced-Diploma-in-Industrial-Engineering-(90134)
Advanced Diploma in Information Resource Management (90007),90007,94672,,60,"Science, Engineering and Technology",7,120,"Purpose statement:Qualifying learners will be able to apply the theoretical knowledge to the management of Information Communication Technology (ICT) services in an organisation, in a holistic approach to managing services, from end-to-end, where all aspects of a service (and not just the individual technology silos) are delivered within a determined timeframe, properly secured, and available when necessary to the business customer, where Information Technology Infrastructure Library (ITIL) is used in conjunction with other good practices to manage information technology (such as COBIT). This qualification aims to improve the level of training for new entrants as well as practicing service managers and supervisory staff. In addition, it will provide a solid theoretical basis for staff who have undergone on-the-job training without the benefit of being exposed to the underpinning theory and best practices provided by any ITIL based theoretical training at tertiary level. Both entry level staff and experienced staff with relevant practical experience will benefit.","
Rules:
Students must take note that there has been a change of module codes (with exception to IRM4725).
IRM4711 has been replaced by IRM4720, IRM4713 replaced by IRM4721, IRM4714 replaced by IRM4722,
IRM4717 replaced by IRM4723, IRM4719 replaced by IM4724, IRM4712 replaced by IRM4726, IRM4715
replaced by IRM4727, IMR4718 replaced by IRM4728 and IRM4716 replaced b IRM4729. The content of the
modules remained the same, only the code structure has changed.
",,https://www.unisa.ac.za/sites/corporate/default/Register-to-study-through-Unisa/Undergraduate-&-honours-qualifications/Find-your-qualification-&-choose-your-modules/All-qualifications/Advanced-Diploma-in-Information-Resource-Management-(90007)
Advanced Diploma in Mechanical Engineering (90133),90133,111145,,60,"Science, Engineering and Technology",7,144,"Purpose statement:The specific purpose of this qualification is to build the necessary knowledge, understanding, abilities and skills required for further learning towards becoming a competent practicing Professional Engineering Technologist. This qualification provides:
Preparation for careers in engineering and areas that potentially benefit from engineering skills, for achieving technical proficiency and competency to make a contribution to the economy and national development.
Possible admission to an appropriate Bachelor of Engineering Technology Honours or a Bachelor of Engineering at National Qualifications Framework (NQF) Level 8 qualification, or equivalent.

The qualification serves to provide learners with the advanced knowledge in fundamental engineering. The knowledge emphasises mechanical engineering principles and application. Also, the qualification provides learners with an in-depth knowledge base in a particular field or discipline and the ability to apply their knowledge and skills to particular career or professional contexts, while equipping them to undertake more specialised and intensive learning. Programmes leading to this qualification tend to have a strong vocational, professional or career focus and holders of this qualification are usually prepared to enter a specific niche in the labour market.

The specific purpose of educational programmes designed to meet this qualification are to build the necessary knowledge, understanding, abilities and skills required for further learning towards becoming a competent practicing Professional Engineering Technologist.

","
Rules:
Some of the pre-requisites and/ or co-requisites outlined in this qualification may not apply as
they do not form part of the curriculum.
 
From 2024, Engineering modules will be offered as year modules only. Please click on the
modules to see further information.
",,https://www.unisa.ac.za/sites/corporate/default/Register-to-study-through-Unisa/Undergraduate-&-honours-qualifications/Find-your-qualification-&-choose-your-modules/All-qualifications/Advanced-Diploma-in-Mechanical-Engineering-(90133)
Advanced Diploma in Mining Engineering (90131),90131,110668,,60,"Science, Engineering and Technology",7,144,"Purpose statement:The specific purpose of this qualification is to build the necessary knowledge, understanding, abilities and skills required for further learning towards becoming a competent practicing Professional Engineering Technologist. This qualification provides:
Preparation for careers in engineering and areas that potentially benefit from engineering skills, for achieving technical proficiency and competency to make a contribution to the economy and national development.
Possible admission to an appropriate Bachelor of Engineering Technology Honours or a Bachelor of Engineering at National Qualifications Framework (NQF) Level 8 qualification, or equivalent.

The qualification serves to provide learners with the advanced knowledge in fundamental engineering. The knowledge emphasises mining engineering principles and application. Also, the qualification provides learners with an in-depth knowledge base in a particular field or discipline and the ability to apply their knowledge and skills to particular career or professional contexts, while equipping them to undertake more specialised and intensive learning. Programmes leading to this qualification tend to have a strong vocational, professional or career focus and holders of this qualification are usually prepared to enter a specific niche in the labour market.

The specific purpose of educational programmes designed to meet this qualification are to build the necessary knowledge, understanding, abilities and skills required for further learning towards becoming a competent practicing Professional Engineering Technologist","
Rules:
From 2024, Engineering modules will be offered as year modules only. Please click on the
modules to see further information.
",,https://www.unisa.ac.za/sites/corporate/default/Register-to-study-through-Unisa/Undergraduate-&-honours-qualifications/Find-your-qualification-&-choose-your-modules/All-qualifications/Advanced-Diploma-in-Mining-Engineering-(90131)
Bachelor of Science (98801 - GEN),98801,35954,,20,"Science, Engineering and Technology",7,360,This qualification will be presented using both online and distance learning modes.,"
Rules:
The curriculum for the BSC degree consists of:

THIRTY MODULES
At least TWENTY-FOUR of the thirty modules must be from the list below.
Not more than EIGHT of the thirty modules may be on the first level (NQF level 5).
At least TEN modules must be on third level (NQF level 7).
Not more than THREE courses on first year level (the equivalent of 6 modules) maybe in Subjects from the curricula of first Bachelor’s degrees of other colleges.
The curriculum must include at least ONE MAJOR SUBJECT. For this purpose, each major consists of at least five modules on third level or NQF level 7. A particular module cannot be counted as a credit for more than one major subject. To complete BSC in one major, at least 15 modules in the discipline of the major subject. To complete BSC in one major, at least 15 modules in the discipline of the major must form part of BSC structure. A BSC can also have two majors and the above requirement will not be enforced in such a case.
Refer to Subjects and Modules on the website for the Major subject combination.



Click here for the full curriculum (PDF) 
Click here for the subject & module information ",,https://www.unisa.ac.za/sites/corporate/default/Register-to-study-through-Unisa/Undergraduate-&-honours-qualifications/Find-your-qualification-&-choose-your-modules/All-qualifications/Bachelor-of-Science-(98801-–-GEN)
Bachelor of Science Applied Mathematics and Computer Science (98801 - AMC),Applied Mathematics and Computer Science,360,,6059,"Science, Engineering and Technology",98801 - AMC,7,"
Rules:
Students registering for this qualification must:
(a) Have access to a computer with a stable internet connection daily for teaching and learning
purposes. (b) Have passed Computer Application Technology or Information Technology with a rating of
4 (new National Senior Certificate) or have passed Computer Studies (old Senior Certificate) or hold
an Industry Standard qualification such as the ICDL in Computer Literacy. Students who do not
satisfy this requirement are strongly recommended to register and complete EUP1501 before attempting
the qualification. (c) Have completed the Unisa First-Year Experience MOOC
(https://www.unisa.ac.za/sites/myunisa/default/First%E2%80%93year-experience-at-Unisa/FYE-MOOC-101)
",APS/AS:,,https://www.unisa.ac.za/sites/corporate/default/Register-to-study-through-Unisa/Undergraduate-&-honours-qualifications/Find-your-qualification-&-choose-your-modules/All-qualifications/Bachelor-of-Science-Applied-Mathematics-and-Computer-Science-(98801-–-AMC)
Bachelor of Science Applied Mathematics and Physics (98801 - AMP),Applied Mathematics and Physics,360,,6059,"Science, Engineering and Technology",98801 - AMP,7,"
Rules:
Students who want to register for Computer Science or Information Systems modules should:
(a) Have access to an internet cafe, a Unisa Regional Learning Centre or other internet facilities.
After registration, access to myUnisa on a regular basis is compulsory and (b) Have passed Computer
Application Technology or Information Technology with a rating of 4 (new NSC) or have passed
Computer Studies (old Senior Certificate) or hold an Industry Standard qualification such as the
ICDL in Computer Literacy.
",APS/AS:,,https://www.unisa.ac.za/sites/corporate/default/Register-to-study-through-Unisa/Undergraduate-&-honours-qualifications/Find-your-qualification-&-choose-your-modules/All-qualifications/Bachelor-of-Science-Applied-Mathematics-and-Physics-(98801-–-AMP)
Bachelor of Science Applied Mathematics and Statistics (98801 - AMS),Applied Mathematics and Statistics,360,,6059,"Science, Engineering and Technology",98801 - AMS,7,"
Rules:
Students who want to register for Computer Science or Information Systems modules should:
(a) Have access to an internet cafe, a Unisa Regional Learning Centre or other internet facilities.
After registration, access to myUnisa on a regular basis is compulsory and (b) Have passed Computer
Application Technology or Information Technology with a rating of 4 (new NSC) or have passed
Computer Studies (old Senior Certificate) or hold an Industry Standard qualification such as the
ICDL in Computer Literacy.
 
Some of the pre-requisites and/ or co-requisites outlined in this qualification may not apply as
they do not form part of the curriculum.
",APS/AS:,,https://www.unisa.ac.za/sites/corporate/default/Register-to-study-through-Unisa/Undergraduate-&-honours-qualifications/Find-your-qualification-&-choose-your-modules/All-qualifications/Bachelor-of-Science-Applied-Mathematics-and-Statistics-(98801-–-AMS)
Bachelor of Science Chemistry and Applied Mathematics (98801 - CAM),Chemistry and Applied Mathematics,360,,6059,"Science, Engineering and Technology",98801 - CAM,7,"Purpose statement:The purpose of the qualification is, in one or more sub-fields within the physical, mathematical, computer, life, earth, and environmental sciences: To produce science graduates who have: a systematic and coherent body of knowledge and an understanding of underlying concepts and principles; the ability to access and evaluate scientific information including knowing how scientific knowledge is created; a high level of cognitive and other generic skills including problem-solving, written and spoken communication and computer literacy; and competence in applying knowledge through basic research methods and practice. To provide every graduate with a sufficient depth of knowledge and skills that give opportunities for continued personal intellectual growth, including postgraduate study, for gainful economic activity in a range of careers, and for rewarding and constructive contributions to society. To provide society with science graduates who demonstrate initiative and responsibility, who are professional and ethical in their roles within the economy and society, and who are able to be intellectual leaders within their society. To produce graduates in all scientific fields, in order to increase, widen and transform the leadership base in South Africa, both for innovation and science-based economic and research development, and for the education of future generations of scientists, technologists, engineers and other professional people.",APS/AS:,,https://www.unisa.ac.za/sites/corporate/default/Register-to-study-through-Unisa/Undergraduate-&-honours-qualifications/Find-your-qualification-&-choose-your-modules/All-qualifications/Bachelor-of-Science-Chemistry-and-Applied-Mathematics-(98801-–-CAM)
Bachelor of Science Chemistry and Computer Science (98801 - CCS),Chemistry and Computer Science,360,,6059,"Science, Engineering and Technology",98801 - CCS,7,"
Rules:
Students registering for this qualification must:
(a) Have access to a computer with a stable internet connection daily for teaching and learning
purposes. (b) Have passed Computer Application Technology or Information Technology with a rating of
4 (new National Senior Certificate) or have passed Computer Studies (old Senior Certificate) or hold
an Industry Standard qualification such as the ICDL in Computer Literacy. Students who do not
satisfy this requirement are strongly recommended to register and complete EUP1501 before attempting
the qualification. (c) Have completed the Unisa First-Year Experience MOOC
(https://www.unisa.ac.za/sites/myunisa/default/First%E2%80%93year-experience-at-Unisa/FYE-MOOC-101)
",APS/AS:,,https://www.unisa.ac.za/sites/corporate/default/Register-to-study-through-Unisa/Undergraduate-&-honours-qualifications/Find-your-qualification-&-choose-your-modules/All-qualifications/Bachelor-of-Science-Chemistry-and-Computer-Science-(98801-–-CCS)
Bachelor of Science Chemistry and Information Systems (98801 - CIS),Chemistry and Information Systems,360,,6059,"Science, Engineering and Technology",98801 - CIS,7,"
Rules:
Students who want to register for Computer Science or Information Systems modules should:
(a) Have access to an internet cafe, a Unisa Regional Learning Centre or other internet facilities.
After registration, access to myUnisa on a regular basis is compulsory and (b) Have passed Computer
Application Technology or Information Technology with a rating of 4 (new National Senior
Certificate) or have passed Computer Studies (old Senior Certificate) or hold an Industry Standard
qualification such as the ICDL in Computer Literacy. Students who do not satisfy this requirement
are strongly recommended to register for EUP1501 before they register for INF1511.
",APS/AS:,,https://www.unisa.ac.za/sites/corporate/default/Register-to-study-through-Unisa/Undergraduate-&-honours-qualifications/Find-your-qualification-&-choose-your-modules/All-qualifications/Bachelor-of-Science-Chemistry-and-Information-Systems-(98801-–-CIS)
Bachelor of Science Chemistry and Physics (98801 - CAP),Chemistry and Physics,360,,6059,"Science, Engineering and Technology",98801 - CAP,7,"Purpose statement:The purpose of the qualification is, in one or more sub-fields within the physical, mathematical, computer, life, earth, and environmental sciences: To produce science graduates who have: a systematic and coherent body of knowledge and an understanding of underlying concepts and principles; the ability to access and evaluate scientific information including knowing how scientific knowledge is created; a high level of cognitive and other generic skills including problem-solving, written and spoken communication and computer literacy; and competence in applying knowledge through basic research methods and practice. To provide every graduate with a sufficient depth of knowledge and skills that give opportunities for continued personal intellectual growth, including postgraduate study, for gainful economic activity in a range of careers, and for rewarding and constructive contributions to society. To provide society with science graduates who demonstrate initiative and responsibility, who are professional and ethical in their roles within the economy and society, and who are able to be intellectual leaders within their society. To produce graduates in all scientific fields, in order to increase, widen and transform the leadership base in South Africa, both for innovation and science-based economic and research development, and for the education of future generations of scientists, technologists, engineers and other professional people.",APS/AS:,,https://www.unisa.ac.za/sites/corporate/default/Register-to-study-through-Unisa/Undergraduate-&-honours-qualifications/Find-your-qualification-&-choose-your-modules/All-qualifications/Bachelor-of-Science-Chemistry-and-Physics-(98801-–-CAP)
Bachelor of Science Chemistry and Statistics (98801 - CAS),Chemistry and Statistics,360,,6059,"Science, Engineering and Technology",98801 - CAS,7,"
Rules:
Some of the pre-requisites and/ or co-requisites outlined in this qualification may not apply as
they do not form part of the curriculum.
",APS/AS:,,https://www.unisa.ac.za/sites/corporate/default/Register-to-study-through-Unisa/Undergraduate-&-honours-qualifications/Find-your-qualification-&-choose-your-modules/All-qualifications/Bachelor-of-Science-Chemistry-and-Statistics-(98801-–-CAS)
Bachelor of Science Mathematics and Applied Mathematics (98801 - MAM),Mathematics and Applied Mathematics,360,,6059,"Science, Engineering and Technology",98801 - MAM,7,"Purpose statement:The purpose of the qualification is, in one or more sub-fields within the physical, mathematical, computer, life, earth, and environmental sciences: To produce science graduates who have: a systematic and coherent body of knowledge and an understanding of underlying concepts and principles; the ability to access and evaluate scientific information including knowing how scientific knowledge is created; a high level of cognitive and other generic skills including problem-solving, written and spoken communication and computer literacy; and competence in applying knowledge through basic research methods and practice. To provide every graduate with a sufficient depth of knowledge and skills that give opportunities for continued personal intellectual growth, including postgraduate study, for gainful economic activity in a range of careers, and for rewarding and constructive contributions to society. To provide society with science graduates who demonstrate initiative and responsibility, who are professional and ethical in their roles within the economy and society, and who are able to be intellectual leaders within their society. To produce graduates in all scientific fields, in order to increase, widen and transform the leadership base in South Africa, both for innovation and science-based economic and research development, and for the education of future generations of scientists, technologists, engineers and other professional people.",APS/AS:,,https://www.unisa.ac.za/sites/corporate/default/Register-to-study-through-Unisa/Undergraduate-&-honours-qualifications/Find-your-qualification-&-choose-your-modules/All-qualifications/Bachelor-of-Science-Mathematics-and-Applied-Mathematics-(98801-–-MAM)
Bachelor of Science Mathematics and Chemistry (98801 - MAC),Mathematics and Chemistry,360,,6059,"Science, Engineering and Technology",98801 - MAC,7,"Purpose statement:The purpose of the qualification is, in one or more sub-fields within the physical, mathematical, computer, life, earth, and environmental sciences: To produce science graduates who have: a systematic and coherent body of knowledge and an understanding of underlying concepts and principles; the ability to access and evaluate scientific information including knowing how scientific knowledge is created; a high level of cognitive and other generic skills including problem-solving, written and spoken communication and computer literacy; and competence in applying knowledge through basic research methods and practice. To provide every graduate with a sufficient depth of knowledge and skills that give opportunities for continued personal intellectual growth, including postgraduate study, for gainful economic activity in a range of careers, and for rewarding and constructive contributions to society. To provide society with science graduates who demonstrate initiative and responsibility, who are professional and ethical in their roles within the economy and society, and who are able to be intellectual leaders within their society. To produce graduates in all scientific fields, in order to increase, widen and transform the leadership base in South Africa, both for innovation and science-based economic and research development, and for the education of future generations of scientists, technologists, engineers and other professional people.",APS/AS:,,https://www.unisa.ac.za/sites/corporate/default/Register-to-study-through-Unisa/Undergraduate-&-honours-qualifications/Find-your-qualification-&-choose-your-modules/All-qualifications/Bachelor-of-Science-Mathematics-and-Chemistry-(98801-–-MAC)
Bachelor of Science Mathematics and Computer Science (98801 - MCS),Mathematics and Computer Science,360,,6059,"Science, Engineering and Technology",98801 - MCS,7,"
Rules:
Students registering for this qualification must:
(a) Have access to a computer with a stable internet connection daily for teaching and learning
purposes. (b) Have passed Computer Application Technology or Information Technology with a rating of
4 (new National Senior Certificate) or have passed Computer Studies (old Senior Certificate) or hold
an Industry Standard qualification such as the ICDL in Computer Literacy. Students who do not
satisfy this requirement are strongly recommended to register and complete EUP1501 before attempting
the qualification. (c) Have completed the Unisa First-Year Experience MOOC
(https://www.unisa.ac.za/sites/myunisa/default/First%E2%80%93year-experience-at-Unisa/FYE-MOOC-101)
",APS/AS:,,https://www.unisa.ac.za/sites/corporate/default/Register-to-study-through-Unisa/Undergraduate-&-honours-qualifications/Find-your-qualification-&-choose-your-modules/All-qualifications/Bachelor-of-Science-Mathematics-and-Computer-Science-(98801-–-MCS)
Bachelor of Science Mathematics and Information Systems (98801 - MIS),Mathematics and Information Systems,360,,6059,"Science, Engineering and Technology",98801 - MIS,7,"
Rules:
Students who want to register for Computer Science or Information Systems modules should:
(a) Have access to an internet cafe, a Unisa Regional Learning Centre or other internet facilities.
After registration, access to myUnisa on a regular basis is compulsory and (b) Have passed Computer
Application Technology or Information Technology with a rating of 4 (new National Senior
Certificate) and have passed Computer Studies (NSC) or hold an Industry Standard qualification such
as the ICDL in Computer Literacy. Students who do not satisfy this requirement are strongly
recommended to register for EUP1501before they register for INF1511.
",APS/AS:,,https://www.unisa.ac.za/sites/corporate/default/Register-to-study-through-Unisa/Undergraduate-&-honours-qualifications/Find-your-qualification-&-choose-your-modules/All-qualifications/Bachelor-of-Science-Mathematics-and-Information-Systems-(98801-–-MIS)
Bachelor of Science Mathematics and Physics (98801 - MAP),Mathematics and Physics,360,,6059,"Science, Engineering and Technology",98801 - MAP,7,"Purpose statement:The purpose of the qualification is, in one or more sub-fields within the physical, mathematical, computer, life, earth, and environmental sciences: To produce science graduates who have: a systematic and coherent body of knowledge and an understanding of underlying concepts and principles; the ability to access and evaluate scientific information including knowing how scientific knowledge is created; a high level of cognitive and other generic skills including problem-solving, written and spoken communication and computer literacy; and competence in applying knowledge through basic research methods and practice. To provide every graduate with a sufficient depth of knowledge and skills that give opportunities for continued personal intellectual growth, including postgraduate study, for gainful economic activity in a range of careers, and for rewarding and constructive contributions to society. To provide society with science graduates who demonstrate initiative and responsibility, who are professional and ethical in their roles within the economy and society, and who are able to be intellectual leaders within their society. To produce graduates in all scientific fields, in order to increase, widen and transform the leadership base in South Africa, both for innovation and science-based economic and research development, and for the education of future generations of scientists, technologists, engineers and other professional people.",APS/AS:,,https://www.unisa.ac.za/sites/corporate/default/Register-to-study-through-Unisa/Undergraduate-&-honours-qualifications/Find-your-qualification-&-choose-your-modules/All-qualifications/Bachelor-of-Science-Mathematics-and-Physics-(98801-–-MAP)
Bachelor of Science Mathematics and Statistics (98801 - MAS),Mathematics and Statistics,360,,6059,"Science, Engineering and Technology",98801 - MAS,7,"
Rules:
Some of the pre-requisites and/ or co-requisites outlined in this qualification may not apply as
they do not form part of the curriculum.
",APS/AS:,,https://www.unisa.ac.za/sites/corporate/default/Register-to-study-through-Unisa/Undergraduate-&-honours-qualifications/Find-your-qualification-&-choose-your-modules/All-qualifications/Bachelor-of-Science-Mathematics-and-Statistics-(98801-–-MAS)
Bachelor of Science Statistics and Physics (98801 - STP),Statistics and Physics,360,,6059,"Science, Engineering and Technology",98801 - STP,7,"
Rules:
Some of the pre-requisites and/ or co-requisites outlined in this qualification may not apply as
they do not form part of the curriculum.
",APS/AS:,,https://www.unisa.ac.za/sites/corporate/default/Register-to-study-through-Unisa/Undergraduate-&-honours-qualifications/Find-your-qualification-&-choose-your-modules/All-qualifications/Bachelor-of-Science-Statistics-and-Physics-(98801-–-STP)
Bachelor of Science in Computing (98906 - COM),98906,80466,,20,"Science, Engineering and Technology",7,360,"Purpose statement:Successful learners should have: A systematic and coherent body of knowledge. An understanding of underlying concepts and principles of computing and the ability to apply this in the workplace. A high level of cognitive and other generic skills including problem-solving, written and spoken communication. The ability to access and evaluate scientific information; competence in applying knowledge through basic research methods and practice. Specific skills and applied competence leading to continued personal intellectual growth, gainful economic activity and valuable contributions to society in science and technology.
","
Rules:
Students registering for this qualification must:
(a) Have access to a computer with a stable internet connection daily for teaching and learning
purposes. (b) Have passed Computer Application Technology or Information Technology with a rating of
4 (new National Senior Certificate) or have passed Computer Studies (old Senior Certificate) or hold
an Industry Standard qualification such as the ICDL in Computer Literacy. Students who do not
satisfy this requirement are strongly recommended to register and complete EUP1501 before attempting
the qualification. (c) Have completed the Unisa First-Year Experience MOOC
(https://www.unisa.ac.za/sites/myunisa/default/First%E2%80%93year-experience-at-Unisa/FYE-MOOC-101)
",,https://www.unisa.ac.za/sites/corporate/default/Register-to-study-through-Unisa/Undergraduate-&-honours-qualifications/Find-your-qualification-&-choose-your-modules/All-qualifications/Bachelor-of-Science-in-Computing-(98906-–-COM)
Bachelor of Science in Informatics (98907 - INF),98907,79786,,20,"Science, Engineering and Technology",7,360,"Purpose statement:Successful graduates should have: A systematic and coherent body of knowledge.
 An understanding of underlying concepts and principles of Information Systems with the ability to apply this in the workplace.  An understanding of underlying concepts and principles of Information Systems with the ability to apply this in the workplace. The ability to access and evaluate scientific information. A high level of cognitive and other generic skills including problem-solving, written and spoken communication. Competence in applying knowledge through basic research methods and practice. Specific skills and applied competence leading to continued personal intellectual growth, gainful economic activity and valuable contributions to society in science and technology. Their competencies and skills include programming, system analysis and design, database design and implementation, interaction design and project management. The qualification should produce graduates who demonstrate responsibility in being professional and ethical in their roles within the economy and society; are proficient in innovative, scientific, economic and managerial scholarly activities; are able to consolidate and widen scientific knowledge; are capable of integrating knowledge and skills in contributing to the good of society. Such graduates should be able to provide South Africa and other countries with citizens capable of making a constructive contribution to their society and who are empowered to play a leadership role.

","
Rules:
Students registering for this qualification must:
(a) Have access to a computer with a stable internet connection daily for teaching and learning
purposes. (b) Have passed Computer Application Technology or Information Technology with a rating of
4 (new National Senior Certificate) or have passed Computer Studies (old Senior Certificate) or hold
an Industry Standard qualification such as the ICDL in Computer Literacy. Students who do not
satisfy this requirement are strongly recommended to register and complete EUP1501 before attempting
the qualification. (c) Have completed the Unisa First-Year Experience MOOC
(https://www.unisa.ac.za/sites/myunisa/default/First%E2%80%93year-experience-at-Unisa/FYE-MOOC-101)
 
FAC1601 has been replaced with FAC1602, students who have already passed FAC1601 may not register
for FAC1602.
",,https://www.unisa.ac.za/sites/corporate/default/Register-to-study-through-Unisa/Undergraduate-&-honours-qualifications/Find-your-qualification-&-choose-your-modules/All-qualifications/Bachelor-of-Science-in-Informatics-(98907-–-INF)
Bachelor of Commerce Honours in Business Informatics (98450),98450,101047,,60,"Science, Engineering and Technology",8,120,This qualification will be presented using both online and distance learning modes.,"Purpose statement:The primary purpose of the qualification is to provide Honours Bachelor of Commerce graduate level knowledge, specific skills and applied competence in a number of fields traditionally associated with Business, Commerce and Management that will prepare them to be lifelong learners, employable workers/managers, entrepreneurs and contributors to society and the business community.A second purpose of the qualification is to provide South Africa (and other countries) with graduates in a number of learning fields in order to ensure that the leadership base of innovative and knowledge base economic and scholarly activity is widened. A third purpose of the qualification is to provide South Africa (and other countries) with people who can understand the constructive role they need to play as intellectual economic leaders in their society and who are empowered to play that role.  
",,https://www.unisa.ac.za/sites/corporate/default/Register-to-study-through-Unisa/Undergraduate-&-honours-qualifications/Find-your-qualification-&-choose-your-modules/All-qualifications/Bachelor-of-Commerce-Honours-in-Business-Informatics-(98450)
Bachelor of Engineering Technology Honours in Chemical Engineering (90155),90155,110625,,60,"Science, Engineering and Technology",8,144,"Purpose statement:The Bachelor of Engineering Technology Honours Degree is a postgraduate qualification, characterised by the fact that it prepares students for industry and research. The qualification serves to provide students with the advanced knowledge in specialized engineering fields. The knowledge emphasizes chemical engineering principles and application. Also the qualification provides students with an in-depth knowledge base in a particular field or discipline and the ability to apply their knowledge and skills to particular career or professional contexts, while equipping them to undertake more specialised and
intensive learning. This qualification demands a high level of theoretical engagement and intellectual independence. The Bachelor of Engineering Technology Honours Degree may form part of a combination of qualifications to meet the educational requirements for registration in the category candidate engineer.

This qualification typically follows a Bachelor's Degree, Advanced Diploma or relevant NQF level 7 qualification and serves to consolidate and deepen the student's expertise in chemical engineering field and to develop research capacity in the methodology and techniques of the discipline.

The Bachelor of Engineering Technology Honours Degree enhances the application of research and development as well as specialist and contextual knowledge to meet the minimum entry requirement for admission to a cognate Master's Degree. The Master's Degree programme is usually in the area of specialisation of the Bachelor Honours Degree.
The programme design reflects the new standard for engineers as required by the Engineering Council of South Africa based on the new HEQF (ECSA document E-09-PT, Rev.1, 14th of March 2013:
Qualification Standard for Bachelor of Engineering Technology Honours : NQF Level 8).
This qualification demands a high level of theoretical engagement and intellectual independence. The Bachelor of Engineering Technology Honours in Mechanical Engineering degree may form part of a combination of qualifications to meet the educational requirements for registration in the category candidate engineer.

This qualification provides:
1. Preparation for careers in engineering itself and areas that potentially benefit from engineering skills, for achieving technological proficiency and to make a contribution to the economy and national development; and
2. entry to NQF level 9 Masters programmes e.g. MSc/MEng

Engineering students completing this qualification will demonstrate competence in all the Exit Level Outcomes contained in this standard.
The specific purpose of educational programmes designed to meet this qualification are to build the necessary knowledge, understanding, abilities and skills required for further learning towards becoming a competent practicing Professional Engineer. This qualification provides:
a. Preparation for careers in engineering and areas that potentially benefit from engineering skills, for achieving technical proficiency and competency to make a contribution to the economy and national development.

b. The educational base required for registration as a Candidate and/or a Professional Technologist with Engineering Council of South Africa.

c. Entry to a Masterﾒs qualification.","
Rules:
From 2024, Engineering modules will be offered as year modules only. Please click on the
modules to see further information.
",,https://www.unisa.ac.za/sites/corporate/default/Register-to-study-through-Unisa/Undergraduate-&-honours-qualifications/Find-your-qualification-&-choose-your-modules/All-qualifications/Bachelor-of-Engineering-Technology-Honours-in-Chemical-Engineering-(90155)
Bachelor of Engineering Technology Honours in Electronic Engineering (90156),90156,115456,,60,"Science, Engineering and Technology",8,144,"Purpose statement:The purpose of this qualification is to prepare students for a career in all Electrical engineering fields as professional practitioners and researchers. The undergraduate Electrical Engineering Technology stream at UNISA comprises three qualifications namely: 
1. 288 credits Diploma in Engineering Technology in Electrical Engineering, 
2. Advanced Certificate in Engineering Practice in Electrical Engineering, 
3. Advanced Diploma in Electrical Engineering (Process Control or Power Engineering or  Telecommunications).

The Bachelor of Engineering Technology Honours in Electronic Engineering, in combination with the Advanced Diploma in Electrical Engineering, Advanced Certificate in Engineering Practice in Electrical Engineering and the 288 credits Diploma in Engineering Technology in Electrical Engineering were developed in accordance with the ECSA specifications: E - 09 - PT,   E- 05 - PT,  E - 21 - PN and E - 08 - PN respectively, considering all Exit Levels Outcomes as defined by ECSA.  A Bachelor of Engineering Technology Honours graduate will be able to competently apply an integration of theory, principles, advanced techniques, research methodology, practical experience and appropriate skills to complex electrical/electronic engineering problems in the field of engineering while operating within the relevant standards and codes. They will be able to demonstrate a comprehensive general engineering knowledge, as well as systematic knowledge, of the terms, procedures and advanced principles of the engineering discipline; gather evidence from the relevant sources using advanced retrieval skills, organize and synthesize information to be used for research and technology improvement and present the information professionally in a mode appropriate to the audience. Demonstrate the capacity to understand advanced engineering business management and entrepreneurship within an engineering technical context.

Engineering students completing this qualification will demonstrate competence in all the Exit Level Outcomes contained in this standard. 

The specific purpose of educational programmes designed to meet this qualification are to build the necessary knowledge, understanding, abilities and skills required for further learning towards becoming a competent practicing Professional Engineer. This qualification provides:

a. Preparation for careers in engineering and areas that potentially benefit from engineering skills, for achieving technical proficiency and competency to make a contribution to the economy and national development.

b. The educational base required for registration as a Candidate and/or a Professional Technologist with Engineering Council of South Africa.

c. Entry to a Master's qualification.
","
Rules:
From 2024, Engineering modules will be offered as year modules only. Please click on the
modules to see further information.
",,https://www.unisa.ac.za/sites/corporate/default/Register-to-study-through-Unisa/Undergraduate-&-honours-qualifications/Find-your-qualification-&-choose-your-modules/All-qualifications/Bachelor-of-Engineering-Technology-Honours-in-Electronic-Engineering-(90156)
Bachelor of Engineering Technology Honours in Industrial Engineering (90154),90154,111230,,60,"Science, Engineering and Technology",8,144,"Purpose statement:The Bachelor of Engineering Technology Honours in Industrial Engineering
is a postgraduate qualification, characterised by the fact that it prepares students for industry and research. This qualification typically follows a Bachelor's Degree, Advanced Diploma or relevant level 7 qualification and serves to consolidate and deepen the student's expertise in a particular discipline and to develop research capacity in the methodology and techniques of that discipline.
This qualification demands a high level of theoretical engagement and intellectual independence. The Bachelor of Engineering Technology Honours in Industrial Engineering degree may form part of a combination of qualifications to meet the educational requirements for registration in the category candidate engineer.

This qualification provides:
1. Preparation for careers in engineering itself and areas that potentially benefit from engineering skills, for achieving technological proficiency and to make a contribution to      the economy and national development; and
2. Entry to NQF level 9 Masters programmes e.g. MSc/MEng

Engineering students completing this qualification will demonstrate competence in all the Exit Level Outcomes contained in this standard. 
The qualification serves to provide students with the advanced knowledge in fundamental and specialized engineering. The knowledge emphasizes industrial engineering principles and application. Also, the qualification provides students with an in-depth knowledge base in a particular field or discipline and the ability to apply their knowledge and skills to particular career or professional contexts, while equipping them to undertake more specialised and intensive learning. Programmes leading to this qualification tend to have a strong vocational, professional or career focus and holders of this qualification are usually prepared to enter a specific niche in the labour market. 

The specific purpose of educational programmes designed to meet this qualification are to build the necessary knowledge, understanding, abilities and skills required for further learning towards becoming a competent practicing Professional Engineer. This qualification provides:

a. Preparation for careers in engineering and areas that potentially benefit from engineering skills, for achieving technical proficiency and competency to make a contribution to the economy and national development.

b. The educational base required for registration as a Candidate and/or a Professional Technologist with Engineering Council South Africa.

c. Entry to a Master's qualification.","
Rules:
Students who have completed both ENT4801 and MOT4801 are exempted from CHE4809. Students who have
failed either ENT4801 or MOT4801 must register for CHE4809.
 
CHE4809: Please note that all practical will be conducted at UNISA Science Campus in Johannesburg,
Gauteng province. Further note that this is compulsory to all students registered for modules that
require practical work in the laboratories.
 
From 2024, Engineering modules will be offered as year modules only. Please click on the
modules to see further information.
",,https://www.unisa.ac.za/sites/corporate/default/Register-to-study-through-Unisa/Undergraduate-&-honours-qualifications/Find-your-qualification-&-choose-your-modules/All-qualifications/Bachelor-of-Engineering-Technology-Honours-in-Industrial-Engineering-(90154)
Bachelor of Engineering Technology Honours in Mechanical Engineering (90151),90151,115823,,60,"Science, Engineering and Technology",8,144,"Purpose statement:
The Bachelor of Engineering Technology Honours in Mechanical Engineering
is a postgraduate qualification, characterised by the fact that it prepares students for industry and research. This qualification typically follows a Bachelor's Degree, Advanced Diploma or relevant level 7 qualification and serves to consolidate and deepen the student's expertise in a particular discipline and to develop research capacity in the methodology and techniques of that discipline.
This qualification demands a high level of theoretical engagement and intellectual independence. The Bachelor of Engineering Technology Honours in Mechanical Engineering degree may form part of a combination of qualifications to meet the educational requirements for registration in the category candidate engineer.
 
This qualification provides:
1. Preparation for careers in engineering itself and areas that potentially benefit from engineering skills, for achieving technological proficiency and to make a contribution to the economy and national development; and
2. entry to NQF level 9 Masters programmes e.g. MSc/MEng

Engineering students completing this qualification will demonstrate competence in all the Exit Level Outcomes contained in this standard. 
The qualification serves to provide students with the advanced knowledge in fundamental and specialized engineering. The knowledge emphasizes mechanical engineering principles and application. Also, the qualification provides students with an in-depth knowledge base in a particular field or discipline and the ability to apply their knowledge and skills to particular career or professional contexts, while equipping them to undertake more specialised and intensive learning. Programmes leading to this qualification tend to have a strong vocational, professional or career focus and holders of this qualification are usually prepared to enter a specific niche in the labour market. 

The specific purpose of educational programmes designed to meet this qualification are to build the necessary knowledge, understanding, abilities and skills required for further learning towards becoming a competent practicing Professional Engineer. This qualification provides:

(a) Preparation for careers in engineering and areas that potentially benefit from engineering skills, for achieving technical proficiency and competency to make a contribution to the economy and national development.

(b) The educational base required for registration as a Candidate and/or a Professional Technologist with Engineering Council of South Africa.

(c) Entry to a Master's qualification.
","
Rules:
CHE4809: Please note that all practical will be conducted at UNISA Science Campus in Johannesburg,
Gauteng province. Further note that this is compulsory to all students registered for modules that
require practical work in the laboratories.
 
From 2024, Engineering modules will be offered as year modules only. Please click on the
modules to see further information.
",,https://www.unisa.ac.za/sites/corporate/default/Register-to-study-through-Unisa/Undergraduate-&-honours-qualifications/Find-your-qualification-&-choose-your-modules/All-qualifications/Bachelor-of-Engineering-Technology-Honours-in-Mechanical-Engineering-(90151)
Bachelor of Engineering Technology Honours in Power Engineering (90153),90153,112036,,60,"Science, Engineering and Technology",8,144,"Purpose statement:
The Bachelor of Engineering Technology Honours in Power Engineering is a postgraduate qualification and typically follows a Bachelor's Degree, Advanced Diploma or relevant level 7 qualification. The BEngTech Hons in Power Engineering serves to consolidate and deepen the student's expertise in a particular discipline and to develop research capacity in the methodology and techniques of that discipline.
This qualification demands a high level of theoretical engagement and intellectual independence. The Bachelor of Engineering Technology Honours in Power Engineering degree may form part of a combination of qualifications to meet the educational requirements for registration in the category candidate engineer.
 
This qualification provides:
1. Preparation for careers in engineering itself and areas that potentially benefit from engineering skills, for achieving technological proficiency and to make a contribution to the economy and national development; and
2. entry to NQF level 9 Masters programmes e.g. MSc/MEng

Engineering students completing this qualification will demonstrate competence in all the Exit Level Outcomes contained in this standard. 
The qualification serves to provide students with the advanced knowledge in fundamental and specialized engineering. The knowledge emphasizes electronic engineering principles and application. Also, the qualification provides students with an in-depth knowledge base in a particular field or discipline and the ability to apply their knowledge and skills to particular career or professional contexts, while equipping them to undertake more specialised and intensive learning. Programmes leading to this qualification tend to have a strong vocational, professional or career focus and holders of this qualification are usually prepared to enter a specific niche in the labour market. 

The specific purpose of educational programmes designed to meet this qualification are to build the necessary knowledge, understanding, abilities and skills required for further learning towards becoming a competent practicing Professional Engineer. This qualification provides:

a. Preparation for careers in engineering and areas that potentially benefit from engineering skills, for achieving technical proficiency and competency to make a contribution to the economy and national development.

b. The educational base required for registration as a Candidate and/or a Professional Technologist with Engineering Council of South Africa.

c. Entry to a Master's qualification.
","
Rules:
From 2024, Engineering modules will be offered as year modules only. Please click on the
modules to see further information.
",,https://www.unisa.ac.za/sites/corporate/default/Register-to-study-through-Unisa/Undergraduate-&-honours-qualifications/Find-your-qualification-&-choose-your-modules/All-qualifications/Bachelor-of-Engineering-Technology-Honours-in-Power-Engineering-(90153)
Bachelor of Engineering Technology Honours in Structural Engineering (90152),90152,110664,,60,"Science, Engineering and Technology",8,144,"Purpose statement:
The Bachelor of Engineering Technology Honours Degree is a postgraduate qualification, characterised by the fact that it prepares students for industry and research. The qualification serves to provide students with the advanced knowledge in specialized engineering fields. The knowledge emphasizes structural engineering principles and application. Also the qualification provides students with an in-depth knowledge base in a particular field or discipline and the ability to apply their knowledge and skills to particular career or professional contexts, while equipping them to undertake more specialised and intensive learning. This qualification demands a high level of theoretical engagement and intellectual independence. The Bachelor of Engineering Technology Honours Degree may form part of a combination of qualifications to meet the educational requirements for registration in the category candidate engineer.

This qualification typically follows a Bachelor's Degree, Advanced Diploma or relevant NQF level 7 qualification and serves to consolidate and deepen the student's expertise in structural engineering field  and to develop research capacity in the methodology and techniques of the discipline.

The Bachelor of Engineering Technology Honours Degree enhances the application of research and development as well as specialist and contextual knowledge to meet the minimum entry requirement for admission to a cognate Master's Degree. The Master's Degree programme is usually in the area of specialisation of the Bachelor Honours Degree. 

The programme design reflects the new standard for engineers as required by the Engineering Council of South Africa based on the new HEQF (ECSA document  E - 09 - PT ,  Rev.1, 14th of March  2013: Qualification Standard for Bachelor of Engineering Technology Honours  : NQF Level 8).

The specific purpose of educational programmes designed to meet this qualification are to build the necessary knowledge, understanding, abilities and skills required for further learning towards becoming a competent practicing Professional Engineer. This qualification provides:

a) Preparation for careers in engineering and areas that potentially benefit from engineering skills, for achieving technical proficiency and competency to make a contribution to the economy and national development.

b) The educational base required for registration as a Candidate and/or a Professional Technologist with Engineering Council of South Africa.

c) Entry to a Master's qualification.

Engineering students completing this qualification will demonstrate competence in all the Exit Level Outcomes contained in this standard.
","
Rules:
From 2024, Engineering modules will be offered as year modules only. Please click on the
modules to see further information.
",,https://www.unisa.ac.za/sites/corporate/default/Register-to-study-through-Unisa/Undergraduate-&-honours-qualifications/Find-your-qualification-&-choose-your-modules/All-qualifications/Bachelor-of-Engineering-Technology-Honours-in-Structural-Engineering-(90152)
Bachelor of Engineering Technology Honours in Water Engineering (90150),90150,110626,,60,"Science, Engineering and Technology",8,144,"Purpose statement:
The Bachelor of Engineering Technology Honours Degree is a postgraduate qualification, characterised by the fact that it prepares students for industry and research. The qualification serves to provide students with the advanced knowledge in specialized engineering fields. The knowledge emphasizes Civil and Water engineering principles and application. Also the qualification provides students with an in-depth knowledge base in a particular field or discipline and the ability to apply their knowledge and skills to particular career or professional contexts, while equipping them to undertake more specialised and intensive learning. This qualification demands a high level of theoretical engagement and intellectual independence. The Bachelor of Engineering Technology Honours Degree may form part of a combination of qualifications to meet the educational requirements for registration in the category candidate engineer.

This qualification typically follows a Bachelor's Degree, Advanced Diploma or relevant NQF  level 7 qualification and serves to consolidate and deepen the student's expertise in water engineering field  and to develop research capacity in the methodology and techniques of the discipline.

The Bachelor of Engineering Technology Honours Degree enhances the application of research and development as well as specialist and contextual knowledge to meet the minimum entry requirement for admission to a cognate Master's Degree. The Master's Degree programme is usually in the area of specialisation of the Bachelor Honours Degree. 

The programme design reflects the new standard for engineers as required by the Engineering Council of South Africa based on the new HEQF (ECSA document  E - 09 - PT ,  Rev.1, 14th of March  2013: Qualification Standard for Bachelor of Engineering Technology Honours  : NQF Level 8).

The specific purpose of educational programmes designed to meet this qualification are to build the necessary knowledge, understanding, abilities and skills required for further learning towards becoming a competent practicing Professional Engineer. This qualification provides:

a) Preparation for careers in engineering and areas that potentially benefit from engineering skills, for achieving technical proficiency and competency to make a contribution to the economy and national development.

b) The educational base required for registration as a Candidate and/or a Professional Technologist with Engineering Council of South Africa.

c) Entry to a Master's qualification.

Engineering students completing this qualification will demonstrate competence in all the Exit Level Outcomes contained in this standard.
","
Rules:
From 2024, Engineering modules will be offered as year modules only. Please click on the
modules to see further information.
",,https://www.unisa.ac.za/sites/corporate/default/Register-to-study-through-Unisa/Undergraduate-&-honours-qualifications/Find-your-qualification-&-choose-your-modules/All-qualifications/Bachelor-of-Engineering-Technology-Honours-in-Water-Engineering-(90150)
Bachelor of Science Honours in Applied Mathematics (98921),98921,105739,,60,"Science, Engineering and Technology",8,120,"Purpose statement:The primary purpose of the qualification is to provide Hons BSc graduates with the knowledge, specific skills and applied and theoretical competence in a number of Science fields to provide opportunities for continued personal intellectual growth, gainful economic activity and valuable contributions to society. A second purpose of the qualification is to provide South Africa (and other countries) with graduates in a number of learning fields in order to ensure that the leadership base of innovative and knowledge-based economic and scholarly activity is widened. A third purpose of the qualification is to provide South Africa (and other countries) with people who can perform a constructive role they need to play as intellectual leaders in their society.  

","
Rules:
Students who did not complete HMAPM80 & HRAPM81 must register for the new module HRAPM82 in 2017.
Pipeline students who have passed HMAPM80 only will be given until 2018 to pass HRAPM81. Credits for
HRAPM82 will be given to students who passed both HMAPM80 & HRAPM81.
",,https://www.unisa.ac.za/sites/corporate/default/Register-to-study-through-Unisa/Undergraduate-&-honours-qualifications/Find-your-qualification-&-choose-your-modules/All-qualifications/Bachelor-of-Science-Honours-in-Applied-Mathematics-(98921)
Bachelor of Science Honours in Astronomy (98920),98920,101061,,60,"Science, Engineering and Technology",8,120,"Purpose statement:The primary purpose of the qualification is to provide Hons BSc graduates with the knowledge, specific skills and applied and theoretical competence in a number of Science fields to provide opportunities for continued personal intellectual growth, gainful economic activity and valuable contributions to society. A second purpose of the qualification is to provide South Africa (and other countries) with graduates in a number of learning fields in order to ensure that the leadership base of innovative and knowledge-based economic and scholarly activity is widened. A third purpose of the qualification is to provide South Africa (and other countries) with people who can perform a constructive role they need to play as intellectual leaders in their society.  

","
Rules:
Students who did not complete HMAST80 & HRAST81 must register for the new module HRAST82 in 2017.
Pipeline students who have passed HMAST80 only will be given until 2018 to pass HRAST81. Credits for
HRAST82 will be given to students who passed both HMAST80 & HRAST81.
",,https://www.unisa.ac.za/sites/corporate/default/Register-to-study-through-Unisa/Undergraduate-&-honours-qualifications/Find-your-qualification-&-choose-your-modules/All-qualifications/Bachelor-of-Science-Honours-in-Astronomy-(98920)
Bachelor of Science Honours in Chemistry (98919),98919,101062,,60,"Science, Engineering and Technology",8,120,"Purpose statement:The primary purpose of the qualification is to provide Hons BSc graduates with the knowledge, specific skills and applied and theoretical competence in a number of Science fields to provide opportunities for continued personal intellectual growth, gainful economic activity and valuable contributions to society. A second purpose of the qualification is to provide South Africa (and other countries) with graduates in a number of learning fields in order to ensure that the leadership base of innovative and knowledge-based economic and scholarly activity is widened. A third purpose of the qualification is to provide South Africa (and other countries) with people who can perform a constructive role they need to play as intellectual leaders in their society.  

","
Rules:
CHE4805: Module name has changed from Molecular Symmetry to Structural Chemistry.
",,https://www.unisa.ac.za/sites/corporate/default/Register-to-study-through-Unisa/Undergraduate-&-honours-qualifications/Find-your-qualification-&-choose-your-modules/All-qualifications/Bachelor-of-Science-Honours-in-Chemistry-(98919)
Bachelor of Science Honours in Computing (98908),98908,101048,,60,"Science, Engineering and Technology",8,120,"Purpose statement:The primary purpose of the qualification is to provide Hons BSc graduates with the knowledge, specific skills and applied and theoretical competence in a number of Science fields to provide opportunities for continued personal intellectual growth, gainful economic activity and valuable contributions to society. A second purpose of the qualification is to provide South Africa (and other countries) with graduates in a number of learning fields in order to ensure that the leadership base of innovative and knowledge-based economic and scholarly activity is widened. A third purpose of the qualification is to provide South Africa (and other countries) with people who can perform a constructive role they need to play as intellectual leaders in their society.  

","
Rules:
Computing is an umbrella term that includes both Computer Science and Information Systems. Bachelor
of Science Honours degree in Computing (98908) therefore includes modules in Information Systems and
Computer Science. Students may take any combination of them. Note, however, that the Computer
Science modules assume a background in Computer Science. Students with only a major in Information
Systems on undergraduate level are strongly advised to take the Information Systems honours modules,
and students with only a major in Computer Science on undergraduate level are strongly advised to
take the Computer Science honours modules. An exception is Ontology Engineering COS4840, which is
suitable for students with a background in Computer Science or Information Systems. Students who
want to register for this qualification must have access to an Internet Cafe or a Unisa Regional
Learning Centre or other Internet facilities. After registration, access to myUnisa on a regular
basis is compulsory.
",,https://www.unisa.ac.za/sites/corporate/default/Register-to-study-through-Unisa/Undergraduate-&-honours-qualifications/Find-your-qualification-&-choose-your-modules/All-qualifications/Bachelor-of-Science-Honours-in-Computing-(98908)
Bachelor of Science Honours in Mathematics (98923),98923,101053,,60,"Science, Engineering and Technology",8,120,"Purpose statement:The primary purpose of the qualification is to provide Hons BSc graduates with the knowledge, specific skills and applied and theoretical competence in a number of Science fields to provide opportunities for continued personal intellectual growth, gainful economic activity and valuable contributions to society. A second purpose of the qualification is to provide South Africa (and other countries) with graduates in a number of learning fields in order to ensure that the leadership base of innovative and knowledge-based economic and scholarly activity is widened. A third purpose of the qualification is to provide South Africa (and other countries) with people who can perform a constructive role they need to play as intellectual leaders in their society.  

","
Rules:
Students who did not complete HMMAT80 & HRMAT81 must register for the new module HRMAT82 in 2017.
Pipeline students who have passed HMMAT80 only will be given until 2018 to pass HRMAT81. Credits for
HRMAT82 will be given to students who passed both HMMAT80 & HRMAT81.
",,https://www.unisa.ac.za/sites/corporate/default/Register-to-study-through-Unisa/Undergraduate-&-honours-qualifications/Find-your-qualification-&-choose-your-modules/All-qualifications/Bachelor-of-Science-Honours-in-Mathematics-(98923)
Bachelor of Science Honours in Physics (98918),98918,101063,,60,"Science, Engineering and Technology",8,120,This qualification will be presented online only.,"Purpose statement:The primary purpose of the qualification is to provide Hons BSc graduates with the knowledge, specific skills and applied and theoretical competence in a number of Science fields to provide opportunities for continued personal intellectual growth, gainful economic activity and valuable contributions to society. A second purpose of the qualification is to provide South Africa (and other countries) with graduates in a number of learning fields in order to ensure that the leadership base of innovative and knowledge-based economic and scholarly activity is widened. A third purpose of the qualification is to provide South Africa (and other countries) with people who can perform a constructive role they need to play as intellectual leaders in their society.  

",,https://www.unisa.ac.za/sites/corporate/default/Register-to-study-through-Unisa/Undergraduate-&-honours-qualifications/Find-your-qualification-&-choose-your-modules/All-qualifications/Bachelor-of-Science-Honours-in-Physics-(98918)
Bachelor of Science Honours in Statistics New Curriculum (98922 - NEW),New Curriculum,120,,101064,"Science, Engineering and Technology",98922 - NEW,8,"
Rules:
This qualification is ONLY for student who are registering for the first time for the Honours in
Statistics in 2021 or later. Students should select one of the optional modules STA4808, STA4809 and
STA4811.
",APS/AS:,,https://www.unisa.ac.za/sites/corporate/default/Register-to-study-through-Unisa/Undergraduate-&-honours-qualifications/Find-your-qualification-&-choose-your-modules/All-qualifications/Bachelor-of-Science-Honours-in-Statistics-New-Curriculum-(98922-–-NEW)
Postgraduate Diploma in Information Resource Management (90069),90069,94681,,60,"Science, Engineering and Technology",8,120,This qualification will be presented using both online and distance learning modes.,"Purpose statement:Qualifying students will be able to integrate conceptual, causal, procedural and contextual knowledge to manage ICT services in an organization. The formal qualification completes the undergraduate stream providing access to postgraduate studies.  This aims to deepen applied knowledge of practicing service managers and supervisory staff in the industry.  The industry in SA, Africa and globally will shift toward ICT services to be efficient integrated business processes, activities and performance.",,https://www.unisa.ac.za/sites/corporate/default/Register-to-study-through-Unisa/Undergraduate-&-honours-qualifications/Find-your-qualification-&-choose-your-modules/All-qualifications/Postgraduate-Diploma-in-Information-Resource-Management-(90069)
