name,code,saqa_id,dep,aps,faculty,nqf,credits,desc,comments,school,url
Diploma in Accounting Sciences (98200),98200,83289,,17,,6,360,"Purpose statement:The purpose of this qualification is to enable qualifying students to: Assist with the management of a small business and display entrepreneurial skills.
Perform accounting and accounting reporting duties.
Perform management accounting duties.
Perform internal auditing procedures.
Render limited tax services, depending on the electives they have chosen. 
","
Rules:
This programme is endorsed by the Chartered Institute of Management Accounting (CIMA) for those
students who selected Management Accounting as a major.  Once successfully completed, candidates
pursuing the CIMA qualification will be exempted from CIMA's Certificate in Business Accounting
(four papers).  Such candidates could commence with CIMA's operational level, should they wish to
progress with their CIMA studies. In addition, CIMA will also issue them with their Certificate in
Business Accounting if they successfully complete any one of the four papers of their business
accounting certificate. Candidates should note that during the course of their studies they would be
required to have access to a computer with a webcam, and the internet
",,https://www.unisa.ac.za/sites/corporate/default/Apply-for-admission/Undergraduate-qualifications/Qualifications/All-qualifications/Diploma-in-Accounting-Sciences-(98200)
Diploma in Administrative Management (98216),98216,85146,,17,,6,360,"Purpose statement:The purpose of this qualification is to equip the qualifying student with the basic skills of administrative management to function effectively in an administrative or financial environment. This qualification is intended for persons who can function as junior and middle level managers in any organisation. 
","
Rules:
Students should note that during the course of their studies they would be required to have access
to a computer, printer and the internet.
 
Some of the pre-requisites and/ or co-requisites outlined in this qualification may not apply as
they do not form part of the curriculum
",,https://www.unisa.ac.za/sites/corporate/default/Apply-for-admission/Undergraduate-qualifications/Qualifications/All-qualifications/Diploma-in-Administrative-Management-(98216)
Diploma in Agricultural Management (90097),90097,109028,,18,,6,360,Purpose statement:The purpose of this qualification is to train low level Managers and Technicians in the agricultural sector to meet the current critical shortage of skilled people in the sector. There is a need to develop skilled people in agriculture to ensure the relevance of the discipline in addressing agricultural sector development for food security and sustainable environment.,"
Rules:
Some of the pre-requisites and/or co-requisites outlined in this qualification may not apply as
they do not form part of the curriculum.
",,https://www.unisa.ac.za/sites/corporate/default/Apply-for-admission/Undergraduate-qualifications/Qualifications/All-qualifications/Diploma-in-Agricultural-Management-(90097)
Diploma in Corrections Management (98218),98218,101101,,18,,6,360,"Purpose statement:This qualification is intended for persons who mainly function on the tactical level within the Correctional Services environment. The qualifying learner will be competent in applying selected integrated legal, administrative and managerial principles and techniques within the context of Correctional Services Management in supporting and implementing strategies, policies and procedures and will be able to deal effectively with contemporary issues on a tactical level.","
Rules:
Students should note that during the course of their studies they would be required to have access
to a computer, printer and the internet.
 
Students must follow the same stream from level one throughout to level three.
 
Some of the pre-requisites and/ or co-requisites outlined in this qualification may not apply as
they do not form part of the curriculum.
 
Students who have passed phased out modules will retain the credit and do not need to pass the
replacement modules. However, phased out modules must have been passed for this specific
qualification and it does not necessarily mean the modules are equivalent.
 
EUP1501 Students do not need to register for CMY1501.
SCK1501 Students do not need to register for BSW1501.
SCK1502 Students do not need to register for BSW1502.
ENN103F Students do not need to register for ENG1503.
SCK2601 Students do not need to register for BSW2601.
SCK2604 Students do not need to register for BSW2602.
SCK3701 Students do not need to register for BSW3702.
SCK3702 Students do not need to register for BSW3703.
SCK3703 Students do not need to register for BSW3704.
",,https://www.unisa.ac.za/sites/corporate/default/Apply-for-admission/Undergraduate-qualifications/Qualifications/All-qualifications/Diploma-in-Corrections-Management-(98218)
Diploma in Explosives Management (98222),98222,101120,,17,,6,360,"Purpose statement:A person acquiring this qualification will be able to apply explosives technologies, apply quality management and safety systems in a cost-effective explosives production environment. A person with this qualification is able to supervise people in manufacturing, apply principles of quality control and quality assurance, act as team leader and manage changes in the organisation.   This qualification will contribute to the full development of the learner within explosive material manufacturing fraternity by providing recognition, further mobility and transportability within the chemical and related manufacturing fields.  The skills, knowledge and understanding demonstrated within this qualification are essential for social and economic transformation and contribute to the progression and economic growth within the manufacturing fraternity.   This qualification will allow a person to advance to learning such as B Tech: Explosives Management, NQF 7 or related qualifications.","
Rules:
Students should note that during the course of their studies they would be required to have access
to a computer, printer and the internet.
",,https://www.unisa.ac.za/sites/corporate/default/Apply-for-admission/Undergraduate-qualifications/Qualifications/All-qualifications/Diploma-in-Explosives-Management-(98222)
Diploma in Human Resource Management (98211),98211,86348,,17,,6,360,"Purpose statement:The purpose of this qualification is to provide learners with the opportunity to acquire the applied competencies in the field of Human Resource Management that are required for registration with the South African Board for People Practitioners (SABPP) as a Human Resource/Employee Resource (HR/ER) Associate. The learners will be empowered to co-ordinate and contribute to the management of the core Human Resource Management functions in line with best practices and quality standards. This qualification lays a foundation for higher career advancement and further studies in the field of Human Resource Management. 

This qualification is aimed at learners who work within business environments, and seek recognition for essential people management skills and competence in operational Human Resource practice. It has been developed: 
- To promote efficiency in implementing legislative requirements and organisational policies and procedures in Human Resource functions. 
- Co-ordinate and contribute to the management of the core processes related to human resources management and practices. 
- Co-ordinate some of the human resources management processes and practices at operational level. 
- Promote best human resource management practices in an organisation to contribute to the monitoring of Health and Safety at the workplace and the implementation of wellness interventions. 
- Identify strengths and areas for improvement in own learning through self-reflection and reflection on organisational human resource management and practices. 

Qualified learners will be competent to perform all the functions of human resource management. 

","
Rules:
The College has replaced FAC1601 with SUS1501. Students who have already passed FAC1601 in this
 curriculum, will not be required to complete SUS1501. Students should note that during the course
 of their studies they would be required to have access to a computer, printer and the internet.
",,https://www.unisa.ac.za/sites/corporate/default/Apply-for-admission/Undergraduate-qualifications/Qualifications/All-qualifications/Diploma-in-Human-Resource-Management-(98211)
Diploma in Local Government Finance (90083),90083,99281,,17,,6,360,"Purpose statement:The primary purpose of the qualification is for learners to demonstrate vocational knowledge and skills and to acquire applied competencies and the necessary attitudes in the field of Local Government Finance to become lifelong learners, employable workers and contributors to financial management in various institutions. A second purpose of the qualification is for those holding this Diploma in Local Government Finance to widen the vocational leadership and management base of innovative and practice-based local government financial management. A third purpose of the qualification is to enable diplomats in local government finance to become members of the Institute of Municipal Finance Officers (IMFO). 

This qualification lays the foundation for career advancement and further studies in the field of Local Government Finance. Upon completion of the Diploma in Local Government Finance, the learner would have been actively engaged in becoming a well-rounded, educated person, specifically prepared for further and more specific study and also for the work environment as an employer/manager in the financial section of a government entity. 

The qualification aims to develop financial management skills through strengthening their understanding of local government legislation and developing their financial reporting skills. The theoretical foundation will guide learners in the work environment to act at a functional level as Financial Managers. 
","
Rules:
Students should note that during the course of their studies they would be required to have access
to a computer, printer and the internet.
",,https://www.unisa.ac.za/sites/corporate/default/Apply-for-admission/Undergraduate-qualifications/Qualifications/All-qualifications/Diploma-in-Local-Government-Finance-(90083)
Diploma in Marketing Management (98202),98202,83287,,17,,6,360,"Purpose statement:The purpose of the qualification is closely tied to the rationale for the programme and it serves to instil and broaden students' marketing knowledge, application of marketing knowledge and expertise. The qualification provides qualifying students with a broad based knowledge of the principles, major theories and thought schools, methods and technology of the science and profession of the field and equips them to co-ordinate and contribute to the management of the core marketing management functions in line with best practice and quality standards. This qualification lays a foundation for higher career advancement and further studies in the field of marketing management. 

The modules are specifically selected to ensure that students gain a basic understanding of the underlying marketing issues and principles in their first year; slightly more advanced knowledge combined with elementary practical application in the second year; and conclude with practical application of marketing theory in the third year where an applications approach is integrated in the curriculum. The third year modules are designed to equip students with the relevant skills and abilities. 
","
Rules:
Students should note that during the course of their studies they would be required to have access
to a computer, printer and the internet.
",,https://www.unisa.ac.za/sites/corporate/default/Apply-for-admission/Undergraduate-qualifications/Qualifications/All-qualifications/Diploma-in-Marketing-Management-(98202)
Diploma in Nature Conservation (98024 - NCO),98024,90512,,18,,6,360,"Purpose statement:The purpose of this qualification is to develop competent conservation officers who can provide support to conservators and resource managers or actively participate in management functions in natural resource management areas. Qualifying learners will be able to apply acquired technical and scientific knowledge, skills and attitudes, to interpret observations made and information and data gathered, regarding natural resources. This qualification aims to enhance professional competence in the field of nature conservation on local, regional and national levels by providing the conservation industry with persons who are able to participate in ecosystems' management, environmental education and ecotourism. This, in turn, will contribute to sustainable and responsible utilisation of natural resources in Africa, thus contributing to economic development. It further aims to advance social and economic transformation by providing accessible opportunities for individual, career and entrepreneurial development for people from all social and cultural groups. 

","
Rules:
This qualification has compulsory contact modules that carry additional fees.
The qualification also requires time to be spent in the industry to meet the requirements reflected
in the six NCA-modules.
",,https://www.unisa.ac.za/sites/corporate/default/Apply-for-admission/Undergraduate-qualifications/Qualifications/All-qualifications/Diploma-in-Nature-Conservation-(98024-–-NCO)
Diploma in Operations Management (90183),90183,119068,,17,,6,360,"Purpose statement:The purpose of the Diploma in Operations Management is to allow qualifying learners to enter a formal entry-level qualification within the field of operations management. In this qualification, learners will explore strategies on how to manage aspects related to operations and supply chain in the manufacturing and services industries. Learners would be able to develop skills and competencies on how to ensure an organisation becomes more productive, efficient, and effective across the value chain as an Operations Manager.
The field of operations management is changing continually as economies change, and the qualifying graduate in this qualification will be able to advise middle to senior managers on issues relating to Capacity Planning, Forecasting, Quality, Process Analysis and Project Management. This is important to ensure the qualifying learners will be able to apply the theoretical constructs of operations management in real-life work situations through simulations and case studies. The labour-intensive nature of some industries and the various skills levels in Operations Management will provide employment opportunities for many South Africans with varying degrees of skills development. Learners will also be equipped with the necessary entrepreneurial skills to establish their own businesses.
","
Rules:
Students should note that during the course of their studies they would be required to have access
to a computer, printer and the internet.
",,https://www.unisa.ac.za/sites/corporate/default/Apply-for-admission/Undergraduate-qualifications/Qualifications/All-qualifications/Diploma-in-Operations-Management-(90183)
Diploma in Ornamental Horticulture (98025 - HOR),98025,83107,,18,,6,360,"Purpose statement:The primary purpose of the qualification is to develop competent horticulturists enabling them to apply ornamental horticultural technologies and strategies in the green industry in a way that will be environmentally sustainable. They will be able to propagate care for and utilise plants, plan, implement and maintain urban landscapes, be able to apply basic managerial skills. The qualification aims to contribute to the green industry by developing horticultural professionals and managers and so enhance the effectiveness and the competitiveness of the industry. It also aims to support the discipline of Horticulture by providing the academic foundation for possible future research in the field. The qualification strives to promote environmental awareness and a commitment to environmental sustainability, as well as the recognition that plants, with their various functional and aesthetic uses, have the ability to improve quality of life. It further aims to advance social and economic transformation by providing accessible opportunities for individual, career and entrepreneurial development to people from all social and cultural groups.","
Rules:
Practical work and work integrated learning form an integral part of this qualification.
",,https://www.unisa.ac.za/sites/corporate/default/Apply-for-admission/Undergraduate-qualifications/Qualifications/All-qualifications/Diploma-in-Ornamental-Horticulture-(98025-–-HOR)
Diploma in Policing (98220),98220,101102,,18,,6,360,"Purpose statement:The qualifying learner will be able to apply composite policing, legal and management principles in the field of safety and security in an integrated fashion to secure safety in society.","
Rules:
Students should note that during the course of their studies they would be required to have access
to a computer, printer and the internet.
 
PLEASE NOTE: Exemption for the subjects that were passed more than ten years ago in pursuance of a
qualification that has not been completed yet is not granted automatically. A curriculum vitae
setting out to what extent the applicant has remained in touch with policing should accompany the
Recognition of Prior Learning (RPL) application for such exemptions.
 
Some of the pre-requisites and/or co-requisites outlined in this qualification may not apply as they
do not form part of the curriculum.
 
Students who have passed phased out modules will retain the credit and do not need to pass the
replacement modules. However, phased out modules must have been passed for this specific
qualification and it does not necessarily mean the modules are equivalent.
 
ENN103F Students do not need to register for ENG1503.
EPP1501 Students do not need to register for ENG1503.
EPP1502 Students do not need to register for INS1502.
EUP1501 Students do not need to register for ILW1501.
CRW1501 Students do not need to register for HFL1501.
CMP2601 Students do not need to register for FUR2601.
MND2601 Students do not need to register for MNG2601.
EVI3701 Students do not need to register for LEV3701.
",,https://www.unisa.ac.za/sites/corporate/default/Apply-for-admission/Undergraduate-qualifications/Qualifications/All-qualifications/Diploma-in-Policing-(98220)
Diploma in Public Administration and Management (98203),98203,83467,,17,,6,360,"Purpose statement:The primary purpose of the qualification is for learners to demonstrate vocational knowledge, skills, applied competence and the necessary attitudes in the field of public administration and management to become lifelong learners, employable workers and contributors to public administration in various institutions. A second purpose of the qualification is for learners in public administration to widen the vocational leadership and managerial base of innovative and practice-based public administration and management. 

Qualifying learners could follow a variety of careers within the Public Sector: 
- Financial Services. 
- Administration. 
- Management. 
- Human Resources Management. 
- Knowledge Management. 

","
Rules:
Students should note that during the course of their studies they would be required to have access
to a computer, printer and the internet.
",,https://www.unisa.ac.za/sites/corporate/default/Apply-for-admission/Undergraduate-qualifications/Qualifications/All-qualifications/Diploma-in-Public-Administration-and-Management-(98203)
Diploma in Safety Management (90107),90107,105733,,17,,6,360,"Purpose statement:The purpose of this qualification is to prepare learners for management positions within the field of safety management. On completion, learners will be able to demonstrate vocational knowledge, skills and applied competence and the necessary attitudes in the field of safety management to become lifelong learners, employable workers and contributors to safety management in various institutions. The qualification is intended for persons who can function on an operational and tactical (functional) level.","
Rules:
Students should note that during the course of their studies they would be required to have access
to a computer, printer and the internet.
 
Some of the pre-requisites and/ or co-requisites outlined in this qualification may not apply as
they do not form part of the curriculum.
",,https://www.unisa.ac.za/sites/corporate/default/Apply-for-admission/Undergraduate-qualifications/Qualifications/All-qualifications/Diploma-in-Safety-Management-(90107)
Diploma in Security Management (98221),98221,101103,,18,,6,360,Purpose statement:This qualification is designed for Security Managers. The qualified Security Manager (learner) will have the competence to demonstrate his/her ability to manage the security function cost-effectively within an organisation at managerial level.,"
Rules:
Students should note that during the course of their studies they would be required to have access
to a computer, printer and the internet.
 
Some of the pre-requisites and/ or co-requisites outlined in this qualification may not apply as
they do not form part of the curriculum.
 
Students who have passed phased out modules will retain the credit and do not need to pass the
replacement modules. However, phased out modules must have been passed for this specific
qualification and it does not necessarily mean the modules are equivalent.
 
ENN1504 Students do not need to register for ENG1503.
ENN103F Students do not need to register for ENG1503.
EUP1501 Students do not need to register for CMY1501.
MND2601 Students do not need to register for MNG2601.
MND2602 Students do not need to register for MNG2602.
SEP2604 Students do not need to register for SEP3714.
MND3701 Students do not need to register for MNG3701.
MND3702 Students do not need to register for MNG3702.
",,https://www.unisa.ac.za/sites/corporate/default/Apply-for-admission/Undergraduate-qualifications/Qualifications/All-qualifications/Diploma-in-Security-Management-(98221)
Diploma in Small Business Management (90073),90073,96443,,17,,6,360,"Purpose statement:This qualification will enable the qualifying learner to apply the necessary entrepreneurial and business skills and processes in order to start, establish and grow a business. The qualification is specifically designed for new and established small business owners and managers who wish to enhance their management knowledge with the latest thinking in small business management. The qualification equips entrepreneurs with essential business skills and to exploit the unique set of skills, knowledge and ideas to sell products and services.","
Rules:
Students should note that during the course of their studies they would be required to have access
to a computer, printer and the internet.
",,https://www.unisa.ac.za/sites/corporate/default/Apply-for-admission/Undergraduate-qualifications/Qualifications/All-qualifications/Diploma-in-Small-Business-Management-(90073)
Diploma in Tourism Management (98223),98223,86247,,17,,6,360,"Purpose statement:The purpose of the Diploma: Tourism Management is to equip learners with generic business management expertise and appropriate practical skills within the context of the tourism industry. 

Qualifying learners will have a broad insight into tourism and a fundamental understanding of tourism management principles and theories. Those who achieve this qualification will be competent in consistently using a variety of technical, managerial and personal skills and strategies in the everyday running of a tourism enterprise. The successful learners will have developed a sound base for progression into management and industry leadership positions, and exploiting entrepreneurial opportunities. 

Lastly, the qualification is designed to allow qualifying learners to enter the tourism industry in a variety of both private and public sector tourism organisations, including, among others, hospitality, transport and support services. Furthermore, those who achieve this qualification will be able to manage tourism businesses, apply specialised industry knowledge and demonstrate initiative and responsibility in a professional or academic tourism management context. 
","
Rules:
The College has replaced ENN103F with ENG1503, replaced FAC1601 with FAC1602, replaced DTM1502 with
SUS1501, replaced DTM2602 with TRT2601, replaced DTM3702 with TRT3702, replaced MNM2601 with
MNM1601, replaced MNM3701 with MNM3709 and replaced DTM3606 + DTM3607 with DTM3609. The name of
module DTM3701 has changed from MICE Operations to Business Tourism. Students who have already
passed ENN103F, FAC1601, DTM1502, DTM2602, MNM2601, MNM3701, DTM3606 + DTM3607, DTM3701 and/or
DTM3702 in this qualification, will retain the credit(-s) and will not be required to complete the
relevant replacement module(-s). However, please note that DTM3606 and DTM3607 are replaced by one
module and students will need both these credits to be exempt from DTM3609. Students should note
that during the course of their studies they would be required to have access to a computer, printer
and the internet.
",,https://www.unisa.ac.za/sites/corporate/default/Apply-for-admission/Undergraduate-qualifications/Qualifications/All-qualifications/Diploma-in-Tourism-Management-(98223)
Advanced Diploma in Animal Health (90112),90112,105730,,60,,7,120,This qualification will be presented using both online and distance learning modes.,"Purpose statement:The primary purpose of the qualification is to provide students with a strong industry- oriented focus. The qualification also serves to provide students with the advanced knowledge, cognitive and conceptual tools and practical techniques for higher education in Animal Health. It may provide intellectual enrichment, enhance flexibility in the light of changing circumstances in the field of Animal Health, enable a change in career path or offer an intensive, focused and applied specialisation which meets the requirements in the labour market of the animal health industry. The graduates of the Advanced Diploma in Animal Health will have a deep and systematic understanding of current thinking, practice, theory and methodology in an area of specialisation. It is therefore particularly suitable for continuing professional development.",,https://www.unisa.ac.za/sites/corporate/default/Apply-for-admission/Undergraduate-qualifications/Qualifications/All-qualifications/Advanced-Diploma-in-Animal-Health-(90112)
Advanced Diploma in Explosives Management (90124),90124,112563,,50,,7,120,"Purpose statement:The Advanced Diploma in Explosives Management is designed to integrate the technical know-how of explosives with managerial skills on a tactical level. The qualification ensures that learners will comply with and manage all regulatory competence requirements set by Occupational Health and Safety and Explosives legislation. Thus the learners will apply for certification as explosives managers or responsible persons. The qualifying learners will have the competence to apply explosives technologies, sound safety, health and environmental principles as well as management skills. These skills are appropriate for the cost-effective management of products and processes in an explosives related environment. 
","
Rules:
It is recommended that students choose their explosives management modules as follows:
Semester 1: EXC3701, EXC3702 Semester 2: EXP3704, EXP3705, TMA3702, TMA3703
 
Students should note that during the course of their studies they would be required to have access
to a computer, printer and the internet.
 
Some of the pre-requisites and/ or co-requisites outlined in this qualification may not apply as
they do not form part of the curriculum.
",,https://www.unisa.ac.za/sites/corporate/default/Apply-for-admission/Undergraduate-qualifications/Qualifications/All-qualifications/Advanced-Diploma-in-Explosives-Management-(90124)
Advanced Diploma in Safety Management (90181),90181,118634,,50,,7,120,"Purpose statement:The primary purpose of this qualification is to provide a formal qualification for individuals who are interested in pursuing a specialized career in safety management and related aspects by connecting knowledge and skills related to advanced risk and incident management. The curriculum integrates knowledge and practical application by utilizing simulated work environment examples. This ensures that students are able to apply the concepts of toxicology, manufacturing and process safety and advanced safety auditing at a practical level in preparation for possible postgraduate study in the field of safety management. Students will be knowledgeable in the main theories relating to construction and mining safety, emergency planning and safety systems to ensure that they can apply this knowledge in an ethical manner that takes human behaviour into account. This advanced diploma also integrates the principles of entrepreneurship and intrapreneurship as an approach to safety project management. The curriculum is designed to provide entry-level vocational preparation for Bachelor's Degree graduates or diplomates by offering an intensive, focused and applied specialization that meets the requirements of professional bodies and industry in the safety management field.","
Rules:
Students should note that during the course of their studies they would be required to have access
 to a computer, printer and the internet.
",,https://www.unisa.ac.za/sites/corporate/default/Apply-for-admission/Undergraduate-qualifications/Qualifications/All-qualifications/Advanced-Diploma-in-Safety-Management-(90181)
Advanced Diploma in Security Management (98235),98235,90624,,50,,7,120,"Purpose statement:The qualification will provide a career-focused opportunity to all learners across the board and will uphold the spirit of learner centeredness. It will contribute to good and responsible security service providers who will be able to cater for the needs of quality security service to communities, private and public organisations. The qualification will provide for lifelong learning and flexibility. This qualification is aimed at learners who wish to pursue careers as security supervisors and security managers and who seek recognition for essential skills needed at the level of middle management. A qualifying learner will be able to demonstrate the knowledge and skills required of competent security managers in the private and public security industry. The emphasis, besides additional advanced specialised knowledge and information, will be on the practical application of already acquired knowledge. This qualification will also assist in promoting good governance, professionalism and expertise within this sector of the South African economy.","
Rules:
Students with the following qualifications: Diploma in Policing, Police Administration or
Corrections Management, can access the Advanced Diploma in Security Management by means
of RPL (rpl@unisa.ac.za).
",,https://www.unisa.ac.za/sites/corporate/default/Apply-for-admission/Undergraduate-qualifications/Qualifications/All-qualifications/Advanced-Diploma-in-Security-Management-(98235)
Advanced Diploma in Tourism Management (90118),90118,110422,,50,,7,120,"Purpose statement:The primary purpose of this qualification is to enable working tourism professionals to articulate across the higher education system and to assist learners with continued professional development in the field of Tourism. This qualification may enable a learner change in career path as it caters for a variety of module options to choose from according to their specific needs and circumstances. The selection of modules allows a learner to meet the requirements of the tourism labour market, e.g. in tourism development and management. This qualification aims to develop an understanding of the current theories and methodologies in the field of tourism management. 

This qualification serves to consolidate and deepen the learner's expertise in tourism. The qualification enables learners already employed to develop themselves more fully without too many interruptions in their lifestyles. Furthermore, it affords learners in rural areas the opportunity to continue their professional development. 

The qualification is suitable for learners who want to gain specialised knowledge in tourism and a better understanding of the tourism industry. This initiative will not only help in improving the local tourism industry, but also the country's economy. The learners will be equipped with advanced knowledge and various skills and competencies in tourism management that will improve their capacity to engage independently with complex theoretical concepts and problems related to the different sectors","
Rules:
The College has replaced MNM3715 with MNM3701. Students who have already passed MNM3715 in this
curriculum will retain credit and will not be required to complete MNM3701. Students should note
that during the course of their studies they would be required to have access to a computer, printer
and the internet.
 
Some of the pre-requisites and/ or co-requisites outlined in this qualification may not apply as
they do not form part of the curriculum.
",,https://www.unisa.ac.za/sites/corporate/default/Apply-for-admission/Undergraduate-qualifications/Qualifications/All-qualifications/Advanced-Diploma-in-Tourism-Management-(90118)
Bachelor of Accounting Sciences in Financial Accounting (Revised Curriculum 2020) (98302 - FA1),(Revised Curriculum 2020),360,,101110,,98302 - FA1,7,"
Rules:
Students who wish to proceed to the College's PG Dip (Applied Accounting Sciences) (CTA level 2)
should be aware of the requirement that all 6 final year modules must have been passed in one
academic year and the qualification should not be older than three years in order to be admitted to
the postgraduate programme. In addition, a student must obtain an average of 55% mark on the third
level year modules to qualify to register for the CTA 2 (PG Dip in Applied Accountancy). If the 55%
average mark is not met, Unisa students are advised to register for CTA 1 (Postgraduate Diploma in
Accountancy) and not Advance Diploma in Accountancy.
 
Where students have already passed and obtained credits for either FAC3761 or FAC3762 by 2022, the
students must register for FAC3764 in 2023 and need not register for CAS3701 and AIN3701. However,
we recommend that those students who intend to progress to the Postgraduate Diploma in Applied
Accounting Sciences (98255) register for AIN3701.
 
Students who have not registered or passed MNB1601 will be required to register for IOP1501 from the
2023 academic year onwards.
Students who have already passed MNB1601 before 2023 will retain credit for this module.
 
Students are encouraged to follow the recommendations of how to register the modules together as
this will improve the integration of their studies.  This qualification will be presented online.
Candidates should note that during the course of their studies they would be required to have access
to a computer with a webcam, and the internet
 
Some of the pre-requisites and/ or co-requisites outlined in this qualification may not apply as
they do not form part of the curriculum.
",APS/AS:,,https://www.unisa.ac.za/sites/corporate/default/Apply-for-admission/Undergraduate-qualifications/Qualifications/All-qualifications/Bachelor-of-Accounting-Sciences-in-Financial-Accounting-(Revised-Curriculum-2020)-(98302-–-FA1)
Bachelor of Accounting Sciences in Internal Auditing Internal Auditing (98303 - AUI),Internal Auditing,360,,101111,,98303 - AUI,7,"
Rules:
Students who have already passed AUE1601 in this qualification will retain the credit and will not
be required to complete BNU1501. Candidates should note that during the course of their studies they
would be required to have access to a computer with a webcam, and the internet. This qualification
will be presented online.
 
Students who have not registered or passed MNB1601 will be required to register for IOP1501 from the
2023 academic year onwards.
Students who have already passed MNB1601 before 2023 will be retain credit for this module.
 
Some of the pre-requisites and/ or co-requisites outlined in this qualification may not apply as
they do not form part of the curriculum.
",APS/AS:,,https://www.unisa.ac.za/sites/corporate/default/Apply-for-admission/Undergraduate-qualifications/Qualifications/All-qualifications/Bachelor-of-Accounting-Sciences-in-Internal-Auditing-Internal-Auditing-(98303-–-AUI)
Bachelor of Accounting Sciences in Management Accounting (Revised Curriculum 2020) (98304 - MA1),(Revised Curriculum 2020),360,,101112,,98304 - MA1,7,"
Rules:
This degree is intended for the candidate who wishes to pursue a career as a management accountant
and who wishes to be able to register with the Chartered Institute of Management Accountants (CIMA).
This degree is endorsed by CIMA. A candidate who successfully completes this degree will receive
exemption from CIMA's Certificate in Business Accounting (four papers) and three papers on the
operational level, and will be allowed direct access to CIMA's operational case study. In addition,
candidates who successfully complete the operational case study will graduate with a Diploma in
Management Accounting from CIMA and gain admission to CIMA's management level objective tests.
 
YEAR I: Students who have already passed AUE1601in this qualification will retain the credit and
will not be required to complete BNU1501. Students who have not registered or passed MNB1601will be
required to register for IOP1501 from the 2023 academic year and onwards. Students who have already
passed MNB1601 before 2023 will retain credir for the module
 
YEAR II  There are no changes for this level.
 
YEAR III: The College has removed FAC3761 and FAC3762 from the curriculum and replaced them with
FAC3764.
Students who have not registered or passed BOTH FAC3761 and FAC3762 must register for FAC3764,
CAS3701, and AIN3701 from 2023.
 
Where students have already passed and obtained credits for either FAC3761 or FAC3762 in 2022, the
students must register for FAC3764 in 2023 and need not register for CAS3701 and AIN3701.
 
Students should note that during the course of their studies they would be required to have access
to a computer with a webcam, and the internet.
 
Some of the pre-requisites and/ or co-requisites outlined in this qualification may not apply as
they do not form part of the curriculum.
",APS/AS:,,https://www.unisa.ac.za/sites/corporate/default/Apply-for-admission/Undergraduate-qualifications/Qualifications/All-qualifications/Bachelor-of-Accounting-Sciences-in-Management-Accounting-(Revised-Curriculum-2020)-(98304-–-MA1)
Bachelor of Administration (98315 - BAD),98315,5553,,21,,7,360,"Purpose statement:The primary purpose of the qualification is to provide BAdmin graduates with the knowledge, specific skills, applied competence and the necessary attitudes in the fields of development and public administration to make them lifelong learners, employable workers/entrepreneurs and contributors to development and public administration in various public and civic contexts. 

A second purpose of the qualification is to provide South Africa (and other countries) with graduates in development and public administration to widen the leadership base of innovative and knowledge-based economic and scholarly activity. 

A further purpose of the qualification is to provide South Africa (and other countries) with people who can understand the constructive role they need to play as change agents in the field of development and public administration.","
Rules:
Electives may be chosen from the following disciplines: Level 1: Accounting, Business Management,
Marketing Management, Human Resource Management, Economics, Industrial and Organisational
Psychology, Quantitative Management, Transport Economics, Commercial Law, Information Systems,
Labour Law, Statistics, Administrative Law, Fundamental Rights, African Politics, Interpretation of
Statutes, Anthropology, Introduction for the Theory of Law, Constitutional Law and  Politics. Please
take note of any pre/co-requisites. Level 2:  Accounting, Business Management, Marketing Management,
Human Resource Management, Economics, Industrial and Organisational  Psychology, Quantitative
Management, Transport Economics, Commercial Law, Information Systems, Labour Law, Statistics Level
3: Accounting, Business Management, Marketing Management, Human  Resource Management, Economics,
Industrial and Organisational  Psychology, Quantitative Management, Transport Economics, Business
Ethics (PLS3701). Please take note of the pre/co-requisites. The College has replaced MNI3701 with
MNB3701, replaced PUB303G with PUB3703 or PUB3705, replaced PUB302F with PUB3702 or PUB3704,
replaced DVA1601 with DVA1502, replaced MNM2601 with MNM1601, replaced MNM2603 with MNM1501,
replaced MNM2608 with MNM2614, replaced MNM2609 with MNM2604, replaced MNM2602 with MNM2615 and
replaced RSK3701 with ISR3701. Module ILW1501 has been included as a compulsory module in the 1st
year and the number of electives has been reduced to three. ECS2607 has been removed from the
curriculum. Students who have already passed the modules that have been replaced (in this
qualification) will retain the credits and will not be required to complete the replacement modules.
 
Some of the pre-requisites and/ or co-requisites outlined in this qualification may not apply as
they do not form part of the curriculum.
",,https://www.unisa.ac.za/sites/corporate/default/Apply-for-admission/Undergraduate-qualifications/Qualifications/All-qualifications/Bachelor-of-Administration-(98315-–-BAD)
Bachelor of Administration in Human Settlements Management (90016 - HSM),90016,94622,,21,,7,360,"Purpose statement:The purpose of the qualification is to educate human settlements practitioners of governments at national, provincial and municipal spheres and in public entities. Qualifying students will be able to work effectively in any human settlements environment but also specifically in any position in human settlements in the public sector. Qualifying students will be able to demonstrate knowledge, specific skills and applied competence within opportunities for continued personal intellectual growth, gainful economic activity and ethical conduct and leadership in the fields associated with public administration and human settlements management. 

This qualifying student will be able to perform public administrative functions and be able to apply the following: Perform public administration functions as a basis for managerial decisions for human settlements management. 
- Apply fundamental aspects, principles, and procedures of financial accounting. 
-  Manage policy implementation of human settlement projects adhering to compliance applicable to housing laws and regulations. 
- Perform Human recourse duties/responsibilities within the administration on human settlements. 
- Demonstrate an understanding of fundamental principles of ethics in a comparative multidisciplinary perspective. 
- Investigate the role that government plays in environmental affairs at national, provincial and local level. 

This qualification lays the foundation for career advancement and further studies in the fields of Public Administration and Human Settlements Management. Candidates that obtain this degree will also be able to contribute to the theory of human settlements management when they articulate to Higher Degrees or a Postgraduate Diploma in Public Administration. 

","
Rules:
The College has replaced EUP1501 with BNU1501, FAC1501 with QMI1500, and replaced MCL1501 with
PUB1511, and MCL2601 with PUB2614. Students that have completed EUP1501, FAC1501, MCL1501 and
MCL2601 in this qualification, will retain the credits and will not be required to complete the
replacement modules. Students should note that during the course of their studies they would be
required to have access to a computer, printer and the internet.
",,https://www.unisa.ac.za/sites/corporate/default/Apply-for-admission/Undergraduate-qualifications/Qualifications/All-qualifications/Bachelor-of-Administration-in-Human-Settlements-Management-(90016-–-HSM)
Bachelor of Arts (99311 - GEN),99311,14352,,20,,7,360,"Purpose statement:To familiarise learners with the content and basic theories of a number of disciplines in the humanities and social sciences, at the basic and intermediate level, and to provide them with a deeper grasp of one or more of these disciplines taken at exit level (level 6), as well as to enable them to place new knowledge in context and to use appropriate methods for seeking resolution of problems; 
To provide learners with a variety of basic scholarly and intellectual competencies, including the ability to question critically the assumptions of a limited range of theories and authorities, and to develop an understanding of elementary research methods used within one or more disciplines; 
To equip learners with the ability to give an accurate account of scholarly positions and the competence to express their own opinions clearly and coherently, both in written and oral communication; 
To prepare learners for post learner study; 
To provide learners with a well-rounded and broad education across a number of disciplines, thus preparing them for a wide range of professions crucial to the welfare of society; 
To produce learners who are able to think laterally, critically and creatively; 
To produce learners who are prepared for life-long learning; 
To produce learners who understand the principles of, and are capable of critical citizenship. 
","
Rules:
RULES:   The curriculum for the BA General degree consists of:
 
          a.   THIRTY MODULES
          b.   An approved combination of TWO major subjects
          c.   FIVE Fundamental modules from GROUP B
          d.   Elective modules from GROUP C
          e.   Not more than EIGHT of the thirty modules may be selected on the first level (NQF
                level 5)
          f.    Not more than TWELVE of the thirty modules may be selected on the second level (NQF
                level 6)
          g.   At least TEN modules must be on the third level (NQF level 7)
          h.   Students may select both majors from the College of Human Sciences GROUP A
 
                                                                 OR
 
          i.   Students may select one major from the College of Human Sciences GROUP A and one
               major outside the college GROUP AA
          j.   Students are not allowed to select two major subjects outside the College of Human
               Sciences GROUP AA
         k.   The BA General degree cannot be completed in less than THREE years
 
NB: Below is the link for major combinations for group A and AA:
https://www.unisa.ac.za/static/corporate_web/Content/registration/2024_BA_General_Majors.pdf
 
For major combinations kindly refer to the link below for myModules:
https://www.unisa.ac.za/sites/corporate/default/Register-to-study-through-Unisa/Subjects-&-modules/A
",,https://www.unisa.ac.za/sites/corporate/default/Apply-for-admission/Undergraduate-qualifications/Qualifications/All-qualifications/Bachelor-of-Arts-(99311-–-GEN)
Bachelor of Arts African Languages and African Politics (99311 - APO),African Languages and African Politics,360,,14352,,99311 - APO,7,"
Rules:
This qualification consists of 30 modules.
 
Students should note that during the course of their studies they would be required to have access
to a computer or laptop, printer and the internet.
",APS/AS:,,https://www.unisa.ac.za/sites/corporate/default/Apply-for-admission/Undergraduate-qualifications/Qualifications/All-qualifications/Bachelor-of-Arts-African-Languages-and-African-Politics-(99311-–-APO)
Bachelor of Arts African Languages and Art History (99311 - ALA),African Languages and Art History,360,,14352,,99311 - ALA,7,"
Rules:
This qualification consists of 30 modules.
 
Students should note that during the course of their studies they would be required to have access
to a computer or laptop, printer and the internet.
",APS/AS:,,https://www.unisa.ac.za/sites/corporate/default/Apply-for-admission/Undergraduate-qualifications/Qualifications/All-qualifications/Bachelor-of-Arts-African-Languages-and-Art-History-(99311-–-ALA)
Bachelor of Arts African Languages and Communication Science (99311 - ALS),African Languages and Communication Science,360,,14352,,99311 - ALS,7,"
Rules:
This qualification consists of 30 modules.
 
Students should note that during the course of their studies they would be required to have access
to a computer or laptop, printer and the internet.
",APS/AS:,,https://www.unisa.ac.za/sites/corporate/default/Apply-for-admission/Undergraduate-qualifications/Qualifications/All-qualifications/Bachelor-of-Arts-African-Languages-and-Communication-Science-(99311-–-ALS)
Bachelor of Arts African Languages and Criminology (99311 - ALC),African Languages and Criminology,360,,14352,,99311 - ALC,7,"
Rules:
This qualification consists of 30 modules.
 
Students should note that during the course of their studies they would be required to have access
to a computer or laptop, printer and the internet.
",APS/AS:,,https://www.unisa.ac.za/sites/corporate/default/Apply-for-admission/Undergraduate-qualifications/Qualifications/All-qualifications/Bachelor-of-Arts-African-Languages-and-Criminology-(99311-–-ALC)
Bachelor of Arts African Languages and Economics (99311 - ALE),African Languages and Economics,360,,14352,,99311 - ALE,7,"
Rules:
This qualification consists of 30 modules.
 
Students should note that during the course of their studies they would be required to have access
to a computer or laptop, printer and the internet.
",APS/AS:,,https://www.unisa.ac.za/sites/corporate/default/Apply-for-admission/Undergraduate-qualifications/Qualifications/All-qualifications/Bachelor-of-Arts-African-Languages-and-Economics-(99311-–-ALE)
Bachelor of Arts African Languages and Geography (99311 - ALG),African Languages and Geography,360,,14352,,99311 - ALG,7,"
Rules:
This qualification consists of 30 modules.
 
Students should note that during the course of their studies they would be required to have access
to a computer or laptop, printer and the internet.
",APS/AS:,,https://www.unisa.ac.za/sites/corporate/default/Apply-for-admission/Undergraduate-qualifications/Qualifications/All-qualifications/Bachelor-of-Arts-African-Languages-and-Geography-(99311-–-ALG)
Bachelor of Arts African Languages and History (99311 - ALH),African Languages and History,360,,14352,,99311 - ALH,7,"
Rules:
This qualification consists of 30 modules.
 
Students should note that during the course of their studies they would be required to have access
to a computer or laptop, printer and the internet.
",APS/AS:,,https://www.unisa.ac.za/sites/corporate/default/Apply-for-admission/Undergraduate-qualifications/Qualifications/All-qualifications/Bachelor-of-Arts-African-Languages-and-History-(99311-–-ALH)
Bachelor of Arts African Languages and Information Science (99311 - AIN),African Languages and Information Science,360,,14352,,99311 - AIN,7,"
Rules:
This qualification consists of 30 modules.
 
Students should note that during the course of their studies they would be required to have access
to a computer or laptop, printer and the internet.
",APS/AS:,,https://www.unisa.ac.za/sites/corporate/default/Apply-for-admission/Undergraduate-qualifications/Qualifications/All-qualifications/Bachelor-of-Arts-African-Languages-and-Information-Science-(99311-–-AIN)
Bachelor of Arts African Languages and Linguistics (99311 - ALL),African Languages and Linguistics,360,,14352,,99311 - ALL,7,"
Rules:
This qualification consists of 30 modules.
 
Students should note that during the course of their studies they would be required to have access
to a computer or laptop, printer and the internet.
",APS/AS:,,https://www.unisa.ac.za/sites/corporate/default/Apply-for-admission/Undergraduate-qualifications/Qualifications/All-qualifications/Bachelor-of-Arts-African-Languages-and-Linguistics-(99311-–-ALL)
Bachelor of Arts African Languages and Public Administration (99311 - APA),African Languages and Public Administration,360,,14352,,99311 - APA,7,"
Rules:
This qualification consists of 30 modules.
 
Students should note that during the course of their studies they would be required to have access
to a computer or laptop, printer and the internet.
",APS/AS:,,https://www.unisa.ac.za/sites/corporate/default/Apply-for-admission/Undergraduate-qualifications/Qualifications/All-qualifications/Bachelor-of-Arts-African-Languages-and-Public-Administration-(99311-–-APA)
Bachelor of Arts African Politics and Politics (99311 - APP),African Politics and Politics,360,,14352,,99311 - APP,7,"
Rules:
This qualification consists of 30 modules.
 
Students should note that during the course of their studies they would be required to have access
to a computer or laptop, printer and the internet.
",APS/AS:,,https://www.unisa.ac.za/sites/corporate/default/Apply-for-admission/Undergraduate-qualifications/Qualifications/All-qualifications/Bachelor-of-Arts-African-Politics-and-Politics-(99311-–-APP)
Bachelor of Arts African Politics and Private Law (99311 - APL),African Politics and Private Law,360,,14352,,99311 - APL,7,"
Rules:
This qualification consists of 30 modules.
 
Students should note that during the course of their studies they would be required to have access
to a computer or laptop, printer and the internet.
",APS/AS:,,https://www.unisa.ac.za/sites/corporate/default/Apply-for-admission/Undergraduate-qualifications/Qualifications/All-qualifications/Bachelor-of-Arts-African-Politics-and-Private-Law-(99311-–-APL)
Bachelor of Arts Afrikaans and Economics (99311 - AEC),Afrikaans and Economics,360,,14352,,99311 - AEC,7,"
Rules:
This qualification consists of 30 modules.
 
Students should note that during the course of their studies they would be required to have access
to a computer or laptop, printer and the internet.
",APS/AS:,,https://www.unisa.ac.za/sites/corporate/default/Apply-for-admission/Undergraduate-qualifications/Qualifications/All-qualifications/Bachelor-of-Arts-Afrikaans-and-Economics-(99311-–-AEC)
Bachelor of Arts Afrikaans and Geography (99311 - AGE),Afrikaans and Geography,360,,14352,,99311 - AGE,7,"
Rules:
This qualification consists of 30 modules.
 
Students should note that during the course of their studies they would be required to have access
to a computer or laptop, printer and the internet.
",APS/AS:,,https://www.unisa.ac.za/sites/corporate/default/Apply-for-admission/Undergraduate-qualifications/Qualifications/All-qualifications/Bachelor-of-Arts-Afrikaans-and-Geography-(99311-–-AGE)
Bachelor of Arts Afrikaans and History (99311 - AHI),Afrikaans and History,360,,14352,,99311 - AHI,7,"
Rules:
This qualification consists of 30 modules.
 
Students should note that during the course of their studies they would be required to have access
to a computer or laptop, printer and the internet.
",APS/AS:,,https://www.unisa.ac.za/sites/corporate/default/Apply-for-admission/Undergraduate-qualifications/Qualifications/All-qualifications/Bachelor-of-Arts-Afrikaans-and-History-(99311-–-AHI)
Bachelor of Arts Afrikaans and Private Law (99311 - AFL),Afrikaans and Private Law,360,,14352,,99311 - AFL,7,"
Rules:
This qualification consists of 30 modules.
 
Students should note that during the course of their studies they would be required to have access
to a computer or laptop, printer and the internet.
",APS/AS:,,https://www.unisa.ac.za/sites/corporate/default/Apply-for-admission/Undergraduate-qualifications/Qualifications/All-qualifications/Bachelor-of-Arts-Afrikaans-and-Private-Law-(99311-–-AFL)
Bachelor of Arts Anthropology and Communication Science (99311 - ANC),Anthropology and Communication Science,360,,14352,,99311 - ANC,7,"
Rules:
This qualification consists of 30 modules.
 
Students should note that during the course of their studies they would be required to have access
to a computer or laptop, printer and the internet.
",APS/AS:,,https://www.unisa.ac.za/sites/corporate/default/Apply-for-admission/Undergraduate-qualifications/Qualifications/All-qualifications/Bachelor-of-Arts-Anthropology-and-Communication-Science-(99311-–-ANC)
Bachelor of Arts Anthropology and Economics (99311 - ANE),Anthropology and Economics,360,,14352,,99311 - ANE,7,"
Rules:
This qualification consists of 30 modules.
 
Students should note that during the course of their studies they would be required to have access
to a computer or laptop, printer and the internet.
",APS/AS:,,https://www.unisa.ac.za/sites/corporate/default/Apply-for-admission/Undergraduate-qualifications/Qualifications/All-qualifications/Bachelor-of-Arts-Anthropology-and-Economics-(99311-–-ANE)
Bachelor of Arts Anthropology and Geography (99311 - ANG),Anthropology and Geography,360,,14352,,99311 - ANG,7,"
Rules:
This qualification consists of 30 modules.
 
Students should note that during the course of their studies they would be required to have access
to a computer or laptop, printer and the internet.
",APS/AS:,,https://www.unisa.ac.za/sites/corporate/default/Apply-for-admission/Undergraduate-qualifications/Qualifications/All-qualifications/Bachelor-of-Arts-Anthropology-and-Geography-(99311-–-ANG)
Bachelor of Arts Anthropology and History (99311 - ANH),Anthropology and History,360,,14352,,99311 - ANH,7,"
Rules:
This qualification consists of 30 modules.
 
Students should note that during the course of their studies they would be required to have access
to a computer or laptop, printer and the internet.
",APS/AS:,,https://www.unisa.ac.za/sites/corporate/default/Apply-for-admission/Undergraduate-qualifications/Qualifications/All-qualifications/Bachelor-of-Arts-Anthropology-and-History-(99311-–-ANH)
Bachelor of Arts Anthropology and Linguistics (99311 - ANL),Anthropology and Linguistics,360,,14352,,99311 - ANL,7,"
Rules:
This qualification consists of 30 modules.
 
Students should note that during the course of their studies they would be required to have access
to a computer or laptop, printer and the internet.
",APS/AS:,,https://www.unisa.ac.za/sites/corporate/default/Apply-for-admission/Undergraduate-qualifications/Qualifications/All-qualifications/Bachelor-of-Arts-Anthropology-and-Linguistics-(99311-–-ANL)
Bachelor of Arts Anthropology and Theology (99311 - ANT),Anthropology and Theology,360,,14352,,99311 - ANT,7,"
Rules:
This qualification consists of 30 modules.
 
Students should note that during the course of their studies they would be required to have access
to a computer or laptop, printer and the internet.
",APS/AS:,,https://www.unisa.ac.za/sites/corporate/default/Apply-for-admission/Undergraduate-qualifications/Qualifications/All-qualifications/Bachelor-of-Arts-Anthropology-and-Theology-(99311-–-ANT)
Bachelor of Arts Arabic and Mandarin Chinese (99311 - AMC),Arabic and Mandarin Chinese,360,,14352,,99311 - AMC,7,"
Rules:
This qualification consists of 30 modules.
 
Students should note that during the course of their studies they would be required to have access
to a computer or laptop, printer and the internet.
",APS/AS:,,https://www.unisa.ac.za/sites/corporate/default/Apply-for-admission/Undergraduate-qualifications/Qualifications/All-qualifications/Bachelor-of-Arts-Arabic-and-Mandarin-Chinese-(99311-–-AMC)
Bachelor of Arts Arabic and Theology (99311 - ATH),Arabic and Theology,360,,14352,,99311 - ATH,7,"
Rules:
This qualification consists of 30 modules.
 
Students should note that during the course of their studies they would be required to have access
to a computer or laptop, printer and the internet.
",APS/AS:,,https://www.unisa.ac.za/sites/corporate/default/Apply-for-admission/Undergraduate-qualifications/Qualifications/All-qualifications/Bachelor-of-Arts-Arabic-and-Theology-(99311-–-ATH)
Bachelor of Arts Archaeology and African Languages (99311 - AAL),Archaeology and African Languages,360,,14352,,99311 - AAL,7,"
Rules:
This qualification consists of 30 modules.
 
Students should note that during the course of their studies they would be required to have access
to a computer or laptop, printer and the internet.
",APS/AS:,,https://www.unisa.ac.za/sites/corporate/default/Apply-for-admission/Undergraduate-qualifications/Qualifications/All-qualifications/Bachelor-of-Arts-Archaeology-and-African-Languages-(99311-–-AAL)
Bachelor of Arts Archaeology and African Politics (99311 - AAP),Archaeology and African Politics,360,,14352,,99311 - AAP,7,"
Rules:
This qualification consists of 30 modules.
 
Students should note that during the course of their studies they would be required to have access
to a computer or laptop, printer and the internet.
",APS/AS:,,https://www.unisa.ac.za/sites/corporate/default/Apply-for-admission/Undergraduate-qualifications/Qualifications/All-qualifications/Bachelor-of-Arts-Archaeology-and-African-Politics-(99311-–-AAP)
Bachelor of Arts Archaeology and Anthropology (99311 - AAN),Archaeology and Anthropology,360,,14352,,99311 - AAN,7,"
Rules:
This qualification consists of 30 modules.
 
Students should note that during the course of their studies they would be required to have access
to a computer or laptop, printer and the internet.
",APS/AS:,,https://www.unisa.ac.za/sites/corporate/default/Apply-for-admission/Undergraduate-qualifications/Qualifications/All-qualifications/Bachelor-of-Arts-Archaeology-and-Anthropology-(99311-–-AAN)
Bachelor of Arts Archaeology and Archives and Records Management (99311 - AAR),Archaeology and Archives and Records Management,360,,14352,,99311 - AAR,7,"
Rules:
This qualification consists of 30 modules.
 
Students should note that during the course of their studies they would be required to have access
to a computer or laptop, printer and the internet.
",APS/AS:,,https://www.unisa.ac.za/sites/corporate/default/Apply-for-admission/Undergraduate-qualifications/Qualifications/All-qualifications/Bachelor-of-Arts-Archaeology-and-Archives-and-Records-Management-(99311-–-AAR)
Bachelor of Arts Archaeology and Art History (99311 - AAH),Archaeology and Art History,360,,14352,,99311 - AAH,7,"
Rules:
This qualification consists of 30 modules.
 
Students should note that during the course of their studies they would be required to have access
to a computer or laptop, printer and the internet.
",APS/AS:,,https://www.unisa.ac.za/sites/corporate/default/Apply-for-admission/Undergraduate-qualifications/Qualifications/All-qualifications/Bachelor-of-Arts-Archaeology-and-Art-History-(99311-–-AAH)
Bachelor of Arts Archaeology and Classical Culture (99311 - ACC),Archaeology and Classical Culture,360,,14352,,99311 - ACC,7,"
Rules:
This qualification consists of 30 modules.
 
Students should note that during the course of their studies they would be required to have access
to a computer or laptop, printer and the internet.
",APS/AS:,,https://www.unisa.ac.za/sites/corporate/default/Apply-for-admission/Undergraduate-qualifications/Qualifications/All-qualifications/Bachelor-of-Arts-Archaeology-and-Classical-Culture-(99311-–-ACC)
Bachelor of Arts Archaeology and Communication Science (99311 - ACS),Archaeology and Communication Science,360,,14352,,99311 - ACS,7,"
Rules:
This qualification consists of 30 modules.
 
Students should note that during the course of their studies they would be required to have access
to a computer or laptop, printer and the internet.
",APS/AS:,,https://www.unisa.ac.za/sites/corporate/default/Apply-for-admission/Undergraduate-qualifications/Qualifications/All-qualifications/Bachelor-of-Arts-Archaeology-and-Communication-Science-(99311-–-ACS)
Bachelor of Arts Archaeology and Criminology (99311 - ACR),Archaeology and Criminology,360,,14352,,99311 - ACR,7,"
Rules:
This qualification consists of 30 modules.
 
Students should note that during the course of their studies they would be required to have access
to a computer or laptop, printer and the internet.
",APS/AS:,,https://www.unisa.ac.za/sites/corporate/default/Apply-for-admission/Undergraduate-qualifications/Qualifications/All-qualifications/Bachelor-of-Arts-Archaeology-and-Criminology-(99311-–-ACR)
Bachelor of Arts Archaeology and Development Studies (99311 - ADS),Archaeology and Development Studies,360,,14352,,99311 - ADS,7,"
Rules:
This qualification consists of 30 modules.
 
Students should note that during the course of their studies they would be required to have access
to a computer or laptop, printer and the internet.
",APS/AS:,,https://www.unisa.ac.za/sites/corporate/default/Apply-for-admission/Undergraduate-qualifications/Qualifications/All-qualifications/Bachelor-of-Arts-Archaeology-and-Development-Studies-(99311-–-ADS)
Bachelor of Arts Archaeology and Economics (99311 - ARE),Archaeology and Economics,360,,14352,,99311 - ARE,7,"
Rules:
This qualification consists of 30 modules.
 
Students should note that during the course of their studies they would be required to have access
to a computer or laptop, printer and the internet.
",APS/AS:,,https://www.unisa.ac.za/sites/corporate/default/Apply-for-admission/Undergraduate-qualifications/Qualifications/All-qualifications/Bachelor-of-Arts-Archaeology-and-Economics-(99311-–-ARE)
Bachelor of Arts Archaeology and French (99311 - AFR),Archaeology and French,360,,14352,,99311 - AFR,7,"
Rules:
This qualification consists of 30 modules.
 
Students should note that during the course of their studies they would be required to have access
to a computer or laptop, printer and the internet.
",APS/AS:,,https://www.unisa.ac.za/sites/corporate/default/Apply-for-admission/Undergraduate-qualifications/Qualifications/All-qualifications/Bachelor-of-Arts-Archaeology-and-French-(99311-–-AFR)
Bachelor of Arts Archaeology and Geography (99311 - ARG),Archaeology and Geography,360,,14352,,99311 - ARG,7,"
Rules:
This qualification consists of 30 modules.
 
Students should note that during the course of their studies they would be required to have access
to a computer or laptop, printer and the internet.
",APS/AS:,,https://www.unisa.ac.za/sites/corporate/default/Apply-for-admission/Undergraduate-qualifications/Qualifications/All-qualifications/Bachelor-of-Arts-Archaeology-and-Geography-(99311-–-ARG)
Bachelor of Arts Archaeology and History (99311 - ARH),Archaeology and History,360,,14352,,99311 - ARH,7,"
Rules:
This qualification consists of 30 modules.
 
Students should note that during the course of their studies they would be required to have access
to a computer or laptop, printer and the internet.
",APS/AS:,,https://www.unisa.ac.za/sites/corporate/default/Apply-for-admission/Undergraduate-qualifications/Qualifications/All-qualifications/Bachelor-of-Arts-Archaeology-and-History-(99311-–-ARH)
Bachelor of Arts Archaeology and Industrial and Organisational Psychology (99311 - AIO),Archaeology and Industrial and Organisational Psychology,360,,14352,,99311 - AIO,7,"
Rules:
This qualification consists of 30 modules.
 
Students should note that during the course of their studies they would be required to have access
to a computer or laptop, printer and the internet.
",APS/AS:,,https://www.unisa.ac.za/sites/corporate/default/Apply-for-admission/Undergraduate-qualifications/Qualifications/All-qualifications/Bachelor-of-Arts-Archaeology-and-Industrial-and-Organisational-Psychology-(99311-–-AIO)
Bachelor of Arts Archaeology and Information Science (99311 - AIS),Archaeology and Information Science,360,,14352,,99311 - AIS,7,"
Rules:
This qualification consists of 30 modules.
 
Students should note that during the course of their studies they would be required to have access
to a computer or laptop, printer and the internet.
",APS/AS:,,https://www.unisa.ac.za/sites/corporate/default/Apply-for-admission/Undergraduate-qualifications/Qualifications/All-qualifications/Bachelor-of-Arts-Archaeology-and-Information-Science-(99311-–-AIS)
Bachelor of Arts Archaeology and Linguistics (99311 - ALI),Archaeology and Linguistics,360,,14352,,99311 - ALI,7,"
Rules:
This qualification consists of 30 modules.
 
Students should note that during the course of their studies they would be required to have access
to a computer or laptop, printer and the internet.
",APS/AS:,,https://www.unisa.ac.za/sites/corporate/default/Apply-for-admission/Undergraduate-qualifications/Qualifications/All-qualifications/Bachelor-of-Arts-Archaeology-and-Linguistics-(99311-–-ALI)
Bachelor of Arts Archaeology and Mandarin Chinese (99311 - ACH),Archaeology and Mandarin Chinese,360,,14352,,99311 - ACH,7,"
Rules:
This qualification consists of 30 modules.
 
Students should note that during the course of their studies they would be required to have access
to a computer or laptop, printer and the internet.
",APS/AS:,,https://www.unisa.ac.za/sites/corporate/default/Apply-for-admission/Undergraduate-qualifications/Qualifications/All-qualifications/Bachelor-of-Arts-Archaeology-and-Mandarin-Chinese-(99311-–-ACH)
Bachelor of Arts Archaeology and Philosophy (99311 - APH),Archaeology and Philosophy,360,,14352,,99311 - APH,7,"
Rules:
This qualification consists of 30 modules.
 
Students should note that during the course of their studies they would be required to have access
to a computer or laptop, printer and the internet.
",APS/AS:,,https://www.unisa.ac.za/sites/corporate/default/Apply-for-admission/Undergraduate-qualifications/Qualifications/All-qualifications/Bachelor-of-Arts-Archaeology-and-Philosophy-(99311-–-APH)
Bachelor of Arts Archaeology and Politics (99311 - ARP),Archaeology and Politics,360,,14352,,99311 - ARP,7,"
Rules:
This qualification consists of 30 modules.
 
Students should note that during the course of their studies they would be required to have access
to a computer or laptop, printer and the internet.
",APS/AS:,,https://www.unisa.ac.za/sites/corporate/default/Apply-for-admission/Undergraduate-qualifications/Qualifications/All-qualifications/Bachelor-of-Arts-Archaeology-and-Politics-(99311-–-ARP)
Bachelor of Arts Archaeology and Scripture (99311 - ASC),Archaeology and Scripture,360,,14352,,99311 - ASC,7,"
Rules:
This qualification consists of 30 modules.
 
Students should note that during the course of their studies they would be required to have access
to a computer or laptop, printer and the internet.
",APS/AS:,,https://www.unisa.ac.za/sites/corporate/default/Apply-for-admission/Undergraduate-qualifications/Qualifications/All-qualifications/Bachelor-of-Arts-Archaeology-and-Scripture-(99311-–-ASC)
Bachelor of Arts Archaeology and Sociology (99311 - ASO),Archaeology and Sociology,360,,14352,,99311 - ASO,7,"
Rules:
This qualification consists of 30 modules.
 
Students should note that during the course of their studies they would be required to have access
to a computer or laptop, printer and the internet.
",APS/AS:,,https://www.unisa.ac.za/sites/corporate/default/Apply-for-admission/Undergraduate-qualifications/Qualifications/All-qualifications/Bachelor-of-Arts-Archaeology-and-Sociology-(99311-–-ASO)
Bachelor of Arts Archives and Records Management and Communication Science (99311 - AMS),Archives and Records Management and Communication Science,360,,14352,,99311 - AMS,7,"
Rules:
This qualification consists of 30 modules.
 
Students should note that during the course of their studies they would be required to have access
to a computer or laptop, printer and the internet.
",APS/AS:,,https://www.unisa.ac.za/sites/corporate/default/Apply-for-admission/Undergraduate-qualifications/Qualifications/All-qualifications/Bachelor-of-Arts-Archives-and-Records-Management-and-Communication-Science-(99311-–-AMS)
Bachelor of Arts Archives and Records Management and Criminology (99311 - ARC),Archives and Records Management and Criminology,360,,14352,,99311 - ARC,7,"
Rules:
This qualification consists of 30 modules.
 
Students should note that during the course of their studies they would be required to have access
to a computer or laptop, printer and the internet.
",APS/AS:,,https://www.unisa.ac.za/sites/corporate/default/Apply-for-admission/Undergraduate-qualifications/Qualifications/All-qualifications/Bachelor-of-Arts-Archives-and-Records-Management-and-Criminology-(99311-–-ARC)
Bachelor of Arts Archives and Records Management and Economics (99311 - AME),Archives and Records Management and Economics,360,,14352,,99311 - AME,7,"
Rules:
This qualification consists of 30 modules.
 
Students should note that during the course of their studies they would be required to have access
to a computer or laptop, printer and the internet.
",APS/AS:,,https://www.unisa.ac.za/sites/corporate/default/Apply-for-admission/Undergraduate-qualifications/Qualifications/All-qualifications/Bachelor-of-Arts-Archives-and-Records-Management-and-Economics-(99311-–-AME)
Bachelor of Arts Archives and Records Management and History (99311 - AMH),Archives and Records Management and History,360,,14352,,99311 - AMH,7,"
Rules:
This qualification consists of 30 modules.
 
Students should note that during the course of their studies they would be required to have access
to a computer or laptop, printer and the internet.
",APS/AS:,,https://www.unisa.ac.za/sites/corporate/default/Apply-for-admission/Undergraduate-qualifications/Qualifications/All-qualifications/Bachelor-of-Arts-Archives-and-Records-Management-and-History-(99311-–-AMH)
Bachelor of Arts Archives and Records Management and Industrial and Organisational Psychology (99311 - AIP),Archives and Records Management and Industrial and Organisational Psychology,360,,14352,,99311 - AIP,7,"
Rules:
This qualification consists of 30 modules.
 
Students should note that during the course of their studies they would be required to have access
to a computer or laptop, printer and the internet.
",APS/AS:,,https://www.unisa.ac.za/sites/corporate/default/Apply-for-admission/Undergraduate-qualifications/Qualifications/All-qualifications/Bachelor-of-Arts-Archives-and-Records-Management-and-Industrial-and-Organisational-Psychology-(99311-–-AIP)
Bachelor of Arts Archives and Records Management and Information Science (99311 - AMI),Archives and Records Management and Information Science,360,,14352,,99311 - AMI,7,"
Rules:
This qualification consists of 30 modules.
 
Students should note that during the course of their studies they would be required to have access
to a computer or laptop, printer and the internet.
",APS/AS:,,https://www.unisa.ac.za/sites/corporate/default/Apply-for-admission/Undergraduate-qualifications/Qualifications/All-qualifications/Bachelor-of-Arts-Archives-and-Records-Management-and-Information-Science-(99311-–-AMI)
Bachelor of Arts Archives and Records Management and Public Administration (99311 - AMP),Archives and Records Management and Public Administration,360,,14352,,99311 - AMP,7,"
Rules:
This qualification consists of 30 modules.
 
Students should note that during the course of their studies they would be required to have access
to a computer or laptop, printer and the internet.
",APS/AS:,,https://www.unisa.ac.za/sites/corporate/default/Apply-for-admission/Undergraduate-qualifications/Qualifications/All-qualifications/Bachelor-of-Arts-Archives-and-Records-Management-and-Public-Administration-(99311-–-AMP)
Bachelor of Arts Art History and Classical Culture (99311 - AHC),Art History and Classical Culture,360,,14352,,99311 - AHC,7,"
Rules:
This qualification consists of 30 modules.
 
Students should note that during the course of their studies they would be required to have access
to a computer or laptop, printer and the internet.
",APS/AS:,,https://www.unisa.ac.za/sites/corporate/default/Apply-for-admission/Undergraduate-qualifications/Qualifications/All-qualifications/Bachelor-of-Arts-Art-History-and-Classical-Culture-(99311-–-AHC)
Bachelor of Arts Art History and Economics (99311 - AHE),Art History and Economics,360,,14352,,99311 - AHE,7,"
Rules:
This qualification consists of 30 modules.
 
Students should note that during the course of their studies they would be required to have access
to a computer or laptop, printer and the internet.
",APS/AS:,,https://www.unisa.ac.za/sites/corporate/default/Apply-for-admission/Undergraduate-qualifications/Qualifications/All-qualifications/Bachelor-of-Arts-Art-History-and-Economics-(99311-–-AHE)
Bachelor of Arts Communication Science and Criminology (99311 - CSC),Communication Science and Criminology,360,,14352,,99311 - CSC,7,"
Rules:
This qualification consists of 30 modules.
 
Students should note that during the course of their studies they would be required to have access
to a computer or laptop, printer and the internet.
",APS/AS:,,https://www.unisa.ac.za/sites/corporate/default/Apply-for-admission/Undergraduate-qualifications/Qualifications/All-qualifications/Bachelor-of-Arts-Communication-Science-and-Criminology-(99311-–-CSC)
Bachelor of Arts Communication Science and Economics (99311 - CSE),Communication Science and Economics,360,,14352,,99311 - CSE,7,"
Rules:
This qualification consists of 30 modules.
 
Students should note that during the course of their studies they would be required to have access
to a computer or laptop, printer and the internet.
",APS/AS:,,https://www.unisa.ac.za/sites/corporate/default/Apply-for-admission/Undergraduate-qualifications/Qualifications/All-qualifications/Bachelor-of-Arts-Communication-Science-and-Economics-(99311-–-CSE)
Bachelor of Arts Communication Science and Geography (99311 - CSG),Communication Science and Geography,360,,14352,,99311 - CSG,7,"
Rules:
This qualification consists of 30 modules.
 
Students should note that during the course of their studies they would be required to have access
to a computer or laptop, printer and the internet.
",APS/AS:,,https://www.unisa.ac.za/sites/corporate/default/Apply-for-admission/Undergraduate-qualifications/Qualifications/All-qualifications/Bachelor-of-Arts-Communication-Science-and-Geography-(99311-–-CSG)
Bachelor of Arts Communication Science and Industrial and Organisational Psychology (99311 - CIO),Communication Science and Industrial and Organisational Psychology,360,,14352,,99311 - CIO,7,"
Rules:
This qualification consists of 30 modules.
 
Students should note that during the course of their studies they would be required to have access
to a computer or laptop, printer and the internet.
",APS/AS:,,https://www.unisa.ac.za/sites/corporate/default/Apply-for-admission/Undergraduate-qualifications/Qualifications/All-qualifications/Bachelor-of-Arts-Communication-Science-and-Industrial-and-Organisational-Psychology-(99311-–-CIO)
Bachelor of Arts Communication Science and International Politics (99311 - CIP),Communication Science and International Politics,360,,14352,,99311 - CIP,7,"
Rules:
This qualification consists of 30 modules.
 
Students should note that during the course of their studies they would be required to have access
to a computer or laptop, printer and the internet.
",APS/AS:,,https://www.unisa.ac.za/sites/corporate/default/Apply-for-admission/Undergraduate-qualifications/Qualifications/All-qualifications/Bachelor-of-Arts-Communication-Science-and-International-Politics-(99311-–-CIP)
Bachelor of Arts Communication Science and Mandarin Chinese (99311 - CMC),Communication Science and Mandarin Chinese,360,,14352,,99311 - CMC,7,"
Rules:
This qualification consists of 30 modules.
 
Students should note that during the course of their studies they would be required to have access
to a computer or laptop, printer and the internet.
",APS/AS:,,https://www.unisa.ac.za/sites/corporate/default/Apply-for-admission/Undergraduate-qualifications/Qualifications/All-qualifications/Bachelor-of-Arts-Communication-Science-and-Mandarin-Chinese-(99311-–-CMC)
Bachelor of Arts Communication Science and Ministry (99311 - CSM),Communication Science and Ministry,360,,14352,,99311 - CSM,7,"
Rules:
This qualification consists of 30 modules.
 
Students should note that during the course of their studies they would be required to have access
to a computer or laptop, printer and the internet.
",APS/AS:,,https://www.unisa.ac.za/sites/corporate/default/Apply-for-admission/Undergraduate-qualifications/Qualifications/All-qualifications/Bachelor-of-Arts-Communication-Science-and-Ministry-(99311-–-CSM)
Bachelor of Arts Communication Science and Music in History and Society (99311 - CMH),Communication Science and Music in History and Society,360,,14352,,99311 - CMH,7,"
Rules:
This qualification consists of 30 modules.
 
Students should note that during the course of their studies they would be required to have access
to a computer or laptop, printer and the internet.
",APS/AS:,,https://www.unisa.ac.za/sites/corporate/default/Apply-for-admission/Undergraduate-qualifications/Qualifications/All-qualifications/Bachelor-of-Arts-Communication-Science-and-Music-in-History-and-Society-(99311-–-CMH)
Bachelor of Arts Communication Science and Public Administration (99311 - CPA),Communication Science and Public Administration,360,,14352,,99311 - CPA,7,"
Rules:
This qualification consists of 30 modules.
 
Students should note that during the course of their studies they would be required to have access
to a computer or laptop, printer and the internet.
",APS/AS:,,https://www.unisa.ac.za/sites/corporate/default/Apply-for-admission/Undergraduate-qualifications/Qualifications/All-qualifications/Bachelor-of-Arts-Communication-Science-and-Public-Administration-(99311-–-CPA)
Bachelor of Arts Communication Science and Theology (99311 - CST),Communication Science and Theology,360,,14352,,99311 - CST,7,"
Rules:
This qualification consists of 30 modules.
 
Students should note that during the course of their studies they would be required to have access
to a computer or laptop, printer and the internet.
",APS/AS:,,https://www.unisa.ac.za/sites/corporate/default/Apply-for-admission/Undergraduate-qualifications/Qualifications/All-qualifications/Bachelor-of-Arts-Communication-Science-and-Theology-(99311-–-CST)
Bachelor of Arts Communication Science and Theory of Literature (99311 - CTL),Communication Science and Theory of Literature,360,,14352,,99311 - CTL,7,"
Rules:
This qualification consists of 30 modules.
 
Students should note that during the course of their studies they would be required to have access
to a computer or laptop, printer and the internet.
",APS/AS:,,https://www.unisa.ac.za/sites/corporate/default/Apply-for-admission/Undergraduate-qualifications/Qualifications/All-qualifications/Bachelor-of-Arts-Communication-Science-and-Theory-of-Literature-(99311-–-CTL)
Bachelor of Arts Development Studies and Archives and Records Management (99311 - DAR),Development Studies and Archives and Records Management,360,,14352,,99311 - DAR,7,"
Rules:
This qualification consists of 30 modules.
 
Students should note that during the course of their studies they would be required to have access
to a computer or laptop, printer and the internet.
",APS/AS:,,https://www.unisa.ac.za/sites/corporate/default/Apply-for-admission/Undergraduate-qualifications/Qualifications/All-qualifications/Bachelor-of-Arts-Development-Studies-and-Archives-and-Records-Management-(99311-–-DAR)
Bachelor of Arts Development Studies and Communication Science (99311 - DCS),Development Studies and Communication Science,360,,14352,,99311 - DCS,7,"
Rules:
This qualification consists of 30 modules.
 
Students should note that during the course of their studies they would be required to have access
to a computer or laptop, printer and the internet.
",APS/AS:,,https://www.unisa.ac.za/sites/corporate/default/Apply-for-admission/Undergraduate-qualifications/Qualifications/All-qualifications/Bachelor-of-Arts-Development-Studies-and-Communication-Science-(99311-–-DCS)
Bachelor of Arts Development Studies and English Studies (99311 - DES),Development Studies and English Studies,360,,14352,,99311 - DES,7,"
Rules:
This qualification consists of 30 modules.
 
Students should note that during the course of their studies they would be required to have access
to a computer or laptop, printer and the internet.
",APS/AS:,,https://www.unisa.ac.za/sites/corporate/default/Apply-for-admission/Undergraduate-qualifications/Qualifications/All-qualifications/Bachelor-of-Arts-Development-Studies-and-English-Studies-(99311-–-DES)
Bachelor of Arts Development Studies and Geography (99311 - DSG),Development Studies and Geography,360,,14352,,99311 - DSG,7,"
Rules:
This qualification consists of 30 modules.
 
Students should note that during the course of their studies they would be required to have access
to a computer or laptop, printer and the internet.
",APS/AS:,,https://www.unisa.ac.za/sites/corporate/default/Apply-for-admission/Undergraduate-qualifications/Qualifications/All-qualifications/Bachelor-of-Arts-Development-Studies-and-Geography-(99311-–-DSG)
Bachelor of Arts Development Studies and History (99311 - DSH),Development Studies and History,360,,14352,,99311 - DSH,7,"
Rules:
This qualification consists of 30 modules.
 
Students should note that during the course of their studies they would be required to have access
to a computer or laptop, printer and the internet.
",APS/AS:,,https://www.unisa.ac.za/sites/corporate/default/Apply-for-admission/Undergraduate-qualifications/Qualifications/All-qualifications/Bachelor-of-Arts-Development-Studies-and-History-(99311-–-DSH)
Bachelor of Arts Development Studies and Industrial and Organisational Psychology (99311 - DIO),Development Studies and Industrial and Organisational Psychology,360,,14352,,99311 - DIO,7,"
Rules:
This qualification consists of 30 modules.
 
Students should note that during the course of their studies they would be required to have access
to a computer or laptop, printer and the internet.
",APS/AS:,,https://www.unisa.ac.za/sites/corporate/default/Apply-for-admission/Undergraduate-qualifications/Qualifications/All-qualifications/Bachelor-of-Arts-Development-Studies-and-Industrial-and-Organisational-Psychology-(99311-–-DIO)
Bachelor of Arts Development Studies and Ministry (99311 - DSM),Development Studies and Ministry,360,,14352,,99311 - DSM,7,"
Rules:
This qualification consists of 30 modules.
 
Students should note that during the course of their studies they would be required to have access
to a computer or laptop, printer and the internet.
",APS/AS:,,https://www.unisa.ac.za/sites/corporate/default/Apply-for-admission/Undergraduate-qualifications/Qualifications/All-qualifications/Bachelor-of-Arts-Development-Studies-and-Ministry-(99311-–-DSM)
Bachelor of Arts Development Studies and Philosophy (99311 - DPH),Development Studies and Philosophy,360,,14352,,99311 - DPH,7,"
Rules:
This qualification consists of 30 modules.
 
Students should note that during the course of their studies they would be required to have access
to a computer or laptop, printer and the internet.
",APS/AS:,,https://www.unisa.ac.za/sites/corporate/default/Apply-for-admission/Undergraduate-qualifications/Qualifications/All-qualifications/Bachelor-of-Arts-Development-Studies-and-Philosophy-(99311-–-DPH)
Bachelor of Arts Development Studies and Public Administration (99311 - DPA),Development Studies and Public Administration,360,,14352,,99311 - DPA,7,"
Rules:
This qualification consists of 30 modules.
 
Students should note that during the course of their studies they would be required to have access
to a computer or laptop, printer and the internet.
",APS/AS:,,https://www.unisa.ac.za/sites/corporate/default/Apply-for-admission/Undergraduate-qualifications/Qualifications/All-qualifications/Bachelor-of-Arts-Development-Studies-and-Public-Administration-(99311-–-DPA)
Bachelor of Arts Development Studies and Scripture (99311 - DSC),Development Studies and Scripture,360,,14352,,99311 - DSC,7,"
Rules:
This qualification consists of 30 modules.
 
Students should note that during the course of their studies they would be required to have access
to a computer or laptop, printer and the internet.
",APS/AS:,,https://www.unisa.ac.za/sites/corporate/default/Apply-for-admission/Undergraduate-qualifications/Qualifications/All-qualifications/Bachelor-of-Arts-Development-Studies-and-Scripture-(99311-–-DSC)
Bachelor of Arts Development Studies and Sociology (99311 - DSS),Development Studies and Sociology,360,,14352,,99311 - DSS,7,"
Rules:
This qualification consists of 30 modules.
 
Students should note that during the course of their studies they would be required to have access
to a computer or laptop, printer and the internet.
",APS/AS:,,https://www.unisa.ac.za/sites/corporate/default/Apply-for-admission/Undergraduate-qualifications/Qualifications/All-qualifications/Bachelor-of-Arts-Development-Studies-and-Sociology-(99311-–-DSS)
Bachelor of Arts Development Studies and Theology (99311 - DST),Development Studies and Theology,360,,14352,,99311 - DST,7,"
Rules:
This qualification consists of 30 modules.
 
Students should note that during the course of their studies they would be required to have access
to a computer or laptop, printer and the internet.
",APS/AS:,,https://www.unisa.ac.za/sites/corporate/default/Apply-for-admission/Undergraduate-qualifications/Qualifications/All-qualifications/Bachelor-of-Arts-Development-Studies-and-Theology-(99311-–-DST)
Bachelor of Arts English Studies and African Languages (99311 - EAL),English Studies and African Languages,360,,14352,,99311 - EAL,7,"
Rules:
This qualification consists of 30 modules.
 
Students should note that during the course of their studies they would be required to have access
to a computer or laptop, printer and the internet.
",APS/AS:,,https://www.unisa.ac.za/sites/corporate/default/Apply-for-admission/Undergraduate-qualifications/Qualifications/All-qualifications/Bachelor-of-Arts-English-Studies-and-African-Languages-(99311-–-EAL)
Bachelor of Arts English Studies and Afrikaans (99311 - ESA),English Studies and Afrikaans,360,,14352,,99311 - ESA,7,"
Rules:
This qualification consists of 30 modules.
 
Students should note that during the course of their studies they would be required to have access
to a computer or laptop, printer and the internet.
",APS/AS:,,https://www.unisa.ac.za/sites/corporate/default/Apply-for-admission/Undergraduate-qualifications/Qualifications/All-qualifications/Bachelor-of-Arts-English-Studies-and-Afrikaans-(99311-–-ESA)
Bachelor of Arts English Studies and Archives and Records Management (99311 - EAR),English Studies and Archives and Records Management,360,,14352,,99311 - EAR,7,"
Rules:
This qualification consists of 30 modules.
 
Students should note that during the course of their studies they would be required to have access
to a computer or laptop, printer and the internet.
",APS/AS:,,https://www.unisa.ac.za/sites/corporate/default/Apply-for-admission/Undergraduate-qualifications/Qualifications/All-qualifications/Bachelor-of-Arts-English-Studies-and-Archives-and-Records-Management-(99311-–-EAR)
Bachelor of Arts English Studies and Classical Culture (99311 - ECC),English Studies and Classical Culture,360,,14352,,99311 - ECC,7,"
Rules:
This qualification consists of 30 modules.
 
Students should note that during the course of their studies they would be required to have access
to a computer or laptop, printer and the internet.
",APS/AS:,,https://www.unisa.ac.za/sites/corporate/default/Apply-for-admission/Undergraduate-qualifications/Qualifications/All-qualifications/Bachelor-of-Arts-English-Studies-and-Classical-Culture-(99311-–-ECC)
Bachelor of Arts English Studies and Communication Science (99311 - ECS),English Studies and Communication Science,360,,14352,,99311 - ECS,7,"
Rules:
This qualification consists of 30 modules.
 
Students should note that during the course of their studies they would be required to have access
to a computer or laptop, printer and the internet.
",APS/AS:,,https://www.unisa.ac.za/sites/corporate/default/Apply-for-admission/Undergraduate-qualifications/Qualifications/All-qualifications/Bachelor-of-Arts-English-Studies-and-Communication-Science-(99311-–-ECS)
Bachelor of Arts English Studies and Criminology (99311 - ECR),English Studies and Criminology,360,,14352,,99311 - ECR,7,"
Rules:
This qualification consists of 30 modules.
 
Students should note that during the course of their studies they would be required to have access
to a computer or laptop, printer and the internet.
",APS/AS:,,https://www.unisa.ac.za/sites/corporate/default/Apply-for-admission/Undergraduate-qualifications/Qualifications/All-qualifications/Bachelor-of-Arts-English-Studies-and-Criminology-(99311-–-ECR)
Bachelor of Arts English Studies and Economics (99311 - ESE),English Studies and Economics,360,,14352,,99311 - ESE,7,"
Rules:
This qualification consists of 30 modules.
 
Students should note that during the course of their studies they would be required to have access
to a computer or laptop, printer and the internet.
",APS/AS:,,https://www.unisa.ac.za/sites/corporate/default/Apply-for-admission/Undergraduate-qualifications/Qualifications/All-qualifications/Bachelor-of-Arts-English-Studies-and-Economics-(99311-–-ESE)
Bachelor of Arts English Studies and Geography (99311 - ESG),English Studies and Geography,360,,14352,,99311 - ESG,7,"
Rules:
This qualification consists of 30 modules.
 
Students should note that during the course of their studies they would be required to have access
to a computer or laptop, printer and the internet.
",APS/AS:,,https://www.unisa.ac.za/sites/corporate/default/Apply-for-admission/Undergraduate-qualifications/Qualifications/All-qualifications/Bachelor-of-Arts-English-Studies-and-Geography-(99311-–-ESG)
Bachelor of Arts English Studies and History (99311 - ESH),English Studies and History,360,,14352,,99311 - ESH,7,"
Rules:
This qualification consists of 30 modules.
 
Students should note that during the course of their studies they would be required to have access
to a computer or laptop, printer and the internet.
",APS/AS:,,https://www.unisa.ac.za/sites/corporate/default/Apply-for-admission/Undergraduate-qualifications/Qualifications/All-qualifications/Bachelor-of-Arts-English-Studies-and-History-(99311-–-ESH)
Bachelor of Arts English Studies and Industrial and Organisational Psychology (99311 - EIO),English Studies and Industrial and Organisational Psychology,360,,14352,,99311 - EIO,7,"
Rules:
This qualification consists of 30 modules.
 
Students should note that during the course of their studies they would be required to have access
to a computer or laptop, printer and the internet.
",APS/AS:,,https://www.unisa.ac.za/sites/corporate/default/Apply-for-admission/Undergraduate-qualifications/Qualifications/All-qualifications/Bachelor-of-Arts-English-Studies-and-Industrial-and-Organisational-Psychology-(99311-–-EIO)
Bachelor of Arts English Studies and Information Science (99311 - EIS),English Studies and Information Science,360,,14352,,99311 - EIS,7,"
Rules:
This qualification consists of 30 modules.
 
Students should note that during the course of their studies they would be required to have access
to a computer or laptop, printer and the internet.
",APS/AS:,,https://www.unisa.ac.za/sites/corporate/default/Apply-for-admission/Undergraduate-qualifications/Qualifications/All-qualifications/Bachelor-of-Arts-English-Studies-and-Information-Science-(99311-–-EIS)
Bachelor of Arts English Studies and International Politics (99311 - EIP),English Studies and International Politics,360,,14352,,99311 - EIP,7,"
Rules:
This qualification consists of 30 modules.
 
Students should note that during the course of their studies they would be required to have access
to a computer or laptop, printer and the internet.
",APS/AS:,,https://www.unisa.ac.za/sites/corporate/default/Apply-for-admission/Undergraduate-qualifications/Qualifications/All-qualifications/Bachelor-of-Arts-English-Studies-and-International-Politics-(99311-–-EIP)
Bachelor of Arts English Studies and Linguistics (99311 - ESL),English Studies and Linguistics,360,,14352,,99311 - ESL,7,"
Rules:
This qualification consists of 30 modules.
 
Students should note that during the course of their studies they would be required to have access
to a computer or laptop, printer and the internet.
",APS/AS:,,https://www.unisa.ac.za/sites/corporate/default/Apply-for-admission/Undergraduate-qualifications/Qualifications/All-qualifications/Bachelor-of-Arts-English-Studies-and-Linguistics-(99311-–-ESL)
Bachelor of Arts English Studies and Politics (99311 - ESP),English Studies and Politics,360,,14352,,99311 - ESP,7,"
Rules:
This qualification consists of 30 modules.
 
Students should note that during the course of their studies they would be required to have access
to a computer or laptop, printer and the internet.
",APS/AS:,,https://www.unisa.ac.za/sites/corporate/default/Apply-for-admission/Undergraduate-qualifications/Qualifications/All-qualifications/Bachelor-of-Arts-English-Studies-and-Politics-(99311-–-ESP)
Bachelor of Arts English Studies and Private Law (99311 - EPL),English Studies and Private Law,360,,14352,,99311 - EPL,7,"
Rules:
This qualification consists of 30 modules.
 
Students should note that during the course of their studies they would be required to have access
to a computer or laptop, printer and the internet.
",APS/AS:,,https://www.unisa.ac.za/sites/corporate/default/Apply-for-admission/Undergraduate-qualifications/Qualifications/All-qualifications/Bachelor-of-Arts-English-Studies-and-Private-Law-(99311-–-EPL)
Bachelor of Arts English Studies and Public Administration (99311 - EPA),English Studies and Public Administration,360,,14352,,99311 - EPA,7,"
Rules:
This qualification consists of 30 modules.
 
Students should note that during the course of their studies they would be required to have access
to a computer or laptop, printer and the internet.
",APS/AS:,,https://www.unisa.ac.za/sites/corporate/default/Apply-for-admission/Undergraduate-qualifications/Qualifications/All-qualifications/Bachelor-of-Arts-English-Studies-and-Public-Administration-(99311-–-EPA)
Bachelor of Arts English Studies and Scripture (99311 - ESS),English Studies and Scripture,360,,14352,,99311 - ESS,7,"
Rules:
This qualification consists of 30 modules.
 
Students should note that during the course of their studies they would be required to have access
to a computer or laptop, printer and the internet.
",APS/AS:,,https://www.unisa.ac.za/sites/corporate/default/Apply-for-admission/Undergraduate-qualifications/Qualifications/All-qualifications/Bachelor-of-Arts-English-Studies-and-Scripture-(99311-–-ESS)
Bachelor of Arts English Studies and Sociology (99311 - ESO),English Studies and Sociology,360,,14352,,99311 - ESO,7,"
Rules:
This qualification consists of 30 modules.
 
Students should note that during the course of their studies they would be required to have access
to a computer or laptop, printer and the internet.
",APS/AS:,,https://www.unisa.ac.za/sites/corporate/default/Apply-for-admission/Undergraduate-qualifications/Qualifications/All-qualifications/Bachelor-of-Arts-English-Studies-and-Sociology-(99311-–-ESO)
Bachelor of Arts English Studies and Theory of Literature (99311 - ETL),English Studies and Theory of Literature,360,,14352,,99311 - ETL,7,"
Rules:
This qualification consists of 30 modules.
 
Students should note that during the course of their studies they would be required to have access
to a computer or laptop, printer and the internet.
",APS/AS:,,https://www.unisa.ac.za/sites/corporate/default/Apply-for-admission/Undergraduate-qualifications/Qualifications/All-qualifications/Bachelor-of-Arts-English-Studies-and-Theory-of-Literature-(99311-–-ETL)
Bachelor of Arts History and Criminology (99311 - HCR),History and Criminology,360,,14352,,99311 - HCR,7,"
Rules:
This qualification consists of 30 modules.
 
Students should note that during the course of their studies they would be required to have access
to a computer or laptop, printer and the internet.
",APS/AS:,,https://www.unisa.ac.za/sites/corporate/default/Apply-for-admission/Undergraduate-qualifications/Qualifications/All-qualifications/Bachelor-of-Arts-History-and-Criminology-(99311-–-HCR)
Bachelor of Arts History and Geography (99311 - HGE),History and Geography,360,,14352,,99311 - HGE,7,"
Rules:
This qualification consists of 30 modules.
 
Students should note that during the course of their studies they would be required to have access
to a computer or laptop, printer and the internet.
",APS/AS:,,https://www.unisa.ac.za/sites/corporate/default/Apply-for-admission/Undergraduate-qualifications/Qualifications/All-qualifications/Bachelor-of-Arts-History-and-Geography-(99311-–-HGE)
Bachelor of Arts History and Industrial and Organisational Psychology (99311 - HIO),History and Industrial and Organisational Psychology,360,,14352,,99311 - HIO,7,"
Rules:
This qualification consists of 30 modules.
 
Students should note that during the course of their studies they would be required to have access
to a computer or laptop, printer and the internet.
",APS/AS:,,https://www.unisa.ac.za/sites/corporate/default/Apply-for-admission/Undergraduate-qualifications/Qualifications/All-qualifications/Bachelor-of-Arts-History-and-Industrial-and-Organisational-Psychology-(99311-–-HIO)
Bachelor of Arts History and Information Science (99311 - HIS),History and Information Science,360,,14352,,99311 - HIS,7,"
Rules:
This qualification consists of 30 modules.
 
Students should note that during the course of their studies they would be required to have access
to a computer or laptop, printer and the internet.
",APS/AS:,,https://www.unisa.ac.za/sites/corporate/default/Apply-for-admission/Undergraduate-qualifications/Qualifications/All-qualifications/Bachelor-of-Arts-History-and-Information-Science-(99311-–-HIS)
Bachelor of Arts History and Private Law (99311 - HPL),History and Private Law,360,,14352,,99311 - HPL,7,"
Rules:
This qualification consists of 30 modules.
 
Students should note that during the course of their studies they would be required to have access
to a computer or laptop, printer and the internet.
",APS/AS:,,https://www.unisa.ac.za/sites/corporate/default/Apply-for-admission/Undergraduate-qualifications/Qualifications/All-qualifications/Bachelor-of-Arts-History-and-Private-Law-(99311-–-HPL)
Bachelor of Arts History and Theology (99311 - HTH),History and Theology,360,,14352,,99311 - HTH,7,"
Rules:
This qualification consists of 30 modules.
 
Students should note that during the course of their studies they would be required to have access
to a computer or laptop, printer and the internet.
",APS/AS:,,https://www.unisa.ac.za/sites/corporate/default/Apply-for-admission/Undergraduate-qualifications/Qualifications/All-qualifications/Bachelor-of-Arts-History-and-Theology-(99311-–-HTH)
Bachelor of Arts Information Science and Communication Science (99311 - ICS),Information Science and Communication Science,360,,14352,,99311 - ICS,7,"
Rules:
This qualification consists of 30 modules.
 
Students should note that during the course of their studies they would be required to have access
to a computer or laptop, printer and the internet.
",APS/AS:,,https://www.unisa.ac.za/sites/corporate/default/Apply-for-admission/Undergraduate-qualifications/Qualifications/All-qualifications/Bachelor-of-Arts-Information-Science-and-Communication-Science-(99311-–-ICS)
Bachelor of Arts Information Science and Economics (99311 - ISE),Information Science and Economics,360,,14352,,99311 - ISE,7,"
Rules:
This qualification consists of 30 modules.
 
Students should note that during the course of their studies they would be required to have access
to a computer or laptop, printer and the internet.
",APS/AS:,,https://www.unisa.ac.za/sites/corporate/default/Apply-for-admission/Undergraduate-qualifications/Qualifications/All-qualifications/Bachelor-of-Arts-Information-Science-and-Economics-(99311-–-ISE)
Bachelor of Arts Information Science and Geography (99311 - ISG),Information Science and Geography,360,,14352,,99311 - ISG,7,"
Rules:
This qualification consists of 30 modules.
 
Students should note that during the course of their studies they would be required to have access
to a computer or laptop, printer and the internet.
",APS/AS:,,https://www.unisa.ac.za/sites/corporate/default/Apply-for-admission/Undergraduate-qualifications/Qualifications/All-qualifications/Bachelor-of-Arts-Information-Science-and-Geography-(99311-–-ISG)
Bachelor of Arts Information Science and Industrial and Organisational Psychology (99311 - IOP),Information Science and Industrial and Organisational Psychology,360,,14352,,99311 - IOP,7,"
Rules:
This qualification consists of 30 modules.
 
Students should note that during the course of their studies they would be required to have access
to a computer or laptop, printer and the internet.
",APS/AS:,,https://www.unisa.ac.za/sites/corporate/default/Apply-for-admission/Undergraduate-qualifications/Qualifications/All-qualifications/Bachelor-of-Arts-Information-Science-and-Industrial-and-Organisational-Psychology-(99311-–-IOP)
Bachelor of Arts Information Science and Private Law (99311 - IPL),Information Science and Private Law,360,,14352,,99311 - IPL,7,"
Rules:
This qualification consists of 30 modules.
 
Students should note that during the course of their studies they would be required to have access
to a computer or laptop, printer and the internet.
",APS/AS:,,https://www.unisa.ac.za/sites/corporate/default/Apply-for-admission/Undergraduate-qualifications/Qualifications/All-qualifications/Bachelor-of-Arts-Information-Science-and-Private-Law-(99311-–-IPL)
Bachelor of Arts Information Science and Public Administration (99311 - IPA),Information Science and Public Administration,360,,14352,,99311 - IPA,7,"
Rules:
This qualification consists of 30 modules.
 
Students should note that during the course of their studies they would be required to have access
to a computer or laptop, printer and the internet.
",APS/AS:,,https://www.unisa.ac.za/sites/corporate/default/Apply-for-admission/Undergraduate-qualifications/Qualifications/All-qualifications/Bachelor-of-Arts-Information-Science-and-Public-Administration-(99311-–-IPA)
Bachelor of Arts Information Science and Theology (99311 - IST),Information Science and Theology,360,,14352,,99311 - IST,7,"
Rules:
This qualification consists of 30 modules.
 
Students should note that during the course of their studies they would be required to have access
to a computer or laptop, printer and the internet.
",APS/AS:,,https://www.unisa.ac.za/sites/corporate/default/Apply-for-admission/Undergraduate-qualifications/Qualifications/All-qualifications/Bachelor-of-Arts-Information-Science-and-Theology-(99311-–-IST)
Bachelor of Arts International Politics and Criminology (99311 - IPC),International Politics and Criminology,360,,14352,,99311 - IPC,7,"
Rules:
This qualification consists of 30 modules.
 
Students should note that during the course of their studies they would be required to have access
to a computer or laptop, printer and the internet.
",APS/AS:,,https://www.unisa.ac.za/sites/corporate/default/Apply-for-admission/Undergraduate-qualifications/Qualifications/All-qualifications/Bachelor-of-Arts-International-Politics-and-Criminology-(99311-–-IPC)
Bachelor of Arts International Politics and Economics (99311 - IPE),International Politics and Economics,360,,14352,,99311 - IPE,7,"
Rules:
This qualification consists of 30 modules.
 
Students should note that during the course of their studies they would be required to have access
to a computer or laptop, printer and the internet.
",APS/AS:,,https://www.unisa.ac.za/sites/corporate/default/Apply-for-admission/Undergraduate-qualifications/Qualifications/All-qualifications/Bachelor-of-Arts-International-Politics-and-Economics-(99311-–-IPE)
Bachelor of Arts International Politics and History (99311 - IPH),International Politics and History,360,,14352,,99311 - IPH,7,"
Rules:
This qualification consists of 30 modules.
 
Students should note that during the course of their studies they would be required to have access
to a computer or laptop, printer and the internet.
",APS/AS:,,https://www.unisa.ac.za/sites/corporate/default/Apply-for-admission/Undergraduate-qualifications/Qualifications/All-qualifications/Bachelor-of-Arts-International-Politics-and-History-(99311-–-IPH)
Bachelor of Arts Linguistics and Archives and Records Management (99311 - LAR),Linguistics and Archives and Records Management,360,,14352,,99311 - LAR,7,"
Rules:
This qualification consists of 30 modules.
 
Students should note that during the course of their studies they would be required to have access
to a computer or laptop, printer and the internet.
",APS/AS:,,https://www.unisa.ac.za/sites/corporate/default/Apply-for-admission/Undergraduate-qualifications/Qualifications/All-qualifications/Bachelor-of-Arts-Linguistics-and-Archives-and-Records-Management-(99311-–-LAR)
Bachelor of Arts Linguistics and Classical Culture (99311 - LCC),Linguistics and Classical Culture,360,,14352,,99311 - LCC,7,"
Rules:
This qualification consists of 30 modules.
 
Students should note that during the course of their studies they would be required to have access
to a computer or laptop, printer and the internet.
",APS/AS:,,https://www.unisa.ac.za/sites/corporate/default/Apply-for-admission/Undergraduate-qualifications/Qualifications/All-qualifications/Bachelor-of-Arts-Linguistics-and-Classical-Culture-(99311-–-LCC)
Bachelor of Arts Linguistics and Communication Science (99311 - LCS),Linguistics and Communication Science,360,,14352,,99311 - LCS,7,"
Rules:
This qualification consists of 30 modules.
 
Students should note that during the course of their studies they would be required to have access
to a computer or laptop, printer and the internet.
",APS/AS:,,https://www.unisa.ac.za/sites/corporate/default/Apply-for-admission/Undergraduate-qualifications/Qualifications/All-qualifications/Bachelor-of-Arts-Linguistics-and-Communication-Science-(99311-–-LCS)
Bachelor of Arts Linguistics and French (99311 - LFR),Linguistics and French,360,,14352,,99311 - LFR,7,"
Rules:
This qualification consists of 30 modules.
 
Students should note that during the course of their studies they would be required to have access
to a computer or laptop, printer and the internet.
",APS/AS:,,https://www.unisa.ac.za/sites/corporate/default/Apply-for-admission/Undergraduate-qualifications/Qualifications/All-qualifications/Bachelor-of-Arts-Linguistics-and-French-(99311-–-LFR)
Bachelor of Arts Linguistics and Geography (99311 - LGE),Linguistics and Geography,360,,14352,,99311 - LGE,7,"
Rules:
This qualification consists of 30 modules.
 
Students should note that during the course of their studies they would be required to have access
to a computer or laptop, printer and the internet.
",APS/AS:,,https://www.unisa.ac.za/sites/corporate/default/Apply-for-admission/Undergraduate-qualifications/Qualifications/All-qualifications/Bachelor-of-Arts-Linguistics-and-Geography-(99311-–-LGE)
Bachelor of Arts Linguistics and History (99311 - LHI),Linguistics and History,360,,14352,,99311 - LHI,7,"
Rules:
This qualification consists of 30 modules.
 
Students should note that during the course of their studies they would be required to have access
to a computer or laptop, printer and the internet.
",APS/AS:,,https://www.unisa.ac.za/sites/corporate/default/Apply-for-admission/Undergraduate-qualifications/Qualifications/All-qualifications/Bachelor-of-Arts-Linguistics-and-History-(99311-–-LHI)
Bachelor of Arts Linguistics and Industrial and Organisational Psychology (99311 - LIO),Linguistics and Industrial and Organisational Psychology,360,,14352,,99311 - LIO,7,"
Rules:
This qualification consists of 30 modules.
 
Students should note that during the course of their studies they would be required to have access
to a computer or laptop, printer and the internet.
",APS/AS:,,https://www.unisa.ac.za/sites/corporate/default/Apply-for-admission/Undergraduate-qualifications/Qualifications/All-qualifications/Bachelor-of-Arts-Linguistics-and-Industrial-and-Organisational-Psychology-(99311-–-LIO)
Bachelor of Arts Linguistics and International Politics (99311 - LIP),Linguistics and International Politics,360,,14352,,99311 - LIP,7,"
Rules:
This qualification consists of 30 modules.
 
Students should note that during the course of their studies they would be required to have access
to a computer or laptop, printer and the internet.
",APS/AS:,,https://www.unisa.ac.za/sites/corporate/default/Apply-for-admission/Undergraduate-qualifications/Qualifications/All-qualifications/Bachelor-of-Arts-Linguistics-and-International-Politics-(99311-–-LIP)
Bachelor of Arts Linguistics and Public Administration (99311 - LPA),Linguistics and Public Administration,360,,14352,,99311 - LPA,7,"
Rules:
This qualification consists of 30 modules.
 
Students should note that during the course of their studies they would be required to have access
to a computer or laptop, printer and the internet.
",APS/AS:,,https://www.unisa.ac.za/sites/corporate/default/Apply-for-admission/Undergraduate-qualifications/Qualifications/All-qualifications/Bachelor-of-Arts-Linguistics-and-Public-Administration-(99311-–-LPA)
Bachelor of Arts Linguistics and Theology (99311 - LTH),Linguistics and Theology,360,,14352,,99311 - LTH,7,"
Rules:
This qualification consists of 30 modules.
 
Students should note that during the course of their studies they would be required to have access
to a computer or laptop, printer and the internet.
",APS/AS:,,https://www.unisa.ac.za/sites/corporate/default/Apply-for-admission/Undergraduate-qualifications/Qualifications/All-qualifications/Bachelor-of-Arts-Linguistics-and-Theology-(99311-–-LTH)
Bachelor of Arts Ministry and Music in History and Society (99311 - MHS),Ministry and Music in History and Society,360,,14352,,99311 - MHS,7,"
Rules:
This qualification consists of 30 modules.
 
Students should note that during the course of their studies they would be required to have access
to a computer or laptop, printer and the internet.
",APS/AS:,,https://www.unisa.ac.za/sites/corporate/default/Apply-for-admission/Undergraduate-qualifications/Qualifications/All-qualifications/Bachelor-of-Arts-Ministry-and-Music-in-History-and-Society-(99311-–-MHS)
Bachelor of Arts Ministry and Private Law (99311 - MPL),Ministry and Private Law,360,,14352,,99311 - MPL,7,"
Rules:
This qualification consists of 30 modules.
 
Students should note that during the course of their studies they would be required to have access
to a computer or laptop, printer and the internet.
",APS/AS:,,https://www.unisa.ac.za/sites/corporate/default/Apply-for-admission/Undergraduate-qualifications/Qualifications/All-qualifications/Bachelor-of-Arts-Ministry-and-Private-Law-(99311-–-MPL)
Bachelor of Arts Philosophy and Private Law (99311 - PHL),Philosophy and Private Law,360,,14352,,99311 - PHL,7,"
Rules:
This qualification consists of 30 modules.
 
Students should note that during the course of their studies they would be required to have access
to a computer or laptop, printer and the internet.
",APS/AS:,,https://www.unisa.ac.za/sites/corporate/default/Apply-for-admission/Undergraduate-qualifications/Qualifications/All-qualifications/Bachelor-of-Arts-Philosophy-and-Private-Law-(99311-–-PHL)
Bachelor of Arts Philosophy and Theology (99311 - PHT),Philosophy and Theology,360,,14352,,99311 - PHT,7,"
Rules:
This qualification consists of 30 modules.
 
Students should note that during the course of their studies they would be required to have access
to a computer or laptop, printer and the internet.
",APS/AS:,,https://www.unisa.ac.za/sites/corporate/default/Apply-for-admission/Undergraduate-qualifications/Qualifications/All-qualifications/Bachelor-of-Arts-Philosophy-and-Theology-(99311-–-PHT)
Bachelor of Arts Philosophy and Theory of Literature (99311 - PTL),Philosophy and Theory of Literature,360,,14352,,99311 - PTL,7,"
Rules:
This qualification consists of 30 modules.
 
Students should note that during the course of their studies they would be required to have access
to a computer or laptop, printer and the internet.
",APS/AS:,,https://www.unisa.ac.za/sites/corporate/default/Apply-for-admission/Undergraduate-qualifications/Qualifications/All-qualifications/Bachelor-of-Arts-Philosophy-and-Theory-of-Literature-(99311-–-PTL)
Bachelor of Arts Politics and Economics (99311 - PEC),Politics and Economics,360,,14352,,99311 - PEC,7,"
Rules:
This qualification consists of 30 modules.
 
Students should note that during the course of their studies they would be required to have access
to a computer or laptop, printer and the internet.
",APS/AS:,,https://www.unisa.ac.za/sites/corporate/default/Apply-for-admission/Undergraduate-qualifications/Qualifications/All-qualifications/Bachelor-of-Arts-Politics-and-Economics-(99311-–-PEC)
Bachelor of Arts Politics and History (99311 - PHI),Politics and History,360,,14352,,99311 - PHI,7,"
Rules:
This qualification consists of 30 modules.
 
Students should note that during the course of their studies they would be required to have access
to a computer or laptop, printer and the internet.
",APS/AS:,,https://www.unisa.ac.za/sites/corporate/default/Apply-for-admission/Undergraduate-qualifications/Qualifications/All-qualifications/Bachelor-of-Arts-Politics-and-History-(99311-–-PHI)
Bachelor of Arts Politics and Philosophy (99311 - PPH),Politics and Philosophy,360,,14352,,99311 - PPH,7,"
Rules:
This qualification consists of 30 modules.
 
Students should note that during the course of their studies they would be required to have access
to a computer or laptop, printer and the internet.
",APS/AS:,,https://www.unisa.ac.za/sites/corporate/default/Apply-for-admission/Undergraduate-qualifications/Qualifications/All-qualifications/Bachelor-of-Arts-Politics-and-Philosophy-(99311-–-PPH)
Bachelor of Arts Politics and Private Law (99311 - PPL),Politics and Private Law,360,,14352,,99311 - PPL,7,"
Rules:
This qualification consists of 30 modules.
 
Students should note that during the course of their studies they would be required to have access
to a computer or laptop, printer and the internet.
",APS/AS:,,https://www.unisa.ac.za/sites/corporate/default/Apply-for-admission/Undergraduate-qualifications/Qualifications/All-qualifications/Bachelor-of-Arts-Politics-and-Private-Law-(99311-–-PPL)
Bachelor of Arts Politics and Theology (99311 - PTH),Politics and Theology,360,,14352,,99311 - PTH,7,"
Rules:
This qualification consists of 30 modules.
 
Students should note that during the course of their studies they would be required to have access
to a computer or laptop, printer and the internet.
",APS/AS:,,https://www.unisa.ac.za/sites/corporate/default/Apply-for-admission/Undergraduate-qualifications/Qualifications/All-qualifications/Bachelor-of-Arts-Politics-and-Theology-(99311-–-PTH)
Bachelor of Arts Sociology and Anthropology (99311 - SAN),Sociology and Anthropology,360,,14352,,99311 - SAN,7,"
Rules:
This qualification consists of 30 modules.
 
Students should note that during the course of their studies they would be required to have access
to a computer or laptop, printer and the internet.
",APS/AS:,,https://www.unisa.ac.za/sites/corporate/default/Apply-for-admission/Undergraduate-qualifications/Qualifications/All-qualifications/Bachelor-of-Arts-Sociology-and-Anthropology-(99311-–-SAN)
Bachelor of Arts Sociology and Communication Science (99311 - SCS),Sociology and Communication Science,360,,14352,,99311 - SCS,7,"
Rules:
This qualification consists of 30 modules.
 
Students should note that during the course of their studies they would be required to have access
to a computer or laptop, printer and the internet.
",APS/AS:,,https://www.unisa.ac.za/sites/corporate/default/Apply-for-admission/Undergraduate-qualifications/Qualifications/All-qualifications/Bachelor-of-Arts-Sociology-and-Communication-Science-(99311-–-SCS)
Bachelor of Arts Sociology and Criminology (99311 - SCR),Sociology and Criminology,360,,14352,,99311 - SCR,7,"
Rules:
This qualification consists of 30 modules.
 
Students should note that during the course of their studies they would be required to have access
to a computer or laptop, printer and the internet.
",APS/AS:,,https://www.unisa.ac.za/sites/corporate/default/Apply-for-admission/Undergraduate-qualifications/Qualifications/All-qualifications/Bachelor-of-Arts-Sociology-and-Criminology-(99311-–-SCR)
Bachelor of Arts Sociology and Economics (99311 - SEC),Sociology and Economics,360,,14352,,99311 - SEC,7,"
Rules:
This qualification consists of 30 modules.
 
Students should note that during the course of their studies they would be required to have access
to a computer or laptop, printer and the internet.
",APS/AS:,,https://www.unisa.ac.za/sites/corporate/default/Apply-for-admission/Undergraduate-qualifications/Qualifications/All-qualifications/Bachelor-of-Arts-Sociology-and-Economics-(99311-–-SEC)
Bachelor of Arts Sociology and Geography (99311 - SGE),Sociology and Geography,360,,14352,,99311 - SGE,7,"
Rules:
This qualification consists of 30 modules.
 
Students should note that during the course of their studies they would be required to have access
to a computer or laptop, printer and the internet.
",APS/AS:,,https://www.unisa.ac.za/sites/corporate/default/Apply-for-admission/Undergraduate-qualifications/Qualifications/All-qualifications/Bachelor-of-Arts-Sociology-and-Geography-(99311-–-SGE)
Bachelor of Arts Sociology and Industrial and Organisational Psychology (99311 - SIO),Sociology and Industrial and Organisational Psychology,360,,14352,,99311 - SIO,7,"
Rules:
This qualification consists of 30 modules.
 
Students should note that during the course of their studies they would be required to have access
to a computer or laptop, printer and the internet.
",APS/AS:,,https://www.unisa.ac.za/sites/corporate/default/Apply-for-admission/Undergraduate-qualifications/Qualifications/All-qualifications/Bachelor-of-Arts-Sociology-and-Industrial-and-Organisational-Psychology-(99311-–-SIO)
Bachelor of Arts Sociology and Politics (99311 - SPO),Sociology and Politics,360,,14352,,99311 - SPO,7,"
Rules:
This qualification consists of 30 modules.
 
Students should note that during the course of their studies they would be required to have access
to a computer or laptop, printer and the internet.
",APS/AS:,,https://www.unisa.ac.za/sites/corporate/default/Apply-for-admission/Undergraduate-qualifications/Qualifications/All-qualifications/Bachelor-of-Arts-Sociology-and-Politics-(99311-–-SPO)
Bachelor of Arts Theory of Literature and Geography (99311 - TLG),Theory of Literature and Geography,360,,14352,,99311 - TLG,7,"
Rules:
This qualification consists of 30 modules.
 
Students should note that during the course of their studies they would be required to have access
to a computer or laptop, printer and the internet.
",APS/AS:,,https://www.unisa.ac.za/sites/corporate/default/Apply-for-admission/Undergraduate-qualifications/Qualifications/All-qualifications/Bachelor-of-Arts-Theory-of-Literature-and-Geography-(99311-–-TLG)
Bachelor of Arts Theory of Literature and Private Law (99311 - TPL),Theory of Literature and Private Law,360,,14352,,99311 - TPL,7,"
Rules:
This qualification consists of 30 modules.
 
Students should note that during the course of their studies they would be required to have access
to a computer or laptop, printer and the internet.
",APS/AS:,,https://www.unisa.ac.za/sites/corporate/default/Apply-for-admission/Undergraduate-qualifications/Qualifications/All-qualifications/Bachelor-of-Arts-Theory-of-Literature-and-Private-Law-(99311-–-TPL)
Bachelor of Arts in Communication Studies (90186),90186,120077,,20,,7,360,"Purpose statement:The Bachelor of Arts in Communication provides a depth of knowledge of communication to enable learners to apply their learning in the contexts of a decolonising Africa and its communication industries, as well as of the fragmentation, convergence, transformation, and disruption of communications. The qualification contains universal principles, quality academic and career-focused learning, and theory, as well as research opportunities to prepare learners for employment.

The qualification incorporates a creative, critical, problem-posing approach to communication that embraces multiple perspectives of communication, its historical development and context, and personal, community, industrial and professional manifestations. Qualifying learners will develop analytical, interpretative, and argumentative skills which will empower them to critique the received knowledge of the discipline and its manifestations in African society and to formulate and maintain coherent positions on the relationship between communication and its social structures, justice, economic contexts, ethics, and the moral sphere.

This qualification allows for the development of various competencies and capabilities in the digital age as qualifying learners must engage with emerging technologies in the analysis and application of communication. Computer and communication technologies necessitate digital practices because the semiotic practices of reading, writing, listening, and speaking are constantly adapted to represent the experiences of the global village through the integration of multi-modalities with multiple media and contexts. Content is re-created through the integration of digital technology and related skills. Learners must demonstrate the application of appropriate technologies to communicate effectively using different media, and critically reflect upon, and understand operations of the changing media environment, media products and media consumption by audiences.

The completed qualification provides an opportunity for career advancement across the spectrum of media and the discipline, as well as for further studies in the disciplines of communication.
","
Rules:
This qualification consists of 29 modules.
 
Students should note that during the course of their studies they would be required to have access
to a computer or laptop, printer and the internet.
 
Some of the pre-requisites and/ or co-requisites outlined in this qualification may not apply as
they do not form part of the curriculum.
",,https://www.unisa.ac.za/sites/corporate/default/Apply-for-admission/Undergraduate-qualifications/Qualifications/All-qualifications/Bachelor-of-Arts-in-Communication-Studies-(90186)
Bachelor of Arts in Creative Writing (99313),99313,101246,,20,,7,360,"Purpose statement:Purpose of this qualification include: 
To familiarise learners with the content and basic theories of a number of disciplines in the humanities and social sciences, at the basic and intermediate level, and to provide them with a deeper grasp of one or more of these disciplines taken at exit level (level 6), as well as to enable them to place new knowledge in context and to use appropriate methods for seeking resolution of problems; 
To provide learners with a variety of basic scholarly and intellectual competencies, including the ability to question critically the assumptions of a limited range of theories and authorities, and to develop an understanding of elementary research methods used within one or more disciplines; 
To equip learners with the ability to give an accurate account of scholarly positions and the competence to express their own opinions clearly and coherently, both in written and oral communication; 
To prepare learners for post learner study; 
To provide learners with a well-rounded and broad education across a number of disciplines, thus preparing them for a wide range of professions crucial to the welfare of society; 
To produce learners who are able to think laterally, critically and creatively; 
To produce learners who are prepared for life-long learning; 
To produce learners who understand the principles of, and are capable of critical citizenship.","
Rules:
This qualification consists of 30 modules.
 
Students should note that during the course of their studies they would be required to have access
to a computer or laptop, printer and the internet.
",,https://www.unisa.ac.za/sites/corporate/default/Apply-for-admission/Undergraduate-qualifications/Qualifications/All-qualifications/Bachelor-of-Arts-in-Creative-Writing-(99313)
Bachelor of Arts in Criminology (98681),98681,101244,,20,,7,360,"Purpose statement:The purposes of this qualification include: 
- To familiarise learners with the content and basic theories of a number of disciplines in the humanities and social sciences, at the basic and intermediate level, and to provide them with a deeper grasp of one or more of these disciplines taken at exit level (level 7), as well as to enable them to place new knowledge in context and to use appropriate methods for seeking resolution of problems; 
- To provide learners with a variety of basic scholarly and intellectual competencies, including the ability to question critically the assumptions of a limited range of theories and authorities, and to develop an understanding of elementary research methods used within one or more disciplines;
- To equip learners with the ability to give an accurate account of scholarly positions and the competence to express their own opinions clearly and coherently, both in written and oral communication; 
- To prepare learners for post learner study; 
- To provide learners with a well-rounded and broad education across a number of disciplines, thus preparing them for a wide range of professions crucial to the welfare of society; 
- To produce learners who are able to think laterally, critically and creatively; 
- To produce learners who are prepared for life-long learning; 
- To produce learners who understand the principles of, and are capable of critical citizenship.","
Rules:
Students should note that during the course of their studies, they would be required to have access
to a computer, printer and the internet.
 
Students must follow the same stream from level one throughout to level three.
 
Some of the pre-requisites and/or co-requisites outlined in this qualification may not apply as they
do not form part of the curriculum.
 
Students who have passed phased out modules will retain the credit and do not need to pass the
replacement modules. However, phased out modules must have been passed for this specific
qualification and it does not necessarily mean the modules are equivalent.
 
EUP1501 Students do not need to register for SJD1501.
PYC1501 Students do not need to register for IOP1501.
IOP209Y Students do not need to register for IOP2605.
CMP2601 Students do not need to register for CRW2601.
CMP3701 Students do not need to register for CPR3701.
EVI3701 Students do not need to register for LEV3701.
EVI3702 Students do not need to register for MRL3702.
",,https://www.unisa.ac.za/sites/corporate/default/Apply-for-admission/Undergraduate-qualifications/Qualifications/All-qualifications/Bachelor-of-Arts-in-Criminology-(98681)
Bachelor of Arts in Development Studies (99312),99312,101247,,20,,7,360,"Purpose statement:The purpose of this qualification is to familiarise learners with the content and basic theories of a number of disciplines in the humanities and social sciences, at the basic and intermediate level, and to provide them with a deeper grasp of one or more of these disciplines taken at exit level (level 6), as well as to enable them to place new knowledge in context and to use appropriate methods for seeking resolution of problems; 
To provide learners with a variety of basic scholarly and intellectual competencies, including the ability to question critically the assumptions of a limited range of theories and authorities, and to develop an understanding of elementary research methods used within one or more disciplines; 
To equip learners with the ability to give an accurate account of scholarly positions and the competence to express their own opinions clearly and coherently, both in written and oral communication; To prepare learners for post learner study; To provide learners with a well-rounded and broad education across a number of disciplines, thus preparing them for a wide range of professions crucial to the welfare of society; 
To produce learners who are able to think laterally, critically and creatively; 
To produce learners who are prepared for life-long learning; 
To produce learners who understand the principles of, and are capable of critical citizenship. 
","
Rules:
This qualification consists of 30 modules with Development Studies as the MAJOR.
 
Students should note that during the course of their studies they would be required to have access
to a computer or laptop, printer and the internet.
",,https://www.unisa.ac.za/sites/corporate/default/Apply-for-admission/Undergraduate-qualifications/Qualifications/All-qualifications/Bachelor-of-Arts-in-Development-Studies-(99312)
Bachelor of Arts in Environmental Management (98055),98055,15840,,20,,7,360,"Purpose statement:The purposes of this qualification: 1) To familiarise learners with the content and basic theories of a number of disciplines in the humanities and social sciences, at the basic and intermediate level, and to provide them with a deeper grasp of one or more of these disciplines taken at exit level (level 6), as well as to enable them to place new knowledge in context and to use appropriate methods for seeking resolution of problems; 2) To provide learners with a variety of basic scholarly and intellectual competencies, including the ability to question critically the assumptions of a limited range of theories and authorities, and to develop an understanding of elementary research methods used within one or more disciplines; 3) To equip learners with the ability to give an accurate account of scholarly positions and the competence to express their own opinions clearly and coherently, both in written and oral communication; 4) To prepare learners for post learner study; 5) To provide learners with a well-rounded and broad education across a number of disciplines, thus preparing them for a wide range of professions crucial to the welfare of society; 6) To produce learners who are able to think laterally, critically and creatively; 7) To produce learners who are prepared for life-long learning; 8) To produce learners who understand the principles of, and are capable of critical citizenship.","
Rules:
Some of the pre-requisites and/or co-requisites on PUB2606 & PUB3701 outlined in this qualification
may not apply as they do not form part of the curriculum.
",,https://www.unisa.ac.za/sites/corporate/default/Apply-for-admission/Undergraduate-qualifications/Qualifications/All-qualifications/Bachelor-of-Arts-in-Environmental-Management-(98055)
Bachelor of Arts in Forensic Science and Technology (90002),90002,91932,,20,,7,360,"Purpose statement:The main purpose of the qualification is to enhance the investigation knowledge and skills of investigators This qualification is aimed at students who work within the field of Forensic Investigation and who seek recognition for essential knowledge, skills and values needed up to the level of middle management. This qualification is also aimed at students aspiring to become Forensic Investigators up to the level of middle management. Furthermore, this qualification has been developed to promote efficiency with regard to:
- Forensic methods and techniques.
- Investigation of selected crimes and transgressions.
- Litigation processes, interviewing and statement taking.
- Scene of incident.
- Information gathering.
- Investigative resources.
- Forensic crime intelligence.
This qualification lays a foundation for career advancement and further studies in Forensic Investigation.","
Rules:
Students should note that during the course of their studies they would be required to have access
to a computer, printer and the internet.
 
Students must follow the same stream from level one throughout to level three.
 
Some of the pre-requisites and/or co-requisites outlined in this qualification may not apply as they
do not form part of the curriculum.
 
Students who have passed phased out modules will retain the credit and do not need to pass the
replacement modules. However, phased out modules must have been passed for this specific
qualification and it does not necessarily mean the modules are equivalent.
 
CRW1501 Students do not need to register for HFL1501.
CMP3701 Students do not need to register for CPR3701.
EVI3701 Students do not need to register for LEV3701.
EVI3702 Students do not need to register for MRL3702.
",,https://www.unisa.ac.za/sites/corporate/default/Apply-for-admission/Undergraduate-qualifications/Qualifications/All-qualifications/Bachelor-of-Arts-in-Forensic-Science-and-Technology-(90002)
Bachelor of Arts in Police Science (98683),98683,14288,,20,,7,360,"Purpose statement:The purposes of this qualification include: 
- To familiarise learners with the content and basic theories of a number of disciplines in the humanities and social sciences, at the basic and intermediate level, and to provide them with a deeper grasp of one or more of these disciplines taken at exit level (level 7), as well as to enable them to place new knowledge in context and to use appropriate methods for seeking resolution of problems; 
- To provide learners with a variety of basic scholarly and intellectual competencies, including the ability to question critically the assumptions of a limited range of theories and authorities, and to develop an understanding of elementary research methods used within one or more disciplines;
- To equip learners with the ability to give an accurate account of scholarly positions and the competence to express their own opinions clearly and coherently, both in written and oral communication; 
- To prepare learners for post learner study; 
- To provide learners with a well-rounded and broad education across a number of disciplines, thus preparing them for a wide range of professions crucial to the welfare of society; 
- To produce learners who are able to think laterally, critically and creatively; 
- To produce learners who are prepared for life-long learning; 
- To produce learners who understand the principles of, and are capable of critical citizenship.","
Rules:
Students should note that during the course of their studies, they would be required to have access
to a computer, printer and the internet.
 
Students must follow the same stream from level one throughout to level three.
 
Some of the pre-requisites and/or co-requisites outlined in this qualification may not apply as
they do not form part of the curriculum.
 
Students who have passed phased out modules will retain the credit and do not need to pass the
replacement modules. However, phased out modules must have been passed for this specific
qualification and it does not necessarily mean the modules are equivalent.
 
EUP1501 Students do not need to register for SJD1501.
HRM2605 Students do not need to register for HRM2604.
MNP2602 Students do not need to register for MNP2601.
CIP2601 Students do not need to register for IOS2601.
CSL2601 Students do not need to register for ADL2601.
Students who have previously completed any GROUP of 5 electives on the second level for this
qualification, do not need to complete SOC2604.
BSM3701 Students do not need to register for MNP3703.
MNP3702 Students do not need to register for MNP3701.
CIP3701 Students do not need to register for CIV3701.
CMP3701 Students do not need to register for CPR3701.
EVI3702 Students do not need to register for LEV3701.
PVL3702 Students do not need to register for MRL3701.
PVL3701 Students do not need to register for MRL3702.
",,https://www.unisa.ac.za/sites/corporate/default/Apply-for-admission/Undergraduate-qualifications/Qualifications/All-qualifications/Bachelor-of-Arts-in-Police-Science-(98683)
Bachelor of Arts in Policy Studies (99303),99303,101236,,20,,7,360,"Purpose statement:The purpose of this qualification is to familiarise learners with the content and basic theories of a number of disciplines in the humanities and social sciences, at the basic and intermediate level, and to provide them with a deeper grasp of one or more of these disciplines taken at exit level (level 7), as well as to enable them to place new knowledge in context and to use appropriate methods for seeking resolution of problems; 
To provide learners with a variety of basic scholarly and intellectual competencies, including the ability to question critically the assumptions of a limited range of theories and authorities, and to develop an understanding of elementary research methods used within one or more disciplines; To equip learners with the ability to give an accurate account of scholarly positions and the competence to express their own opinions clearly and coherently, both in written and oral communication; To prepare learners for post learner study; To provide learners with a well-rounded and broad education across a number of disciplines, thus preparing them for a wide range of professions crucial to the welfare of society; 
To produce learners who are able to think laterally, critically and creatively; 
To produce learners who are prepared for life-long learning; 
To produce learners who understand the principles of, and are capable of critical citizenship. 
","
Rules:
This qualification consists of 25 modules and Politics as the MAJOR.
 
Students should note that during the course of their studies they would be required to have access
to a computer or laptop, printer and the internet.
 
Some of the pre-requisites and/ or co-requisites outlined in this qualification may not apply as
they do not form part of the curriculum.
",,https://www.unisa.ac.za/sites/corporate/default/Apply-for-admission/Undergraduate-qualifications/Qualifications/All-qualifications/Bachelor-of-Arts-in-Policy-Studies-(99303)
Bachelor of Arts in Political Leadership and Citizenship (99304),99304,101237,,20,,7,360,"Purpose statement:The purpose of this qualification include: to familiarise learners with the content and basic theories of a number of disciplines in the humanities and social sciences, at the basic and intermediate level, and to provide them with a deeper grasp of one or more of these disciplines taken at exit level (level 7), as well as to enable them to place new knowledge in context and to use appropriate methods for seeking resolution of problems; 
To provide learners with a variety of basic scholarly and intellectual competencies, including the ability to question critically the assumptions of a limited range of theories and authorities, and to develop an understanding of elementary research methods used within one or more disciplines; To equip learners with the ability to give an accurate account of scholarly positions and the competence to express their own opinions clearly and coherently, both in written and oral communication; To prepare learners for post learner study; To provide learners with a well-rounded and broad education across a number of disciplines, thus preparing them for a wide range of professions crucial to the welfare of society; 
To produce learners who are able to think laterally, critically and creatively; 
To produce learners who are prepared for life-long learning; 
To produce learners who understand the principles of, and are capable of critical citizenship. 
","
Rules:
This qualification consists of 30 modules and Politics as the MAJOR.
 
Students should note that during the course of their studies they would be required to have access
to a computer or laptop, printer and the internet.
 
Some of the pre-requisites and/ or co-requisites outlined in this qualification may not apply as
they do not form part of the curriculum.
",,https://www.unisa.ac.za/sites/corporate/default/Apply-for-admission/Undergraduate-qualifications/Qualifications/All-qualifications/Bachelor-of-Arts-in-Political-Leadership-and-Citizenship-(99304)
"Bachelor of Arts in Politics, Philosophy and Economics (90079)",90079,101252,,20,,7,360,"Purpose statement:The purpose of this qualification is to familiarise learners with the content and basic theories of a number of disciplines in the humanities and social sciences, at the basic and intermediate level, and to provide them with a deeper grasp of one or more of these disciplines taken at exit level (level 7), as well as to enable them to place new knowledge in context and to use appropriate methods for seeking resolution of problems; 
To provide learners with a variety of basic scholarly and intellectual competencies, including the ability to question critically the assumptions of a limited range of theories and authorities, and to develop an understanding of elementary research methods used within one or more disciplines; 
To equip learners with the ability to give an accurate account of scholarly positions and the competence to express their own opinions clearly and coherently, both in written and oral communication; To prepare learners for post learner study; 
To provide learners with a well-rounded and broad education across a number of disciplines, thus preparing them for a wide range of professions crucial to the welfare of society; 
To produce learners who are able to think laterally, critically and creatively; 
To produce learners who are prepared for life-long learning; 
To produce learners who understand the principles of, and are capable of critical citizenship. 
","
Rules:
This qualification consists of 30 modules
 
Students should note that during the course of their studies they would be required to have access
to a computer or laptop, printer and the internet.
 
Some of the pre-requisites and/ or co-requisites outlined in this qualification may not apply as
they do not form part of the curriculum.
",,"https://www.unisa.ac.za/sites/corporate/default/Apply-for-admission/Undergraduate-qualifications/Qualifications/All-qualifications/Bachelor-of-Arts-in-Politics,-Philosophy-and-Economics-(90079)"
Bachelor of Business Administration (98316 - BBA),98316,5561,,21,,7,360,"Purpose statement:The primary purpose of the qualification is to provide BBA graduates with the knowledge, specific skills and applied competence that provide opportunities for continued personal intellectual growth, gainful economic activity and valuable contributions to society (9); 
(a) by way of a liberal business education which may include elements of other sciences like the natural sciences, humanities, law, education, religion, etc; 
(b) by adding fields traditionally associated with business, commerce and industry to an existing and already completed degree like a Bachelor of Arts, Bachelor of Sciences, Bachelor of Laws, Bachelor of Theology, etc. 

The second purpose of the qualification is to provide South Africa (and other countries) with business leaders in all sectors of the economy. 

A further purpose of the qualification is to provide graduates with a self-sustaining understanding of the process whereby productive resources are mobilized and utilized with a view to being gainfully employed in serving the material needs of societies in a globalised world.","
Rules:
Electives may be chosen either from the College of Economic and Management Sciences or from other
colleges. Please take note of the pre/co-requisites. Please note that some curriculum changes have
been effected from 2014. Students that registered for this qualification code before 2014 will not
lose any credits for modules completed in the pre-2014 academic period. However, where credits have
not been completed successfully, students will be required to complete the credits as per the
amended curriculum. The College has replaced MNI3701 with MNB3701, replaced DVA1601 with DVA1502,
replaced MNM2601 with MNM1601 and replaced ENN103F with ENG1503. Students who have already passed
(in this curriculum) the modules that have been replaced, will retain the credits and will not be
required to complete the replacement modules. Students should note that during the course of their
studies they would be required to have access to a computer, printer and the internet.
 
Some of the pre-requisites and/ or co-requisites outlined in this qualification may not apply as
they do not form part of the curriculum.
",,https://www.unisa.ac.za/sites/corporate/default/Apply-for-admission/Undergraduate-qualifications/Qualifications/All-qualifications/Bachelor-of-Business-Administration-(98316-–-BBA)
Bachelor of Commerce (98314 - GEN),98314,5563,,21,,7,360,"Purpose statement:The primary purpose of the qualification is to provide qualifiers with graduate-level knowledge, specific skills, applied competence and the necessary attitudes in the fields associated with commerce and industry that prepare them to be lifelong learners, employable workers/entrepreneurs and contributors to society and the business community. 

The second purpose of the qualification is to provide South Africa (and other countries) with functional managers at the middle management level in all sectors of the economy. 

A further purpose of the qualification is to provide graduates with a self-sustaining understanding of the process whereby productive resources are mobilised and utilized with a view to being gainfully employed in serving the material needs of society in a globalised world.","
Rules:
Students must select two majors; of which one of the following is compulsory: Business Management,
Financial Accounting or Economics. The curriculum requires that students complete 11 credits in Year
I (seven of which are compulsory as well as two groups of modules representing the two chosen
majors), 9 credits in Year II and 10 credits in Year III. Student who major with Financial
Accounting & Business Management must select any first level module from any other group in the
curriculum. Please note the following for YEAR II: Select 5 modules in your 1st major and 4 modules
in your 2nd major, taking into account the compulsory modules for each, as indicated below. Note
that your choice of electives may affect your options in Year III. The College has removed ECS2607
from the curriculum and replaced MNM2602 with MNM2615. Students who have already completed ECS2607
and MNM2602 in this curriculum will retain the credit. Please note the following for YEAR III:
Select 5 modules from each of the two majors. Please note that some curriculum changes have been
effected from 2014. Students that registered for this qualification code before 2014 will not lose
any credits for modules completed in the pre-2014 academic period. However, where credits have not
been completed successfully, students will be required to complete the credits as per the amended
curriculum. Students should note that during the course of their studies they would be required to
have access to a computer, printer and the internet.
 
Some of the pre-requisites and/ or co-requisites outlined in this qualification may not apply as
they do not form part of the curriculum.
",,https://www.unisa.ac.za/sites/corporate/default/Apply-for-admission/Undergraduate-qualifications/Qualifications/All-qualifications/Bachelor-of-Commerce-(98314-–-GEN)
Bachelor of Commerce in Business Informatics (98300 - BIS),98300,101104,,21,,7,360,"Purpose statement:This qualification aims to produce graduates who are able to provide for the current needs in the business workplace in areas such as systems analysis, database development and software systems design, enhancement, management and evaluation. 

Successful graduates will be able to demonstrate: 
- Professional and ethical responsibility in their roles within the economy and society. 
- Proficiency in innovative, scientific, economic and managerial activities. 
- Understanding of underlying concepts and principles of Business Information Systems and the ability to apply this in the workplace. 
- Ability to access and evaluate scientific information and apply a high level of skills including problem-solving, written and spoken communication. 
- Competence in applying knowledge through basic research methods and practice. 
- Gainful economic activity and valuable contributions to society in science and technology, through a business prism. 
- Competencies and skills in systems analysis and design, database design and implementation, interaction design and project management. 

Graduates with this qualification should be able to integrate knowledge and skills to provide South Africa and other countries with people who can make a constructive contribution to the world of business and who are empowered to play leadership roles in society. 

","
Rules:Students should note that during the course of their studies they would be required to have access to a computer, printer and the internet. Some of the pre-requisites and/ or co-requisites outlined in this qualification may not apply as they do not form part of the curriculum.",,https://www.unisa.ac.za/sites/corporate/default/Apply-for-admission/Undergraduate-qualifications/Qualifications/All-qualifications/Bachelor-of-Commerce-in-Business-Informatics-(98300-–-BIS)
Bachelor of Commerce in Business Management (98310 - BSM),98310,101042,,21,,7,360,"Purpose statement:The primary purpose of the qualification is to provide qualifiers with graduate-level knowledge, specific skills, applied competence and the necessary attitudes in the fields associated with commerce and industry that prepare them to be lifelong learners, employable workers/entrepreneurs and contributors to society and the business community.   The second purpose of the qualification is to provide South Africa (and other countries) with functional managers at the middle management level in all sectors of the economy.   A further purpose of the qualification is to provide graduates with a self-sustaining understanding of the process whereby productive resources responsibly are mobilized, utilized, and managed with a view to being gainfully employed in serving the material needs of society in a globalised world.","
Rules:
The College has amended the curriculum as follows: replaced ENN1504 with SUS1501, replaced CLA1501
with MNM2602, replaced HRM2604 with MNB2601, replaced MNM2601 with MNL2601, replaced MNI3701
with MNB3701, replaced MNM2602 with MNM2615 and has added MNB3702 as a compulsory module on the
third level. The number of electives on the 3rd level is now five. Students who have already passed
the modules (in this curriculum) that were replaced, will retain the credit(s) and will not be
required to complete the replacement modules. Students should note that during the course of their
studies they would be required to have access to a computer, printer and the internet.
",,https://www.unisa.ac.za/sites/corporate/default/Apply-for-admission/Undergraduate-qualifications/Qualifications/All-qualifications/Bachelor-of-Commerce-in-Business-Management-(98310-–-BSM)
Bachelor of Commerce in Economics (98305 - ECS),98305,101040,,21,,7,360,"Purpose statement:The primary purpose of the qualification is to provide qualifiers with graduate-level knowledge, specific skills, applied competence and the necessary attitudes in the fields associated with commerce and industry that prepare them to be lifelong learners, employable workers/entrepreneurs and contributors to society and the business community. 

The second purpose of the qualification is to provide South Africa (and other countries) with functional managers at the middle management level in all sectors of the economy. 

A further purpose of the qualification is to provide graduates with a self-sustaining understanding of the process whereby productive resources are mobilised and utilized with a view to being gainfully employed in serving the material needs of society in a globalised world.","
Rules:
The College has made several amendments to the curriculum. Students should note that during the
course of their studies they would be required to have access to a computer, printer and the
internet.
",,https://www.unisa.ac.za/sites/corporate/default/Apply-for-admission/Undergraduate-qualifications/Qualifications/All-qualifications/Bachelor-of-Commerce-in-Economics-(98305-–-ECS)
Bachelor of Commerce in Economics Quantitative Economics (98305 - QEC),Quantitative Economics,360,,101040,,98305 - QEC,7,"
Rules:
Students should note that during the course of their studies they would be required to have access
to a computer, printer and the internet.
 
Some of the pre-requisites and/ or co-requisites outlined in this qualification may not apply as
they do not form part of the curriculum.
",APS/AS:,,https://www.unisa.ac.za/sites/corporate/default/Apply-for-admission/Undergraduate-qualifications/Qualifications/All-qualifications/Bachelor-of-Commerce-in-Economics-Quantitative-Economics-(98305-–-QEC)
Bachelor of Commerce in Financial Management (98306 - FMN),98306,101094,,21,,7,360,"Purpose statement:The primary purpose of the qualification is to provide qualifiers with graduate-level knowledge, specific skills, applied competence and the necessary attitudes in the fields associated with commerce and industry that prepare them to be lifelong learners, employable workers/entrepreneurs and contributors to society and the business community. 

The second purpose of the qualification is to provide South Africa (and other countries) with functional managers at the middle management level in all sectors of the economy. 

A further purpose of the qualification is to provide graduates with a self-sustaining understanding of the process whereby productive resources are mobilised and utilized with a view to being gainfully employed in serving the material needs of society in a globalised world.","
Rules:
The College has made several amendments to the curriculum Students should note that during the
course of their studies they would be required to have access to a computer, printer and the
internet.
 
Students MUST register for ECS3706 if they intend on enrolling for the Bachelor of Commerce Honours
in Financial Management.
 
Some of the pre-requisites and/ or co-requisites outlined in this qualification may not apply as
they do not form part of the curriculum.
",,https://www.unisa.ac.za/sites/corporate/default/Apply-for-admission/Undergraduate-qualifications/Qualifications/All-qualifications/Bachelor-of-Commerce-in-Financial-Management-(98306-–-FMN)
Bachelor of Commerce in Human Resource Management (98307 - HRM),98307,101095,,21,,7,360,"Purpose statement:The primary purpose of the qualification is to provide qualifiers with graduate-level knowledge, specific skills, applied competence and the necessary attitudes in the fields associated with commerce and industry that prepare them to be lifelong learners, employable workers/entrepreneurs and contributors to society and the business community. 

The second purpose of the qualification is to provide South Africa (and other countries) with functional managers at the middle management level in all sectors of the economy. 

A further purpose of the qualification is to provide graduates with a self-sustaining understanding of the process whereby productive resources are mobilised and utilized with a view to being gainfully employed in serving the material needs of society in a globalised world.","
Rules:
Students should note that during the course of their studies they would be required to have access
to a computer, printer and the internet.
",,https://www.unisa.ac.za/sites/corporate/default/Apply-for-admission/Undergraduate-qualifications/Qualifications/All-qualifications/Bachelor-of-Commerce-in-Human-Resource-Management-(98307-–-HRM)
Bachelor of Commerce in Industrial and Organisational Psychology (98308 - IOP),98308,101096,,21,,7,360,"Purpose statement:The primary purpose of the qualification is to provide qualifiers with graduate-level knowledge, specific skills, applied competence and the necessary attitudes in the fields associated with commerce and industry that prepare them to be lifelong learners, employable workers/entrepreneurs and contributors to society and the business community. 

The second purpose of the qualification is to provide South Africa (and other countries) with functional managers at the middle management level in all sectors of the economy. 

A further purpose of the qualification is to provide graduates with a self-sustaining understanding of the process whereby productive resources are mobilised and utilized with a view to being gainfully employed in serving the material needs of society in a globalised world.","
Rules:
Students should note that during the course of their studies they would be required to have access
to a computer, printer and the internet.
",,https://www.unisa.ac.za/sites/corporate/default/Apply-for-admission/Undergraduate-qualifications/Qualifications/All-qualifications/Bachelor-of-Commerce-in-Industrial-and-Organisational-Psychology-(98308-–-IOP)
Bachelor of Commerce in Law (90123 - LAW),90123,101041,,21,,7,360,"Purpose statement:The purpose of the qualification is to provide learners with integrated knowledge of the central areas of law and commerce, including the disciplines economics, business management, and accounting sciences. This includes an understanding of and ability to apply and evaluate the key terms, concepts, facts, principles, rules and theories in the law and commercial fields.
The qualification prepares learners as potential commercial role players with a solid background in law, who can be trained further to the exact needs of the business and corporate world, and are able to start and manage their own enterprises. Moreover, the qualification provides qualifying learners with the theoretical knowledge and practical skills to gain entry into the formal legal profession (e.g. attorneys/advocates) and other careers in law and related fields. The qualification also sets the foundation for advanced studies in law and/or commerce.","
Rules:
Students who wish to take Financial Accounting as a stream MUST also register for TAX2601.
Students who wish to take Taxation as a stream MUST also register for FAC2601 and FAC1601.
Students who wish to take Economics as a stream MUST also register for RSK2601.
",,https://www.unisa.ac.za/sites/corporate/default/Apply-for-admission/Undergraduate-qualifications/Qualifications/All-qualifications/Bachelor-of-Commerce-in-Law-(90123-–-LAW)
Bachelor of Commerce in Marketing Management (98301 - MKT),98301,83291,,21,,7,360,"Purpose statement:The purpose of the qualification is to provide qualifying students with comprehensive and in-depth knowledge of the principles, major theories and paradigms, methods and technology of the science and profession of the field of marketing and in the process to ensure that they obtain the higher level knowledge in marketing that is expected of an executive in the field of marketing. It further equips them to co-ordinate and contribute to the management of the core marketing management functions of the organisation in line with best practice and quality standards by providing qualifying students with the higher-order cognitive reasoning skills and decision-making abilities to understand and execute the tasks and functions associated with a high level executive in marketing and in the process to advance the science and field of marketing management through research reflection and scientific discourse. This qualification lays a foundation for higher career advancement and further studies in the field of marketing management where these higher order capabilities will be required to advance to learning at masters and doctoral level. 

The modules are specifically selected to grow students' knowledge and deeper understanding of the management science of marketing from the more general aspects and principles covered in the first year modules to a more focused and more in-depth analysis of different marketing principles and issues which will require a deeper dissemination of the information in marketing decision making to ensure that learners have a more advanced knowledge of marketing in the second year; and conclude with strategic marketing management issues and theory focusing on specific issues of relevance consummate with the demands of a global economy and increased demands from customers and top management.","
Rules:
The College has replaced FAC1601 with FAC1602. Students who have already passed FAC1601 in this
curriculum will retain the credit(-s) and will not be required to complete the replacement
module(-s). Curriculum amendments from 2019 include the replacement of MNM1503 with MNM1601,
replacement of MNM1505 with CLA1501, replacement of HRM2605 with STA1610, replacement of MNM2602
with MNM2615, replacement of MNM2608 with MNM2614, replacement of MNM2609 with MNM2604, and MNM2610
with MNM2613. Students who have already passed the modules that were replaced previously in this
qualification, will retain the credits and will not be required to complete the replacement modules.
Students should note that during the course of their studies they would be required to have
access to a computer, printer and the internet.
",,https://www.unisa.ac.za/sites/corporate/default/Apply-for-admission/Undergraduate-qualifications/Qualifications/All-qualifications/Bachelor-of-Commerce-in-Marketing-Management-(98301-–-MKT)
Bachelor of Commerce in Public Procurement Management (98767 - PPM),98767,90668,,21,,7,360,"Purpose statement:The purpose of the qualification is to educate procurement and supply chain practitioners of government departments at national, provincial and municipal levels and in public entities. Qualifying learners will be able to work effectively in procurement and also in any position in Supply Chain Management in the public sector. 

This qualification is aimed at learners who work in the public sector in all spheres of government, specifically in the procurement and supply chain area, and who seek to develop essential public administration, procurement and supply chain management skills needed at functional and higher management levels. 

Qualifying learners will be able to demonstrate knowledge, specific skills and applied competence in fields associated with Public Financial Management, Procurement and Supply Chain Management. The qualification also stresses the value of continuing personal intellectual growth. It should lead to gainful economic activity and ethical conduct and leadership by graduating learners. 

Upon completion of the Bachelor of Commerce in Public Procurement Management, the qualified learner would have been actively engaged in becoming a well-rounded, educated person, specifically preparing for further study and/or the work environment as a procurement and supply chain management practitioner or manager. He or she will have a theoretical foundation that will guide him/her in the work public environment to act as a functional level manager or at higher management levels in the field of public procurement, operations and supply chain management. She or he will have developed and will hold certain ethical values and be able to integrate general public financial, administration, procurement and supply chain related knowledge and skills and the application of theory to practice. 

Graduating learners will also be able to contribute to the theory of Public Procurement and Supply Chain Management when they articulate to higher degrees in Business Management.","
Rules:
Students should note that during the course of their studies they would be required to have access
to a computer, printer and the internet.
",,https://www.unisa.ac.za/sites/corporate/default/Apply-for-admission/Undergraduate-qualifications/Qualifications/All-qualifications/Bachelor-of-Commerce-in-Public-Procurement-Management-(98767-–-PPM)
Bachelor of Commerce in Quantitative Management (98311 - QMA),98311,101097,,21,,7,360,"Purpose statement:The primary purpose of the qualification is to provide qualifiers with graduate-level knowledge, specific skills, applied competence and the necessary attitudes in the fields associated with commerce and industry that prepare them to be lifelong learners, employable workers/entrepreneurs and contributors to society and the business community. 

The second purpose of the qualification is to provide South Africa (and other countries) with functional managers at the middle management level in all sectors of the economy. 

A further purpose of the qualification is to provide graduates with a self-sustaining understanding of the process whereby productive resources are mobilised and utilized with a view to being gainfully employed in serving the material needs of society in a globalised world.","
Rules:
The curriculum for this qualification has been amended significantly in 2019. Students that enrolled
for the pre-2019 curriculum had until the end of 2022 to complete that curriculum or transfer to the
BCom General (98314).  Students that prefer to transfer to the new 2019 curriculum, will be required
to complete all credits as per the revised curriculum.  Students should note that during the course
of their studies they would be required to have access to a computer, printer and the internet.
 
Some of the pre-requisites and/ or co-requisites outlined in this qualification may not apply as
they do not form part of the curriculum.
",,https://www.unisa.ac.za/sites/corporate/default/Apply-for-admission/Undergraduate-qualifications/Qualifications/All-qualifications/Bachelor-of-Commerce-in-Quantitative-Management-(98311-–-QMA)
Bachelor of Commerce in Supply Chain and Operations Management (98766 - SCM),98766,90649,,21,,7,360,"Purpose statement:The purpose of the qualification is to educate purchasing, supply chain and operational practitioners in all types of business organisations. Qualifying learners will be able to work effectively in purchasing, operations and any position in supply chain management in business organisations in various industries and sectors. 

Qualifying learners can demonstrate knowledge, specific skills and applied competence within opportunities for continued personal intellectual growth, gainful economic activity and will function in the field associated with purchasing, the integrated supply chain and operations in business organisations. 
","
Rules:
Students should note that during the course of their studies they would be required to have access
to a computer, printer and the internet.
 
Some of the pre-requisites and/ or co-requisites outlined in this qualification may not apply as
they do not form part of the curriculum.
",,https://www.unisa.ac.za/sites/corporate/default/Apply-for-admission/Undergraduate-qualifications/Qualifications/All-qualifications/Bachelor-of-Commerce-in-Supply-Chain-and-Operations-Management-(98766-–-SCM)
Bachelor of Commerce in Tourism Management (98312 - TRT),98312,101098,,21,,7,360,"Purpose statement:The primary purpose of the qualification is to provide qualifiers with graduate-level knowledge, specific skills, applied competence and the necessary attitudes in the fields associated with commerce and industry that prepare them to be lifelong learners, employable workers/entrepreneurs and contributors to society and the business community. 

The second purpose of the qualification is to provide South Africa (and other countries) with functional managers at the middle management level in all sectors of the economy. 

A further purpose of the qualification is to provide graduates with a self-sustaining understanding of the process whereby productive resources are mobilised and utilized with a view to being gainfully employed in serving the material needs of society in a globalised world.","
Rules:
The College has replaced FAC1601 with FAC1602, ECS2607 with ECS2606 and MNM2602 and MNM2615.
Students that have passed FAC1601, ECS2607 and MNM2602, will retain the credit and will not
be required to complete FAC1602, ECS2607 and MNM2615. Students should note that during the course of
their studies they would be required to have access to a computer, printer and the internet.
",,https://www.unisa.ac.za/sites/corporate/default/Apply-for-admission/Undergraduate-qualifications/Qualifications/All-qualifications/Bachelor-of-Commerce-in-Tourism-Management-(98312-–-TRT)
Bachelor of Commerce in Transport and Logistics (98313 - TRL),98313,101099,,21,,7,360,"Purpose statement:The primary purpose of the qualification is to provide qualifiers with graduate-level knowledge, specific skills, applied competence and the necessary attitudes in the fields associated with commerce and industry that prepare them to be lifelong learners, employable workers/entrepreneurs and contributors to society and the business community. 

The second purpose of the qualification is to provide South Africa (and other countries) with functional managers at the middle management level in all sectors of the economy. 

A further purpose of the qualification is to provide graduates with a self-sustaining understanding of the process whereby productive resources are mobilised and utilized with a view to being gainfully employed in serving the material needs of society in a globalised world.","
Rules:
The College has replaced MNM2602 with MNM2615. Students that have passed MNM2602 in this curriculum
will retain the credit and will not be required to complete MNM2615. Students should note that
during the course of their studies they would be required to have access to a computer, printer and
the internet.
 
Some of the pre-requisites and/ or co-requisites outlined in this qualification may not apply as
they do not form part of the curriculum.
",,https://www.unisa.ac.za/sites/corporate/default/Apply-for-admission/Undergraduate-qualifications/Qualifications/All-qualifications/Bachelor-of-Commerce-in-Transport-and-Logistics-(98313-–-TRL)
Bachelor of Consumer Science Fashion Retail Management (98005 - FAR),Fashion Retail Management,360,,62424,,98005 - FAR,7,"
Rules:
The practical sessions will be conducted in Gauteng.
",APS/AS:,,https://www.unisa.ac.za/sites/corporate/default/Apply-for-admission/Undergraduate-qualifications/Qualifications/All-qualifications/Bachelor-of-Consumer-Science-Fashion-Retail-Management-(98005-–-FAR)
Bachelor of Consumer Science Fashion Small-Business Management (98005 - FSB),Fashion Small-Business Management,360,,62424,,98005 - FSB,7,"
Rules:
The practical sessions will be conducted in Gauteng.
",APS/AS:,,https://www.unisa.ac.za/sites/corporate/default/Apply-for-admission/Undergraduate-qualifications/Qualifications/All-qualifications/Bachelor-of-Consumer-Science-Fashion-Small–Business-Management-(98005-–-FSB)
Bachelor of Consumer Science Food Service Management (98005 - FSM),Food Service Management,360,,62424,,98005 - FSM,7,"
Rules:
The practical sessions will be conducted in Gauteng.
",APS/AS:,,https://www.unisa.ac.za/sites/corporate/default/Apply-for-admission/Undergraduate-qualifications/Qualifications/All-qualifications/Bachelor-of-Consumer-Science-Food-Service-Management-(98005-–-FSM)
Bachelor of Consumer Science Food and Clothing (98005 - FCL),Food and Clothing,360,,62424,,98005 - FCL,7,"
Rules:
The practical sessions will be conducted in Gauteng.
",APS/AS:,,https://www.unisa.ac.za/sites/corporate/default/Apply-for-admission/Undergraduate-qualifications/Qualifications/All-qualifications/Bachelor-of-Consumer-Science-Food-and-Clothing-(98005-–-FCL)
Bachelor of Consumer Science Food and Nutrition (98005 - FNU),Food and Nutrition,360,,62424,,98005 - FNU,7,"
Rules:
The B degree Consumer Science (Food & Nutrition Stream) aims to train Consumer Scientists
 knowledgeable in nutrition. This qualification will not enable students to register with the Health
 Professions Council of South Africa (HPCSA) as a dietician or nutritionist. The practical sessions
 will be conducted in Gauteng.
",APS/AS:,,https://www.unisa.ac.za/sites/corporate/default/Apply-for-admission/Undergraduate-qualifications/Qualifications/All-qualifications/Bachelor-of-Consumer-Science-Food-and-Nutrition-(98005-–-FNU)
Bachelor of Consumer Science Hospitality Management (98005 - HOM),Hospitality Management,360,,62424,,98005 - HOM,7,"
Rules:
The practical sessions will be conducted in Gauteng.
",APS/AS:,,https://www.unisa.ac.za/sites/corporate/default/Apply-for-admission/Undergraduate-qualifications/Qualifications/All-qualifications/Bachelor-of-Consumer-Science-Hospitality-Management-(98005-–-HOM)
Bachelor of Education in Senior Phase and Further Education and Training Teaching School subject combination:  Art and Life Orientation (90104 - ARP),School subject combination:  Art and Life Orientation,480,,103108,,90104 - ARP,7,"
Rules:
This BEd degree is offered with different streams/School Subject Combinations. Each combination is
structured for a specific teaching field and students need to follow one of these. Students may only
offer one of these combinations, unless DHET (Department of Higher Education and Training) approves
the offering of a second BEd degree in a different School Subject Combination.
 
A student who has successfully completed this qualification will be able to teach from Grades 7 to
12 in the School Subject Combination selected. Teaching Practice is a compulsory component in this
program and must be taken according to the specific criteria every year. Five weeks practical is
required every year, and three weeks must be offered consecutively. This qualification comprises
both semester and year modules. Year modules may only be registered during the January registration
period of each academic year.
 
Students must also register themselves with SACE (South African Council for Educators) from the
first year of BEd registration. Please visit the SACE website for more information:
https://www.sace.org.za/
 
With the migration from the non-aligned BEd to aligned BEd, transitional arrangements have been
approved by the College of Education unique to this specific degree and stream, and is not
transferable to any other qualification and/or stream.
IMPORTANT: Students must register the relevant Teaching Methodology in each year of registration
with the applicable Teaching Practice module of the academic level. UNISA reserves the right to
cancel any teaching practice module that is not registered concurrently with the relevant teaching
methodology.
Some of the pre-requisites and/ or co-requisites outlined in this qualification may not apply, as
they do not form part of the curriculum.
Note that SPE1507 has been replaced by
NSO1507. Students who have passed the SPE
modules do not need to do the NSO modules.
",APS/AS:,,https://www.unisa.ac.za/sites/corporate/default/Apply-for-admission/Undergraduate-qualifications/Qualifications/All-qualifications/Bachelor-of-Education-in-Senior-Phase-and-Further-Education-and-Training-Teaching-School-subject-combination:--Art-and-Life-Orientation-(90104-–-ARP)
Bachelor of Education in Senior Phase and Further Education and Training Teaching School subject combination: Agriculture and Management (90104 - AGM),School subject combination: Agriculture and Management,480,,103108,,90104 - AGM,7,"
Rules:
This BEd degree is offered with different streams/School Subject Combinations. Each combination is
structured for a specific teaching field and students need to follow one of these. Students may only
offer one of these combinations, unless DHET (Department of Higher Education and Training) approves
the offering of a second BEd degree in a different School Subject Combination.
 
A student who has successfully completed this qualification will be able to teach from Grades 7 to
12 in the School Subject Combination selected. Teaching Practice is a compulsory component in this
program and must be taken according to the specific criteria every year. Five weeks practical is
required every year, and three weeks must be offered consecutively. This qualification comprises
both semester and year modules. Year modules may only be registered during the January registration
period of each academic year.
 
Students must also register themselves with SACE (South African Council for Educators) from the
first year of BEd registration. Please visit the SACE website for more information:
https://www.sace.org.za/
 
With the migration from the non-aligned BEd to aligned BEd, transitional arrangements have been
approved by the College of Education unique to this specific degree and stream, and is not
transferable to any other qualification and/or stream.
IMPORTANT: Students must register the relevant Teaching Methodology in each year of registration
with the applicable Teaching Practice module of the academic level. UNISA reserves the right to
cancel any teaching practice module that is not registered concurrently with the relevant teaching
methodology.
Some of the pre-requisites and/ or co-requisites outlined in this qualification may not apply, as
they do not form part of the curriculum.
Note that SPE1507 has been replaced by NSO1507. Students who have passed the SPE
modules do not need to do the NSO modules.
",APS/AS:,,https://www.unisa.ac.za/sites/corporate/default/Apply-for-admission/Undergraduate-qualifications/Qualifications/All-qualifications/Bachelor-of-Education-in-Senior-Phase-and-Further-Education-and-Training-Teaching-School-subject-combination:-Agriculture-and-Management-(90104-–-AGM)
Bachelor of Education in Senior Phase and Further Education and Training Teaching School subject combination: Computer Application Technology (90104 - CAT),School subject combination: Computer Application Technology,480,,103108,,90104 - CAT,7,"
Rules:
This BEd degree is offered with different Streams/School Subject Combinations. Each combination is
structured for a specific teaching field and students need to follow one of these. Students may only
offer one of these combinations, unless DHET (Department of Higher Education and Training) approves
the offering of a second BEd degree in a different School Subject Combination.
 
This School Subject Combination entails the study of visual programming and databases combined with
Business Management and will equip a student to teach Business Studies and Computer Applications
Technology the FET phase.
 
A student who has successfully completed this qualification will be able to teach from Grades 7 to
12 in the School Subject Combination selected. Teaching Practice is a compulsory component in this
program and must be taken according to the specific criteria every year. Five weeks practical is
required every year, and three weeks must be offered consecutively. This qualification comprises
both semester and year modules. Year modules may only be registered during the January registration
period of each academic year.
 
Students must also register themselves with SACE (South African Council for Educators) from the
first year of BEd registration. Please visit the SACE website for more information:
https://www.sace.org.za/
 
With the migration from the non-aligned BEd to aligned BEd, transitional arrangements have been
approved by the College of Education unique to this specific degree and stream, and is not
transferable to any other qualification and/or stream.
 IMPORTANT: Students must register the relevant Teaching Methodology in each year of registration
with the applicable Teaching Practice module of the academic level. UNISA reserves the right to
cancel any teaching practice module that is not registered concurrently with the relevant teaching
methodology.
Some of the pre-requisites and/ or co-requisites outlined in this qualification may not apply, as
they do not form part of the curriculum.
Note that SPE1507 has been replaced by
NSO1507. Students who have passed the SPE
",APS/AS:,,https://www.unisa.ac.za/sites/corporate/default/Apply-for-admission/Undergraduate-qualifications/Qualifications/All-qualifications/Bachelor-of-Education-in-Senior-Phase-and-Further-Education-and-Training-Teaching-School-subject-combination:-Computer-Application-Technology-(90104-–-CAT)
Bachelor of Education in Senior Phase and Further Education and Training Teaching School subject combination: Consumer Studies (90104 - CON),School subject combination: Consumer Studies,480,,103108,,90104 - CON,7,"
Rules:
This BEd degree is offered with different streams/School Subject Combinations. Each combination is
structured for a specific teaching field and students need to follow one of these. Students may only
offer one of these combinations, unless DHET (Department of Higher Education and Training) approves
the offering of a second BEd degree in a different School Subject Combination.
 
This School Subject Combination entails the study of Food, clothing, nutrition, Business Management,
which will equip students with the knowledge to teach Consumer Studies & Business Studies in the FET
phase.
 
A student who has successfully completed this qualification will be able to teach from Grades 7 to
12 in the School Subject Combination selected. Teaching Practice is a compulsory component in this
program and must be taken according to the specific criteria every year. Five weeks practical is
required every year, and three weeks must be offered consecutively. This qualification comprises
both semester and year modules. Year modules may only be registered during the January registration
period of each academic year.
 
Students must also register themselves with SACE (South African Council for Educators) from the
first year of BEd registration. Please visit the SACE website for more information:
https://www.sace.org.za/
 
With the migration from the non-aligned BEd to aligned BEd, transitional arrangements have been
approved by the College of Education unique to this specific degree and stream, and is not
transferable to any other qualification and/or stream.
IMPORTANT: Students must register the relevant Teaching Methodology in each year of registration
with the applicable Teaching Practice module of the academic level. UNISA reserves the right to
cancel any teaching practice module that is not registered concurrently with the relevant teaching
methodology.
Some of the pre-requisites and/ or co-requisites outlined in this qualification may not apply, as
they do not form part of the curriculum.
Note that SPE1507 has been replaced by
NSO1507. Students who have passed the SPE
",APS/AS:,,https://www.unisa.ac.za/sites/corporate/default/Apply-for-admission/Undergraduate-qualifications/Qualifications/All-qualifications/Bachelor-of-Education-in-Senior-Phase-and-Further-Education-and-Training-Teaching-School-subject-combination:-Consumer-Studies-(90104-–-CON)
Bachelor of Education in Senior Phase and Further Education and Training Teaching School subject combination: Financial Accounting (90104 - FAC),School subject combination: Financial Accounting,480,,103108,,90104 - FAC,7,"
Rules:
This BEd degree is different streams/School Subject Combinations. Each combination is structured for
a specific teaching field and students need to follow one of these. Students may only offer one of
these combinations, unless DHET (Department of Higher Education and Training) approves the offering
of a second BEd degree in a different School Subject Combination.
 
 This School Subject Combination entails the study of Accounting and Business Management. This will
equip students with the knowledge to teach Financial Accounting and Business Studies in the FET
phase.
 
A student who has successfully completed this qualification will be able to teach from Grades 7 to
12 in the School Subject Combination selected. Teaching Practice is a compulsory component in this
program and must be taken according to the specific criteria every year. Five weeks practical is
required every year, and three weeks must be offered consecutively. This qualification comprises
both semester and year modules. Year modules may only be registered during the January registration
period of each academic year.
 
Students must also register themselves with SACE (South African Council for Educators) from the
first year of BEd registration. Please visit the SACE website for more information:
https://www.sace.org.za/
 
With the migration from the non-aligned BEd to aligned BEd, transitional arrangements have been
approved by the College of Education unique to this specific degree and stream, and is not
transferable to any other qualification and/or stream.
IMPORTANT: Students must register the relevant Teaching Methodology in each year of registration
with the applicable Teaching Practice module of the academic level. UNISA reserves the right to
cancel any teaching practice module that is not registered concurrently with the relevant teaching
methodology.
Some of the pre-requisites and/ or co-requisites outlined in this qualification may not apply, as
they do not form part of the curriculum.
Note that SPE1507 has been replaced by
NSO1507. Students who have passed the SPE
",APS/AS:,,https://www.unisa.ac.za/sites/corporate/default/Apply-for-admission/Undergraduate-qualifications/Qualifications/All-qualifications/Bachelor-of-Education-in-Senior-Phase-and-Further-Education-and-Training-Teaching-School-subject-combination:-Financial-Accounting-(90104-–-FAC)
Bachelor of Education in Senior Phase and Further Education and Training Teaching School subject combination: Hospitality Studies and Business Studies (90104 - HSB),School subject combination: Hospitality Studies and Business Studies,480,,103108,,90104 - HSB,7,"
Rules:
This BEd degree is offered with Different Stream/School Subject Combinations. Each combination is
structured for a specific teaching field and students need to follow one of these. Students may only
offer one of these combinations, unless DHET (Department of Higher Education and Training) approves
the offering of a second BEd degree in a different School Subject Combination.
 
This School Subject Combination entails the study of Food and Nutrition, Business Management, which
will equip students with the knowledge to teach Hospitality Studies & Business Studies in the FET
Phase.
 
A student who has successfully completed this qualification will be able to teach from Grades 7 to
12 in the School Subject Combination selected. Teaching Practice is a compulsory component in this
program and must be taken according to the specific criteria every year. Five weeks practical is
required every year, and three weeks must be offered consecutively. This qualification comprises
both semester and year modules. Year modules may only be registered during the January registration
period of each academic year.
 
Students must also register themselves with SACE (South African Council for Educators) from the
first year of BEd registration. Please visit the SACE website for more information:
https://www.sace.org.za/
 
With the migration from the non-aligned BEd to aligned BEd, transitional arrangements have been
approved by the College of Education unique to this specific degree and stream, and is not
transferable to any other qualification and/or stream.
IMPORTANT: Students must register the relevant Teaching Methodology in each year of registration
with the applicable Teaching Practice module of the academic level. UNISA reserves the right to
cancel any teaching practice module that is not registered concurrently with the relevant teaching
methodology.
Some of the pre-requisites and/ or co-requisites outlined in this qualification may
not apply, as they do not form part of the curriculum.
Note that SPE1507 has been replaced by
NSO1507. Students who have passed the SPE
",APS/AS:,,https://www.unisa.ac.za/sites/corporate/default/Apply-for-admission/Undergraduate-qualifications/Qualifications/All-qualifications/Bachelor-of-Education-in-Senior-Phase-and-Further-Education-and-Training-Teaching-School-subject-combination:-Hospitality-Studies-and-Business-Studies-(90104-–-HSB)
Bachelor of Education in Senior Phase and Further Education and Training Teaching School subject combination: Information Technology (90104 - IFT),School subject combination: Information Technology,480,,103108,,90104 - IFT,7,"
Rules:
This BEd degree is offered with Different streams/School Subject Combinations. Each combination is
structured for a specific teaching field and students need to follow one of these. Students may only
offer one of these combinations, unless DHET (Department of Higher Education and Training) approves
the offering of a second BEd degree in a different School Subject Combination.
 
This School Subject Combination entails the study of programming and the incremental testing of
programs, which will equip students with the knowledge to teach Information Technology in the FET
Phase. Students who register for any Computer Science or Information Systems modules should: (a)
have access to an Internet cafe or a Unisa Regional Learning Centre or other Internet.
 
A student who has successfully completed this qualification will be able to teach from Grades 7 to
12 in the School Subject Combination selected. Teaching Practice is a compulsory component in this
program and must be taken according to the specific criteria every year. Five weeks practical is
required every year, and three weeks must be offered consecutively. This qualification comprises
both semester and year modules. Year modules may only be registered during the January registration
period of each academic year.
 
Students must also register themselves with SACE (South African Council for Educators) from the
first year of BEd registration. Please visit the SACE website for more information:
https://www.sace.org.za/
 
 With the migration from the non-aligned BEd to aligned BEd, transitional arrangements have been
approved by the College of Education unique to this specific degree and stream, and is not
transferable to any other qualification and/or stream.
IMPORTANT: Students must register the relevant Teaching Methodology in each year of registration
with the applicable Teaching Practice module of the academic level. UNISA reserves the right to
cancel any teaching practice module that is not registered concurrently with the relevant
teachingmethodology.
Some of the pre-requisites and/ or co-requisites outlined in this qualification may not apply, as
they do not form part of the curriculum.
Note that SPE1507 has been replaced by
",APS/AS:,,https://www.unisa.ac.za/sites/corporate/default/Apply-for-admission/Undergraduate-qualifications/Qualifications/All-qualifications/Bachelor-of-Education-in-Senior-Phase-and-Further-Education-and-Training-Teaching-School-subject-combination:-Information-Technology-(90104-–-IFT)
Bachelor of Education in Senior Phase and Further Education and Training Teaching School subject combination: Mathematical Literacy and Economics (90104 - MLE),School subject combination: Mathematical Literacy and Economics,480,,103108,,90104 - MLE,7,"
Rules:
This BEd degree is offered with different streams/School Subject Combinations. Each combination is
structured for a specific teaching field and students need to follow one of these. Students may only
offer one of these combinations, unless DHET (Department of Higher Education and Training) approves
the offering of a second BEd degree in a different School Subject Combination.
 
This School Subject Combination entails the study of Mathematical Literacy and Economics. A student
who has successfully completed this qualification will be able to teach from Grades 7 to 12 in the
School Subject Combination selected. Teaching Practice is a compulsory component in this program and
must be taken according to the specific criteria every year. Five weeks practical is required every
year, and three weeks must be offered consecutively. This qualification comprises both semester and
year modules. Year modules may only be registered during the January registration period of each
academic year.
 
Students must also register themselves with SACE (South African Council for Educators) from the
first year of BEd registration. Please visit the SACE website for more information:
https://www.sace.org.za/
 
With the migration from the non-aligned BEd to aligned BEd, transitional arrangements have been
approved by the College of Education unique to this specific degree and stream, and is not
transferable to any other qualification and/or stream.
 
IMPORTANT: Students must register the relevant Teaching Methodology in each year of registration
with the applicable Teaching Practice module of the academic level. UNISA reserves the right to
cancel any teaching practice module that is not registered concurrently with the relevant teaching
methodology.
Some of the pre-requisites and/ or co-requisites outlined in this qualification may not apply, as
they do not form part of the curriculum.
Note that SPE1507 has been replaced by
NSO1507. Students who have passed the SPE
modules do not need to do the NSO modules.
",APS/AS:,,https://www.unisa.ac.za/sites/corporate/default/Apply-for-admission/Undergraduate-qualifications/Qualifications/All-qualifications/Bachelor-of-Education-in-Senior-Phase-and-Further-Education-and-Training-Teaching-School-subject-combination:-Mathematical-Literacy-and-Economics-(90104-–-MLE)
Bachelor of Education in Senior Phase and Further Education and Training Teaching School subject combination: Religious Studies (90104 - RES),School subject combination: Religious Studies,480,,103108,,90104 - RES,7,"
Rules:
This BEd degree is offered with different streams/School Subject Combinations. Each combination is
structured for a specific teaching field and students need to follow one of these. Students may only
offer one of these combinations, unless DHET (Department of Higher Education and Training) approves
the offering of a second BEd degree in a different School Subject Combination.
 
This School Subject Combination entails the study of Religion (Biblical Studies or Islamic Studies),
combined with Psychology, which will equip students to teach Life Orientation & Religion Studies in
the FET Phase.
 
A student who has successfully completed this qualification will be able to teach from Grades 7 to
12 in the School Subject Combination selected. Teaching Practice is a compulsory component in this
program and must be taken according to the specific criteria every year. Five weeks practical is
required every year, and three weeks must be offered consecutively. This qualification comprises
both semester and year modules. Year modules may only be registered during the January registration
period of each academic year.
 
Students must also register themselves with SACE (South African Council for Educators) from the
first year of BEd registration. Please visit the SACE website for more information:
https://www.sace.org.za/.
 
 With the migration from the non-aligned BEd to aligned BEd, transitional arrangements have been
approved by the College of Education unique to this specific degree and stream, and is not
transferable to any other qualification and/or stream.
IMPORTANT: Students must register the relevant Teaching Methodology in each year of registration
with the applicable Teaching Practice module of the academic level. UNISA reserves the right to
cancel any teaching practice module that is not registered concurrently with the relevant teaching
methodology.
Some of the pre-requisites and/ or co-requisites outlined in this qualification may not apply, as
they do not form part of the curriculum.
Note that SPE1507 has been replaced by
NSO1507. Students who have passed the SPE
",APS/AS:,,https://www.unisa.ac.za/sites/corporate/default/Apply-for-admission/Undergraduate-qualifications/Qualifications/All-qualifications/Bachelor-of-Education-in-Senior-Phase-and-Further-Education-and-Training-Teaching-School-subject-combination:-Religious-Studies-(90104-–-RES)
Bachelor of Education in Senior Phase and Further Education and Training Teaching School subject combination: Tourism and Geography (90104 - TRG),School subject combination: Tourism and Geography,480,,103108,,90104 - TRG,7,"
Rules:
This BEd degree is offered with different Streams/School Subject Combinations. Each combination is
structured for a specific teaching field and students need to follow one of these. Students may only
offer one of these combinations, unless DHET (Department of Higher Education and Training) approves
the offering of a second BEd degree in a different School Subject Combination.
 
This School Subject Combination entails the study of Tourism and Geography.
 
A student who has successfully completed this qualification will be able to teach from Grades 7 to
12 in the School Subject Combination selected. Teaching Practice is a compulsory component in this
program and must be taken according to the specific criteria every year. Five weeks practical is
required every year, and three weeks must be offered consecutively. This qualification comprises
both semester and year modules. Year modules may only be registered during the January registration
period of each academic year.
 
Students must also register themselves with SACE (South African Council for Educators) from the
first year of BEd registration. Please visit the SACE website for more information:
https://www.sace.org.za/
 
With the migration from the non-aligned BEd to aligned BEd, transitional arrangements have been
approved by the College of Education unique to this specific degree and stream, and is not
transferable to any other qualification and/or stream.
IMPORTANT: Students must register the relevant Teaching Methodology in each year of registration
with the applicable Teaching Practice module of the academic level. UNISA reserves the right to
cancel any teaching practice module that is not registered concurrently with the relevant teaching
methodology.
 
Some of the pre-requisites and/ or co-requisites outlined in this qualification may not apply, as
they do not form part of the curriculum.
 
Note that SPE1507 has been replaced by NSO1507. Students who have passed the SPE modules do not need
to do the NSO modules.
",APS/AS:,,https://www.unisa.ac.za/sites/corporate/default/Apply-for-admission/Undergraduate-qualifications/Qualifications/All-qualifications/Bachelor-of-Education-in-Senior-Phase-and-Further-Education-and-Training-Teaching-School-subject-combination:-Tourism-and-Geography-(90104-–-TRG)
Bachelor of Education in Senior Phase and Further Education and Training Teaching School subject combination: Tourism and Management (90104 - TRM),School subject combination: Tourism and Management,480,,103108,,90104 - TRM,7,"
Rules:
This BEd degree is offered with different Streams/School Subject Combinations. Each combination is
structured for a specific teaching field and students need to follow one of these. Students may only
offer one of these combinations, unless DHET (Department of Higher Education and Training) approves
the offering of a second BEd degree in a different School Subject Combination.
 
This School Subject Combination entails the study of Tourism and Business Management, which will
equip students with the knowledge to teach Tourism & Business Studies in the FET phase.
 
A student who has successfully completed this qualification will be able to teach from Grades 7 to
12 in the School Subject Combination selected. Teaching Practice is a compulsory component in this
program and must be taken according to the specific criteria every year. Five weeks practical is
required every year, and three weeks must be offered consecutively. This qualification comprises
both semester and year modules. Year modules may only be registered during the January registration
period of each academic year.
 
Students must also register themselves with SACE (South African Council for Educators) from the
first year of BEd registration. Please visit the SACE website for more information:
https://www.sace.org.za/.
 
With the migration from the non-aligned BEd to aligned BEd, transitional arrangements have been
approved by the College of Education unique to this specific degree and stream, and is not
transferable to any other qualification and/or stream.
IMPORTANT: Students must register the relevant Teaching Methodology in each year of registration
with the applicable Teaching Practice module of the academic level. UNISA reserves the right to
cancel any teaching practice module that is not registered concurrently with the relevant teaching
methodology.
Some of the pre-requisites and/ or co-requisites outlined in this qualification may not apply, as
they do not form part of the curriculum.
Note that SPE1507 has been replaced by
NSO1507. Students who have passed the SPE
modules do not need to do the NSO modules.
",APS/AS:,,https://www.unisa.ac.za/sites/corporate/default/Apply-for-admission/Undergraduate-qualifications/Qualifications/All-qualifications/Bachelor-of-Education-in-Senior-Phase-and-Further-Education-and-Training-Teaching-School-subject-combination:-Tourism-and-Management-(90104-–-TRM)
Bachelor of Music (90089),90089,101510,,20,,7,360,"Purpose statement:This qualification prepares qualifying students to function as professional musicians, composers, music industry specialists, and music scholars. Qualifying students will have specialist knowledge and skills in African music, composition studies, music technology, musicology, ethnomusicology, music theory, and the music business. They will be able to interpret music from historical and oral sources, compose music in a range of popular, jazz, and art music styles, and orchestrate combinations of African and Western musical instruments. On completion of their studies students are qualified for careers as professional musicians as composers, producers, and researchers, or in collaboration with other musicians in recording, editing, and mastering professional work for the recording industry. Graduates will be qualified to work in the music business and the creative arts industries in general. Graduates will also be qualified to work  in the educational sector,  as music critics and writers, and as composers and producers for film, television, radio, and broadcast media. Graduates will be qualified to conduct basic research, and for admission to postgraduate studies in musicology, ethnomusicology, music theory, and composition studies.","
Rules:
This qualification consists of 27 modules.
 
The current BMus programme, known as the Bachelor of Music in Musicology, will be phased out from
2019 onwards, and replaced with the new BMus, Bachelor of Music degree. All incoming students will
register for the new programme. Students currently in the old programme will have until 2023 to
finish this programme, with 1st level subjects offered until the end of 2018, 2nd level until the
end of 2019, and 3rd level until the end of 2020. Opportunities to re-register for failed subjects
will be offered for four years after the end of each level, with an additional year to take
supplementary and special exams, i.e., until the end of 2021 for 1st level, 2022 for 2nd level and
2023 for 3rd level. Thereafter, students will be transitioned into the new programme.
 
Students who have completed less than 50% of the old programme will be transitioned into the new
programme in 2019 (1st level) and 2020 (2nd level). Students who have completed more than 50% of the
old programme will have until 2023 to complete their degrees and will be permitted to finish this
qualification, uninterrupted, as per the policies and rules of the University. There are certain
special cases for particular modules, as shown below: BA electives: Students, who have completed up
to 24 credits of BA modules in terms of the electives for the Bachelor of Music in Musicology at 1st
level, or 36 credits at 2nd level, will be exempt from a similar number of credits for specific
modules in the new Bachelor of Music degree.
 
Some of the pre-requisites and/ or co-requisites outlined in this qualification may not apply as
they do not form part of the curriculum.
 
Students should note that during the course of their studies they would be required to have access
to a computer or laptop, printer and the internet.
",,https://www.unisa.ac.za/sites/corporate/default/Apply-for-admission/Undergraduate-qualifications/Qualifications/All-qualifications/Bachelor-of-Music-(90089)
Bachelor of Science in Agricultural Science Agricultural Business and Management (90082 - ABM),Agricultural Business and Management,480,,99030,,90082 - ABM,8,"
Rules:
Some of the pre-requisites and/or co-requisites outlined in this qualification may not apply as they
do not form part of the curriculum.
",APS/AS:,,https://www.unisa.ac.za/sites/corporate/default/Apply-for-admission/Undergraduate-qualifications/Qualifications/All-qualifications/Bachelor-of-Science-in-Agricultural-Science-Agricultural-Business-and-Management-(90082-–-ABM)
Bachelor of Science in Agricultural Science Animal Science (90082 - ANS),Animal Science,480,,99030,,90082 - ANS,8,"
Rules:
Some of the pre-requisites and/or co requisites outlined in this qualification may not apply as they
do not form part of the curriculum.
",APS/AS:,,https://www.unisa.ac.za/sites/corporate/default/Apply-for-admission/Undergraduate-qualifications/Qualifications/All-qualifications/Bachelor-of-Science-in-Agricultural-Science-Animal-Science-(90082-–-ANS)
Bachelor of Science in Agricultural Science Plant Science (90082 - PLS),Plant Science,480,,99030,,90082 - PLS,8,"
Rules:
Some of the pre-requisites and/or co-requisites outlined in this qualification may not apply as they
do not form part of the curriculum.
",APS/AS:,,https://www.unisa.ac.za/sites/corporate/default/Apply-for-admission/Undergraduate-qualifications/Qualifications/All-qualifications/Bachelor-of-Science-in-Agricultural-Science-Plant-Science-(90082-–-PLS)
Bachelor of Science in Environmental Management Botany (98052 - EBO),Botany,360,,101233,,98052 - EBO,7,"
Rules:
Some of the pre-requisites and/or co-requisites on PUB3701 outlined in this qualification may not
apply as they do not form part of the curriculum.
",APS/AS:,,https://www.unisa.ac.za/sites/corporate/default/Apply-for-admission/Undergraduate-qualifications/Qualifications/All-qualifications/Bachelor-of-Science-in-Environmental-Management-Botany-(98052-–-EBO)
Bachelor of Science in Environmental Management Chemistry (98052 - ECH),Chemistry,360,,101233,,98052 - ECH,7,"
Rules:
Some of the pre-requisites and/or co-requisites on PUB2606 & PUB3701 outlined in this qualification
may not apply as they do not form part of the curriculum.
",APS/AS:,,https://www.unisa.ac.za/sites/corporate/default/Apply-for-admission/Undergraduate-qualifications/Qualifications/All-qualifications/Bachelor-of-Science-in-Environmental-Management-Chemistry-(98052-–-ECH)
Bachelor of Science in Environmental Management Zoology (98052 - EZO),Zoology,360,,101233,,98052 - EZO,7,"
Rules:
Some of the pre-requisites and/or co-requisites on PUB3701 outlined in this qualification may not
apply as they do not form part of the curriculum.
",APS/AS:,,https://www.unisa.ac.za/sites/corporate/default/Apply-for-admission/Undergraduate-qualifications/Qualifications/All-qualifications/Bachelor-of-Science-in-Environmental-Management-Zoology-(98052-–-EZO)
Bachelor of Science in Life Sciences Biochemistry (or Physiology or Microbiology) with Business Management (98053 - BBM),Biochemistry (or Physiology or Microbiology) with Business Management,360,,101234,,98053 - BBM,7,"Purpose statement:The purpose of this qualification is: 1) To produce science graduates who have the following attributes - a systematic and coherent body of knowledge and an understanding of underlying concepts and principles; the ability to access and evaluate scientific information including knowing how scientific knowledge is created; a high level of cognitive and other generic skills including problem-solving, written and spoken communication and computer literacy and competence in applying knowledge through basic research methods and practice; 2) To provide every graduate with a sufficient depth of knowledge and skills that give opportunities for continued personal intellectual growth - including postgraduate study - for gainful economic activity in a range of careers and for rewarding and constructive contributions to society. 3) To provide society with science graduates who demonstrate initiative and responsibility, who are professional and ethical in their roles within the economy and society and who are able to be intellectual leaders within their society and 4) To produce graduates in all scientific fields in order to increase, widen and transform the leadership base in South Africa, both for innovation and science-based economic and research development and for the education of future generations of scientists, technologists, engineers and other professional people.",APS/AS:,,https://www.unisa.ac.za/sites/corporate/default/Apply-for-admission/Undergraduate-qualifications/Qualifications/All-qualifications/Bachelor-of-Science-in-Life-Sciences-Biochemistry-(or-Physiology-or-Microbiology)-with-Business-Management-(98053-–-BBM)
Bachelor of Science in Life Sciences Biochemistry and Botany (98053 - BAB),Biochemistry and Botany,360,,101234,,98053 - BAB,7,"Purpose statement:The purpose of this qualification is: 1) To produce science graduates who have the following attributes - a systematic and coherent body of knowledge and an understanding of underlying concepts and principles; the ability to access and evaluate scientific information including knowing how scientific knowledge is created; a high level of cognitive and other generic skills including problem-solving, written and spoken communication and computer literacy and competence in applying knowledge through basic research methods and practice; 2) To provide every graduate with a sufficient depth of knowledge and skills that give opportunities for continued personal intellectual growth - including postgraduate study - for gainful economic activity in a range of careers and for rewarding and constructive contributions to society. 3) To provide society with science graduates who demonstrate initiative and responsibility, who are professional and ethical in their roles within the economy and society and who are able to be intellectual leaders within their society and 4) To produce graduates in all scientific fields in order to increase, widen and transform the leadership base in South Africa, both for innovation and science-based economic and research development and for the education of future generations of scientists, technologists, engineers and other professional people.",APS/AS:,,https://www.unisa.ac.za/sites/corporate/default/Apply-for-admission/Undergraduate-qualifications/Qualifications/All-qualifications/Bachelor-of-Science-in-Life-Sciences-Biochemistry-and-Botany-(98053-–-BAB)
Bachelor of Science in Life Sciences Biochemistry and Microbiology (98053 - BAM),Biochemistry and Microbiology,360,,101234,,98053 - BAM,7,"Purpose statement:The purpose of this qualification is: 1) To produce science graduates who have the following attributes - a systematic and coherent body of knowledge and an understanding of underlying concepts and principles; the ability to access and evaluate scientific information including knowing how scientific knowledge is created; a high level of cognitive and other generic skills including problem-solving, written and spoken communication and computer literacy and competence in applying knowledge through basic research methods and practice; 2) To provide every graduate with a sufficient depth of knowledge and skills that give opportunities for continued personal intellectual growth - including postgraduate study - for gainful economic activity in a range of careers and for rewarding and constructive contributions to society. 3) To provide society with science graduates who demonstrate initiative and responsibility, who are professional and ethical in their roles within the economy and society and who are able to be intellectual leaders within their society and 4) To produce graduates in all scientific fields in order to increase, widen and transform the leadership base in South Africa, both for innovation and science-based economic and research development and for the education of future generations of scientists, technologists, engineers and other professional people.",APS/AS:,,https://www.unisa.ac.za/sites/corporate/default/Apply-for-admission/Undergraduate-qualifications/Qualifications/All-qualifications/Bachelor-of-Science-in-Life-Sciences-Biochemistry-and-Microbiology-(98053-–-BAM)
Bachelor of Science in Life Sciences Biochemistry and Physiology (98053 - BAP),Biochemistry and Physiology,360,,101234,,98053 - BAP,7,"Purpose statement:The purpose of this qualification is: 1) To produce science graduates who have the following attributes - a systematic and coherent body of knowledge and an understanding of underlying concepts and principles; the ability to access and evaluate scientific information including knowing how scientific knowledge is created; a high level of cognitive and other generic skills including problem-solving, written and spoken communication and computer literacy and competence in applying knowledge through basic research methods and practice; 2) To provide every graduate with a sufficient depth of knowledge and skills that give opportunities for continued personal intellectual growth - including postgraduate study - for gainful economic activity in a range of careers and for rewarding and constructive contributions to society. 3) To provide society with science graduates who demonstrate initiative and responsibility, who are professional and ethical in their roles within the economy and society and who are able to be intellectual leaders within their society and 4) To produce graduates in all scientific fields in order to increase, widen and transform the leadership base in South Africa, both for innovation and science-based economic and research development and for the education of future generations of scientists, technologists, engineers and other professional people.",APS/AS:,,https://www.unisa.ac.za/sites/corporate/default/Apply-for-admission/Undergraduate-qualifications/Qualifications/All-qualifications/Bachelor-of-Science-in-Life-Sciences-Biochemistry-and-Physiology-(98053-–-BAP)
Bachelor of Science in Life Sciences Biochemistry and Zoology (98053 - BAZ),Biochemistry and Zoology,360,,101234,,98053 - BAZ,7,"Purpose statement:The purpose of this qualification is: 1) To produce science graduates who have the following attributes - a systematic and coherent body of knowledge and an understanding of underlying concepts and principles; the ability to access and evaluate scientific information including knowing how scientific knowledge is created; a high level of cognitive and other generic skills including problem-solving, written and spoken communication and computer literacy and competence in applying knowledge through basic research methods and practice; 2) To provide every graduate with a sufficient depth of knowledge and skills that give opportunities for continued personal intellectual growth - including postgraduate study - for gainful economic activity in a range of careers and for rewarding and constructive contributions to society. 3) To provide society with science graduates who demonstrate initiative and responsibility, who are professional and ethical in their roles within the economy and society and who are able to be intellectual leaders within their society and 4) To produce graduates in all scientific fields in order to increase, widen and transform the leadership base in South Africa, both for innovation and science-based economic and research development and for the education of future generations of scientists, technologists, engineers and other professional people.",APS/AS:,,https://www.unisa.ac.za/sites/corporate/default/Apply-for-admission/Undergraduate-qualifications/Qualifications/All-qualifications/Bachelor-of-Science-in-Life-Sciences-Biochemistry-and-Zoology-(98053-–-BAZ)
Bachelor of Science in Life Sciences Biomedical Sciences (98053 - BMI),Biomedical Sciences,360,,101234,,98053 - BMI,7,"
Rules:Students who have passed BOT2605 will be exempted for NUT2601.",APS/AS:,,https://www.unisa.ac.za/sites/corporate/default/Apply-for-admission/Undergraduate-qualifications/Qualifications/All-qualifications/Bachelor-of-Science-in-Life-Sciences-Biomedical-Sciences-(98053-–-BMI)
Bachelor of Science in Life Sciences Biotechnology (98053 - BIT),Biotechnology,360,,101234,,98053 - BIT,7,"
Rules:
Some of the pre-requisites and/or co-requisites outlined in this qualification may not apply as they
do not form part of the curriculum.
",APS/AS:,,https://www.unisa.ac.za/sites/corporate/default/Apply-for-admission/Undergraduate-qualifications/Qualifications/All-qualifications/Bachelor-of-Science-in-Life-Sciences-Biotechnology-(98053-–-BIT)
Bachelor of Science in Life Sciences Botany and Microbiology (98053 - BNM),Botany and Microbiology,360,,101234,,98053 - BNM,7,"Purpose statement:The purpose of this qualification is: 1) To produce science graduates who have the following attributes - a systematic and coherent body of knowledge and an understanding of underlying concepts and principles; the ability to access and evaluate scientific information including knowing how scientific knowledge is created; a high level of cognitive and other generic skills including problem-solving, written and spoken communication and computer literacy and competence in applying knowledge through basic research methods and practice; 2) To provide every graduate with a sufficient depth of knowledge and skills that give opportunities for continued personal intellectual growth - including postgraduate study - for gainful economic activity in a range of careers and for rewarding and constructive contributions to society. 3) To provide society with science graduates who demonstrate initiative and responsibility, who are professional and ethical in their roles within the economy and society and who are able to be intellectual leaders within their society and 4) To produce graduates in all scientific fields in order to increase, widen and transform the leadership base in South Africa, both for innovation and science-based economic and research development and for the education of future generations of scientists, technologists, engineers and other professional people.",APS/AS:,,https://www.unisa.ac.za/sites/corporate/default/Apply-for-admission/Undergraduate-qualifications/Qualifications/All-qualifications/Bachelor-of-Science-in-Life-Sciences-Botany-and-Microbiology-(98053-–-BNM)
Bachelor of Science in Life Sciences Botany and Zoology (with Geography) (98053 - BZG),Botany and Zoology (with Geography),360,,101234,,98053 - BZG,7,"Purpose statement:The purpose of this qualification is: 1) To produce science graduates who have the following attributes - a systematic and coherent body of knowledge and an understanding of underlying concepts and principles; the ability to access and evaluate scientific information including knowing how scientific knowledge is created; a high level of cognitive and other generic skills including problem-solving, written and spoken communication and computer literacy and competence in applying knowledge through basic research methods and practice; 2) To provide every graduate with a sufficient depth of knowledge and skills that give opportunities for continued personal intellectual growth - including postgraduate study - for gainful economic activity in a range of careers and for rewarding and constructive contributions to society. 3) To provide society with science graduates who demonstrate initiative and responsibility, who are professional and ethical in their roles within the economy and society and who are able to be intellectual leaders within their society and 4) To produce graduates in all scientific fields in order to increase, widen and transform the leadership base in South Africa, both for innovation and science-based economic and research development and for the education of future generations of scientists, technologists, engineers and other professional people.",APS/AS:,,https://www.unisa.ac.za/sites/corporate/default/Apply-for-admission/Undergraduate-qualifications/Qualifications/All-qualifications/Bachelor-of-Science-in-Life-Sciences-Botany-and-Zoology-(with-Geography)-(98053-–-BZG)
"Bachelor of Science in Life Sciences Genetics and Zoology (or Botany, Microbiology, Physiology or Biochemistry) (98053 - GZB)","Genetics and Zoology (or Botany, Microbiology, Physiology or Biochemistry)",360,,101234,,98053 - GZB,7,"Purpose statement:The purpose of this qualification is: 1) To produce science graduates who have the following attributes - a systematic and coherent body of knowledge and an understanding of underlying concepts and principles; the ability to access and evaluate scientific information including knowing how scientific knowledge is created; a high level of cognitive and other generic skills including problem-solving, written and spoken communication and computer literacy and competence in applying knowledge through basic research methods and practice; 2) To provide every graduate with a sufficient depth of knowledge and skills that give opportunities for continued personal intellectual growth - including postgraduate study - for gainful economic activity in a range of careers and for rewarding and constructive contributions to society. 3) To provide society with science graduates who demonstrate initiative and responsibility, who are professional and ethical in their roles within the economy and society and who are able to be intellectual leaders within their society and 4) To produce graduates in all scientific fields in order to increase, widen and transform the leadership base in South Africa, both for innovation and science-based economic and research development and for the education of future generations of scientists, technologists, engineers and other professional people.",APS/AS:,,"https://www.unisa.ac.za/sites/corporate/default/Apply-for-admission/Undergraduate-qualifications/Qualifications/All-qualifications/Bachelor-of-Science-in-Life-Sciences-Genetics-and-Zoology-(or-Botany,-Microbiology,-Physiology-or-Biochemistry)-(98053-–-GZB)"
Bachelor of Science in Life Sciences Microbiology and Physiology (98053 - MAP),Microbiology and Physiology,360,,101234,,98053 - MAP,7,"Purpose statement:The purpose of this qualification is: 1) To produce science graduates who have the following attributes - a systematic and coherent body of knowledge and an understanding of underlying concepts and principles; the ability to access and evaluate scientific information including knowing how scientific knowledge is created; a high level of cognitive and other generic skills including problem-solving, written and spoken communication and computer literacy and competence in applying knowledge through basic research methods and practice; 2) To provide every graduate with a sufficient depth of knowledge and skills that give opportunities for continued personal intellectual growth - including postgraduate study - for gainful economic activity in a range of careers and for rewarding and constructive contributions to society. 3) To provide society with science graduates who demonstrate initiative and responsibility, who are professional and ethical in their roles within the economy and society and who are able to be intellectual leaders within their society and 4) To produce graduates in all scientific fields in order to increase, widen and transform the leadership base in South Africa, both for innovation and science-based economic and research development and for the education of future generations of scientists, technologists, engineers and other professional people.",APS/AS:,,https://www.unisa.ac.za/sites/corporate/default/Apply-for-admission/Undergraduate-qualifications/Qualifications/All-qualifications/Bachelor-of-Science-in-Life-Sciences-Microbiology-and-Physiology-(98053-–-MAP)
Bachelor of Science in Life Sciences Microbiology and Zoology (98053 - MAZ),Microbiology and Zoology,360,,101234,,98053 - MAZ,7,"Purpose statement:The purpose of this qualification is: 1) To produce science graduates who have the following attributes - a systematic and coherent body of knowledge and an understanding of underlying concepts and principles; the ability to access and evaluate scientific information including knowing how scientific knowledge is created; a high level of cognitive and other generic skills including problem-solving, written and spoken communication and computer literacy and competence in applying knowledge through basic research methods and practice; 2) To provide every graduate with a sufficient depth of knowledge and skills that give opportunities for continued personal intellectual growth - including postgraduate study - for gainful economic activity in a range of careers and for rewarding and constructive contributions to society. 3) To provide society with science graduates who demonstrate initiative and responsibility, who are professional and ethical in their roles within the economy and society and who are able to be intellectual leaders within their society and 4) To produce graduates in all scientific fields in order to increase, widen and transform the leadership base in South Africa, both for innovation and science-based economic and research development and for the education of future generations of scientists, technologists, engineers and other professional people.",APS/AS:,,https://www.unisa.ac.za/sites/corporate/default/Apply-for-admission/Undergraduate-qualifications/Qualifications/All-qualifications/Bachelor-of-Science-in-Life-Sciences-Microbiology-and-Zoology-(98053-–-MAZ)
Bachelor of Science in Life Sciences Physiology and Zoology (98053 - PAZ),Physiology and Zoology,360,,101234,,98053 - PAZ,7,"Purpose statement:The purpose of this qualification is: 1) To produce science graduates who have the following attributes - a systematic and coherent body of knowledge and an understanding of underlying concepts and principles; the ability to access and evaluate scientific information including knowing how scientific knowledge is created; a high level of cognitive and other generic skills including problem-solving, written and spoken communication and computer literacy and competence in applying knowledge through basic research methods and practice; 2) To provide every graduate with a sufficient depth of knowledge and skills that give opportunities for continued personal intellectual growth - including postgraduate study - for gainful economic activity in a range of careers and for rewarding and constructive contributions to society. 3) To provide society with science graduates who demonstrate initiative and responsibility, who are professional and ethical in their roles within the economy and society and who are able to be intellectual leaders within their society and 4) To produce graduates in all scientific fields in order to increase, widen and transform the leadership base in South Africa, both for innovation and science-based economic and research development and for the education of future generations of scientists, technologists, engineers and other professional people.",APS/AS:,,https://www.unisa.ac.za/sites/corporate/default/Apply-for-admission/Undergraduate-qualifications/Qualifications/All-qualifications/Bachelor-of-Science-in-Life-Sciences-Physiology-and-Zoology-(98053-–-PAZ)
Bachelor of Science in Life Sciences Psychology and Physiology (with Genetics) (98053 - PPG),Psychology and Physiology (with Genetics),360,,101234,,98053 - PPG,7,"
Rules:
Some of the pre-requisites and/or co-requisites outlined in this qualification may not apply as they
do not form part of the curriculum.
",APS/AS:,,https://www.unisa.ac.za/sites/corporate/default/Apply-for-admission/Undergraduate-qualifications/Qualifications/All-qualifications/Bachelor-of-Science-in-Life-Sciences-Psychology-and-Physiology-(with-Genetics)-(98053-–-PPG)
Bachelor of Theology (90160),90160,112113,,20,,7,360,"Purpose statement:The purpose of this qualification is to deliver learners who can critically apply focused analysis, knowledge and skills in the service and leadership - both lay and ordained - of Christian communities, community organisations and society. This interdisciplinary Qualification produces life-long theological learners who are equipped to raise and debate current issues in African and international contexts. The Qualification also seeks to enable learners develop, clarify and articulate a value system from a Christian perspective. This Qualification is intended for consciousness-raising of learners with respect to issues of justice such as gender, social disparity, disability and the environment, and enable them to develop transformative communities, and contribute to the development of the society as a whole. 
","
Rules:This qualification consists of 30 modules. Students should note that during the course of their studies they would be required to have access to a computer or laptop, printer and the internet.",,https://www.unisa.ac.za/sites/corporate/default/Apply-for-admission/Undergraduate-qualifications/Qualifications/All-qualifications/Bachelor-of-Theology-(90160)
